This file contains any messages produced by compilers while
running configure, to aid debugging if configure makes a mistake.

It was created by curl configure -, which was
generated by GNU Autoconf 2.71.  Invocation command line was

  $ ./configure --host=x86_64-linux-musl --prefix=/home/michko/runepkg/runepkg/.forge_musl/deps --enable-static --disable-shared --disable-ldap --disable-ldaps --with-zlib=/home/michko/runepkg/runepkg/.forge_musl/deps --without-ssl --without-libpsl

## --------- ##
## Platform. ##
## --------- ##

hostname = zypherus
uname -m = x86_64
uname -r = 6.6.114.1-microsoft-standard-WSL2
uname -s = Linux
uname -v = #1 SMP PREEMPT_DYNAMIC Mon Dec  1 20:46:23 UTC 2025

/usr/bin/uname -p = unknown
/bin/uname -X     = unknown

/bin/arch              = x86_64
/usr/bin/arch -k       = unknown
/usr/convex/getsysinfo = unknown
/usr/bin/hostinfo      = unknown
/bin/machine           = unknown
/usr/bin/oslevel       = unknown
/bin/universe          = unknown

PATH: /home/michko/runepkg/runepkg/.forge_musl/toolchain/bin/
PATH: /usr/local/sbin/
PATH: /usr/local/bin/
PATH: /usr/sbin/
PATH: /usr/bin/
PATH: /sbin/
PATH: /bin/
PATH: /usr/local/games/
PATH: /usr/games/


## ----------- ##
## Core tests. ##
## ----------- ##

configure:3346: looking for aux files: ltmain.sh config.guess config.sub missing compile install-sh
configure:3359:  trying ./
configure:3388:   ./ltmain.sh found
configure:3388:   ./config.guess found
configure:3388:   ./config.sub found
configure:3388:   ./missing found
configure:3388:   ./compile found
configure:3370:   ./install-sh found
configure:3514: checking whether to enable maintainer-specific portions of Makefiles
configure:3524: result: no
configure:3549: checking whether make supports nested variables
configure:3567: result: yes
configure:3580: checking whether to enable debug build options
configure:3603: result: no
configure:3615: checking whether to enable compiler optimizer
configure:3637: result: (assumed) yes
configure:3649: checking whether to enable strict compiler warnings
configure:3669: result: no
configure:3673: checking whether to enable compiler warnings as errors
configure:3693: result: no
configure:3697: checking whether to enable curl debug memory tracking
configure:3720: result: no
configure:3737: checking whether to enable hiding of library internal symbols
configure:3754: result: yes
configure:3765: checking whether to enable c-ares for DNS lookups
configure:3788: result: no
configure:3792: checking whether to disable dependency on -lrt
configure:3809: result: (assumed no)
configure:3820: checking whether to enable HTTPSRR support
configure:3839: result: no
configure:3851: checking whether to enable ECH support
configure:3870: result: no
configure:3900: checking for path separator
configure:3902: result: :
configure:3922: checking for sed
configure:3946: found /usr/bin/sed
configure:3959: result: /usr/bin/sed
configure:3976: checking for grep
configure:4000: found /usr/bin/grep
configure:4013: result: /usr/bin/grep
configure:4028: checking that grep -E works
configure:4032: result: yes
configure:4401: checking for a BSD-compatible install
configure:4474: result: /usr/bin/install -c
configure:4506: checking for x86_64-linux-musl-gcc
configure:4538: result: x86_64-linux-musl-gcc
configure:4936: checking for C compiler version
configure:4945: x86_64-linux-musl-gcc --version >&5
x86_64-linux-musl-gcc (GCC) 11.2.1 20211120
Copyright (C) 2021 Free Software Foundation, Inc.
This is free software; see the source for copying conditions.  There is NO
warranty; not even for MERCHANTABILITY or FITNESS FOR A PARTICULAR PURPOSE.

configure:4956: $? = 0
configure:4945: x86_64-linux-musl-gcc -v >&5
Using built-in specs.
COLLECT_GCC=x86_64-linux-musl-gcc
COLLECT_LTO_WRAPPER=/home/michko/runepkg/runepkg/.forge_musl/toolchain/bin/../libexec/gcc/x86_64-linux-musl/11.2.1/lto-wrapper
Target: x86_64-linux-musl
Configured with: ../src_gcc/configure --enable-languages=c,c++,fortran CC='gcc -static --static' CXX='g++ -static --static' FC='gfortran -static --static' CFLAGS='-g0 -O2 -fno-align-functions -fno-align-jumps -fno-align-loops -fno-align-labels -Wno-error' CXXFLAGS='-g0 -O2 -fno-align-functions -fno-align-jumps -fno-align-loops -fno-align-labels -Wno-error' FFLAGS='-g0 -O2 -fno-align-functions -fno-align-jumps -fno-align-loops -fno-align-labels -Wno-error' LDFLAGS='-s -static --static' --enable-default-pie --enable-static-pie --disable-cet --disable-bootstrap --disable-assembly --disable-werror --target=x86_64-linux-musl --prefix= --libdir=/lib --disable-multilib --with-sysroot=/x86_64-linux-musl --enable-tls --disable-libmudflap --disable-libsanitizer --disable-gnu-indirect-function --disable-libmpx --enable-initfini-array --enable-libstdcxx-time=rt --enable-deterministic-archives --enable-libstdcxx-time --enable-libquadmath --enable-libquadmath-support --disable-decimal-float --with-build-sysroot=/tmp/m1132/build/local/x86_64-linux-musl/obj_sysroot AR_FOR_TARGET=/tmp/m1132/build/local/x86_64-linux-musl/obj_binutils/binutils/ar AS_FOR_TARGET=/tmp/m1132/build/local/x86_64-linux-musl/obj_binutils/gas/as-new LD_FOR_TARGET=/tmp/m1132/build/local/x86_64-linux-musl/obj_binutils/ld/ld-new NM_FOR_TARGET=/tmp/m1132/build/local/x86_64-linux-musl/obj_binutils/binutils/nm-new OBJCOPY_FOR_TARGET=/tmp/m1132/build/local/x86_64-linux-musl/obj_binutils/binutils/objcopy OBJDUMP_FOR_TARGET=/tmp/m1132/build/local/x86_64-linux-musl/obj_binutils/binutils/objdump RANLIB_FOR_TARGET=/tmp/m1132/build/local/x86_64-linux-musl/obj_binutils/binutils/ranlib READELF_FOR_TARGET=/tmp/m1132/build/local/x86_64-linux-musl/obj_binutils/binutils/readelf STRIP_FOR_TARGET=/tmp/m1132/build/local/x86_64-linux-musl/obj_binutils/binutils/strip-new --build=x86_64-pc-linux-muslx32 --host=x86_64-pc-linux-muslx32
Thread model: posix
Supported LTO compression algorithms: zlib
gcc version 11.2.1 20211120 (GCC) 
configure:4956: $? = 0
configure:4945: x86_64-linux-musl-gcc -V >&5
x86_64-linux-musl-gcc: error: unrecognized command-line option '-V'
x86_64-linux-musl-gcc: fatal error: no input files
compilation terminated.
configure:4956: $? = 1
configure:4945: x86_64-linux-musl-gcc -qversion >&5
x86_64-linux-musl-gcc: error: unrecognized command-line option '-qversion'; did you mean '--version'?
x86_64-linux-musl-gcc: fatal error: no input files
compilation terminated.
configure:4956: $? = 1
configure:4945: x86_64-linux-musl-gcc -version >&5
x86_64-linux-musl-gcc: error: unrecognized command-line option '-version'
x86_64-linux-musl-gcc: fatal error: no input files
compilation terminated.
configure:4956: $? = 1
configure:4975: checking whether the C compiler works
configure:4997: x86_64-linux-musl-gcc    conftest.c  >&5
configure:5001: $? = 0
configure:5051: result: yes
configure:5054: checking for C compiler default output file name
configure:5056: result: a.out
configure:5062: checking for suffix of executables
configure:5069: x86_64-linux-musl-gcc -o conftest    conftest.c  >&5
configure:5073: $? = 0
configure:5096: result: 
configure:5117: checking whether we are cross compiling
configure:5125: x86_64-linux-musl-gcc -o conftest    conftest.c  >&5
configure:5129: $? = 0
configure:5136: ./conftest
configure:5140: $? = 0
configure:5155: result: no
configure:5160: checking for suffix of object files
configure:5182: x86_64-linux-musl-gcc -c   conftest.c >&5
configure:5186: $? = 0
configure:5208: result: o
configure:5212: checking whether the compiler supports GNU C
configure:5231: x86_64-linux-musl-gcc -c   conftest.c >&5
configure:5231: $? = 0
configure:5241: result: yes
configure:5252: checking whether x86_64-linux-musl-gcc accepts -g
configure:5272: x86_64-linux-musl-gcc -c -g  conftest.c >&5
configure:5272: $? = 0
configure:5314: result: yes
configure:5334: checking for x86_64-linux-musl-gcc option to enable C11 features
configure:5349: x86_64-linux-musl-gcc  -c -g -O2  conftest.c >&5
configure:5349: $? = 0
configure:5367: result: none needed
configure:5483: checking whether x86_64-linux-musl-gcc understands -c and -o together
configure:5505: x86_64-linux-musl-gcc -c conftest.c -o conftest2.o
configure:5508: $? = 0
configure:5505: x86_64-linux-musl-gcc -c conftest.c -o conftest2.o
configure:5508: $? = 0
configure:5520: result: yes
configure:5543: checking how to run the C preprocessor
configure:5569: x86_64-linux-musl-gcc -E  conftest.c
configure:5569: $? = 0
configure:5584: x86_64-linux-musl-gcc -E  conftest.c
conftest.c:9:10: fatal error: ac_nonexistent.h: No such file or directory
    9 | #include <ac_nonexistent.h>
      |          ^~~~~~~~~~~~~~~~~~
compilation terminated.
configure:5584: $? = 1
configure: failed program was:
| /* confdefs.h */
| #define PACKAGE_NAME "curl"
| #define PACKAGE_TARNAME "curl"
| #define PACKAGE_VERSION "-"
| #define PACKAGE_STRING "curl -"
| #define PACKAGE_BUGREPORT "a suitable curl mailing list: https://curl.se/mail/"
| #define PACKAGE_URL ""
| /* end confdefs.h.  */
| #include <ac_nonexistent.h>
configure:5611: result: x86_64-linux-musl-gcc -E
configure:5625: x86_64-linux-musl-gcc -E  conftest.c
configure:5625: $? = 0
configure:5640: x86_64-linux-musl-gcc -E  conftest.c
conftest.c:9:10: fatal error: ac_nonexistent.h: No such file or directory
    9 | #include <ac_nonexistent.h>
      |          ^~~~~~~~~~~~~~~~~~
compilation terminated.
configure:5640: $? = 1
configure: failed program was:
| /* confdefs.h */
| #define PACKAGE_NAME "curl"
| #define PACKAGE_TARNAME "curl"
| #define PACKAGE_VERSION "-"
| #define PACKAGE_STRING "curl -"
| #define PACKAGE_BUGREPORT "a suitable curl mailing list: https://curl.se/mail/"
| #define PACKAGE_URL ""
| /* end confdefs.h.  */
| #include <ac_nonexistent.h>
configure:5686: checking for stdio.h
configure:5686: x86_64-linux-musl-gcc -c   conftest.c >&5
configure:5686: $? = 0
configure:5686: result: yes
configure:5686: checking for stdlib.h
configure:5686: x86_64-linux-musl-gcc -c   conftest.c >&5
configure:5686: $? = 0
configure:5686: result: yes
configure:5686: checking for string.h
configure:5686: x86_64-linux-musl-gcc -c   conftest.c >&5
configure:5686: $? = 0
configure:5686: result: yes
configure:5686: checking for inttypes.h
configure:5686: x86_64-linux-musl-gcc -c   conftest.c >&5
configure:5686: $? = 0
configure:5686: result: yes
configure:5686: checking for stdint.h
configure:5686: x86_64-linux-musl-gcc -c   conftest.c >&5
configure:5686: $? = 0
configure:5686: result: yes
configure:5686: checking for strings.h
configure:5686: x86_64-linux-musl-gcc -c   conftest.c >&5
configure:5686: $? = 0
configure:5686: result: yes
configure:5686: checking for sys/stat.h
configure:5686: x86_64-linux-musl-gcc -c   conftest.c >&5
configure:5686: $? = 0
configure:5686: result: yes
configure:5686: checking for sys/types.h
configure:5686: x86_64-linux-musl-gcc -c   conftest.c >&5
configure:5686: $? = 0
configure:5686: result: yes
configure:5686: checking for unistd.h
configure:5686: x86_64-linux-musl-gcc -c   conftest.c >&5
configure:5686: $? = 0
configure:5686: result: yes
configure:5714: checking for stdatomic.h
configure:5714: x86_64-linux-musl-gcc -c   conftest.c >&5
configure:5714: $? = 0
configure:5714: result: yes
configure:5719: checking if _Atomic is available
configure:5738: x86_64-linux-musl-gcc -o conftest    conftest.c  >&5
configure:5738: $? = 0
configure:5741: result: yes
configure:5763: checking for a sed that does not truncate output
configure:5833: result: /usr/bin/sed
configure:5841: checking for code coverage support
configure:5857: result: no
configure:6022: checking whether build environment is sane
configure:6077: result: yes
configure:6232: checking for a race-free mkdir -p
configure:6276: result: /usr/bin/mkdir -p
configure:6283: checking for gawk
configure:6304: found /usr/bin/gawk
configure:6315: result: gawk
configure:6326: checking whether make sets $(MAKE)
configure:6349: result: yes
configure:6371: checking whether make supports the include directive
configure:6386: make -f confmf.GNU && cat confinc.out
make[1]: Entering directory '/home/michko/runepkg/runepkg/.forge_musl/build/curl-8.9.1'
make[1]: Leaving directory '/home/michko/runepkg/runepkg/.forge_musl/build/curl-8.9.1'
this is the am__doit target
configure:6389: $? = 0
configure:6408: result: yes (GNU style)
configure:6505: checking dependency style of x86_64-linux-musl-gcc
configure:6617: result: gcc3
configure:6694: checking curl version
configure:6696: result: 8.9.1
configure:7007: checking for httpd
configure:7045: result: no
configure:7053: checking for apache2
configure:7091: result: no
configure:7099: checking for apachectl
configure:7137: result: no
configure:7144: checking for apxs
configure:7182: result: no
configure:7188: httpd/apache2 not in PATH, http tests disabled
configure:7193: apxs not in PATH, http tests disabled
configure:7233: checking for nghttpx
configure:7272: result: no
configure:7285: checking for caddy
configure:7320: result: /usr/bin/caddy
configure:7365: checking build system type
configure:7380: result: x86_64-pc-linux-musl
configure:7400: checking host system type
configure:7414: result: x86_64-pc-linux-musl
configure:7443: checking for grep that handles long lines and -e
configure:7507: result: /usr/bin/grep
configure:7512: checking for egrep
configure:7580: result: /usr/bin/grep -E
configure:7587: checking if OS is AIX (to define _ALL_SOURCE)
configure:7608: result: no
configure:7618: checking if _THREAD_SAFE is already defined
configure:7639: x86_64-linux-musl-gcc -c   conftest.c >&5
conftest.c: In function 'main':
conftest.c:33:8: error: #error force compilation error
   33 |       #error force compilation error
      |        ^~~~~
configure:7639: $? = 1
configure: failed program was:
| /* confdefs.h */
| #define PACKAGE_NAME "curl"
| #define PACKAGE_TARNAME "curl"
| #define PACKAGE_VERSION "-"
| #define PACKAGE_STRING "curl -"
| #define PACKAGE_BUGREPORT "a suitable curl mailing list: https://curl.se/mail/"
| #define PACKAGE_URL ""
| #define HAVE_STDIO_H 1
| #define HAVE_STDLIB_H 1
| #define HAVE_STRING_H 1
| #define HAVE_INTTYPES_H 1
| #define HAVE_STDINT_H 1
| #define HAVE_STRINGS_H 1
| #define HAVE_SYS_STAT_H 1
| #define HAVE_SYS_TYPES_H 1
| #define HAVE_UNISTD_H 1
| #define STDC_HEADERS 1
| #define HAVE_STDATOMIC_H 1
| #define HAVE_ATOMIC 1
| #define PACKAGE "curl"
| #define VERSION "-"
| #define OS "x86_64-pc-linux-musl"
| /* end confdefs.h.  */
| 
| 
| 
| int main (void)
| {
| 
| #ifdef _THREAD_SAFE
|       int dummy=1;
| #else
|       #error force compilation error
| #endif
| 
|  ;
|  return 0;
| }
| 
configure:7648: result: no
configure:7656: checking if _THREAD_SAFE is actually needed
configure:7675: result: no
configure:7680: checking if _THREAD_SAFE is onwards defined
configure:7697: result: no
configure:7704: checking if _REENTRANT is already defined
configure:7725: x86_64-linux-musl-gcc -c   conftest.c >&5
conftest.c: In function 'main':
conftest.c:33:8: error: #error force compilation error
   33 |       #error force compilation error
      |        ^~~~~
configure:7725: $? = 1
configure: failed program was:
| /* confdefs.h */
| #define PACKAGE_NAME "curl"
| #define PACKAGE_TARNAME "curl"
| #define PACKAGE_VERSION "-"
| #define PACKAGE_STRING "curl -"
| #define PACKAGE_BUGREPORT "a suitable curl mailing list: https://curl.se/mail/"
| #define PACKAGE_URL ""
| #define HAVE_STDIO_H 1
| #define HAVE_STDLIB_H 1
| #define HAVE_STRING_H 1
| #define HAVE_INTTYPES_H 1
| #define HAVE_STDINT_H 1
| #define HAVE_STRINGS_H 1
| #define HAVE_SYS_STAT_H 1
| #define HAVE_SYS_TYPES_H 1
| #define HAVE_UNISTD_H 1
| #define STDC_HEADERS 1
| #define HAVE_STDATOMIC_H 1
| #define HAVE_ATOMIC 1
| #define PACKAGE "curl"
| #define VERSION "-"
| #define OS "x86_64-pc-linux-musl"
| /* end confdefs.h.  */
| 
| 
| 
| int main (void)
| {
| 
| #ifdef _REENTRANT
|       int dummy=1;
| #else
|       #error force compilation error
| #endif
| 
|  ;
|  return 0;
| }
| 
configure:7734: result: no
configure:7742: checking if _REENTRANT is actually needed
configure:7773: x86_64-linux-musl-gcc -c   conftest.c >&5
configure:7773: $? = 0
configure:7805: x86_64-linux-musl-gcc -c   conftest.c >&5
configure:7805: $? = 0
configure:7878: x86_64-linux-musl-gcc -o conftest    conftest.c  >&5
configure:7878: $? = 0
configure:7960: x86_64-linux-musl-gcc -o conftest    conftest.c  >&5
configure:7960: $? = 0
configure:8042: x86_64-linux-musl-gcc -o conftest    conftest.c  >&5
configure:8042: $? = 0
configure:8124: x86_64-linux-musl-gcc -o conftest    conftest.c  >&5
configure:8124: $? = 0
configure:8206: x86_64-linux-musl-gcc -o conftest    conftest.c  >&5
configure:8206: $? = 0
configure:8288: x86_64-linux-musl-gcc -o conftest    conftest.c  >&5
/home/michko/runepkg/runepkg/.forge_musl/toolchain/bin/../lib/gcc/x86_64-linux-musl/11.2.1/../../../../x86_64-linux-musl/bin/ld: /tmp/ccChbIEP.o: in function `main':
conftest.c:(.text+0xa): undefined reference to `getprotobyname_r'
collect2: error: ld returned 1 exit status
configure:8288: $? = 1
configure: failed program was:
| /* confdefs.h */
| #define PACKAGE_NAME "curl"
| #define PACKAGE_TARNAME "curl"
| #define PACKAGE_VERSION "-"
| #define PACKAGE_STRING "curl -"
| #define PACKAGE_BUGREPORT "a suitable curl mailing list: https://curl.se/mail/"
| #define PACKAGE_URL ""
| #define HAVE_STDIO_H 1
| #define HAVE_STDLIB_H 1
| #define HAVE_STRING_H 1
| #define HAVE_INTTYPES_H 1
| #define HAVE_STDINT_H 1
| #define HAVE_STRINGS_H 1
| #define HAVE_SYS_STAT_H 1
| #define HAVE_SYS_TYPES_H 1
| #define HAVE_UNISTD_H 1
| #define STDC_HEADERS 1
| #define HAVE_STDATOMIC_H 1
| #define HAVE_ATOMIC 1
| #define PACKAGE "curl"
| #define VERSION "-"
| #define OS "x86_64-pc-linux-musl"
| /* end confdefs.h.  */
| 
| 
| #define getprotobyname_r innocuous_getprotobyname_r
| #ifdef __STDC__
| # include <limits.h>
| #else
| # include <assert.h>
| #endif
| #undef getprotobyname_r
| #ifdef __cplusplus
| extern "C"
| #endif
| char getprotobyname_r ();
| #if defined __stub_getprotobyname_r || defined __stub___getprotobyname_r
| choke me
| #endif
| 
| int main (void)
| {
| return getprotobyname_r ();
|  ;
|  return 0;
| }
| 
configure:8347: result: no
configure:8352: checking if _REENTRANT is onwards defined
configure:8369: result: no
configure:8383: checking for special C compiler options needed for large files
configure:8430: result: no
configure:8436: checking for _FILE_OFFSET_BITS value needed for large files
configure:8461: x86_64-linux-musl-gcc -c   conftest.c >&5
configure:8461: $? = 0
configure:8494: result: no
configure:8622: checking how to print strings
configure:8649: result: printf
configure:8670: checking for a sed that does not truncate output
configure:8740: result: /usr/bin/sed
configure:8758: checking for fgrep
configure:8826: result: /usr/bin/grep -F
configure:8862: checking for ld used by x86_64-linux-musl-gcc
configure:8930: result: /home/michko/runepkg/runepkg/.forge_musl/toolchain/x86_64-linux-musl/bin/ld
configure:8937: checking if the linker (/home/michko/runepkg/runepkg/.forge_musl/toolchain/x86_64-linux-musl/bin/ld) is GNU ld
configure:8953: result: yes
configure:8965: checking for BSD- or MS-compatible name lister (nm)
configure:9020: result: /home/michko/runepkg/runepkg/.forge_musl/toolchain/bin/x86_64-linux-musl-nm -B
configure:9160: checking the name lister (/home/michko/runepkg/runepkg/.forge_musl/toolchain/bin/x86_64-linux-musl-nm -B) interface
configure:9168: x86_64-linux-musl-gcc -c   conftest.c >&5
configure:9171: /home/michko/runepkg/runepkg/.forge_musl/toolchain/bin/x86_64-linux-musl-nm -B "conftest.o"
configure:9174: output
0000000000000000 B some_variable
configure:9181: result: BSD nm
configure:9184: checking whether ln -s works
configure:9188: result: yes
configure:9196: checking the maximum length of command line arguments
configure:9328: result: 1572864
configure:9376: checking how to convert x86_64-pc-linux-musl file names to x86_64-pc-linux-musl format
configure:9417: result: func_convert_file_noop
configure:9424: checking how to convert x86_64-pc-linux-musl file names to toolchain format
configure:9445: result: func_convert_file_noop
configure:9452: checking for /home/michko/runepkg/runepkg/.forge_musl/toolchain/x86_64-linux-musl/bin/ld option to reload object files
configure:9460: result: -r
configure:9494: checking for x86_64-linux-musl-file
configure:9529: result: no
configure:9539: checking for file
configure:9560: found /usr/bin/file
configure:9571: result: file
configure:9602: checking for x86_64-linux-musl-objdump
configure:9623: found /home/michko/runepkg/runepkg/.forge_musl/toolchain/bin/x86_64-linux-musl-objdump
configure:9634: result: x86_64-linux-musl-objdump
configure:9708: checking how to recognize dependent libraries
configure:9909: result: pass_all
configure:9954: checking for x86_64-linux-musl-dlltool
configure:9989: result: no
configure:9999: checking for dlltool
configure:10034: result: no
configure:10061: checking how to associate runtime and link libraries
configure:10089: result: printf %s\n
configure:10105: checking for x86_64-linux-musl-ar
configure:10137: result: x86_64-linux-musl-ar
configure:10239: checking for archiver @FILE support
configure:10256: x86_64-linux-musl-gcc -c   conftest.c >&5
configure:10256: $? = 0
configure:10260: x86_64-linux-musl-ar cr libconftest.a @conftest.lst >&5
configure:10263: $? = 0
configure:10268: x86_64-linux-musl-ar cr libconftest.a @conftest.lst >&5
x86_64-linux-musl-ar: conftest.o: No such file or directory
configure:10271: $? = 1
configure:10283: result: @
configure:10301: checking for x86_64-linux-musl-strip
configure:10322: found /home/michko/runepkg/runepkg/.forge_musl/toolchain/bin/x86_64-linux-musl-strip
configure:10333: result: x86_64-linux-musl-strip
configure:10410: checking for x86_64-linux-musl-ranlib
configure:10442: result: x86_64-linux-musl-ranlib
configure:10589: checking command to parse /home/michko/runepkg/runepkg/.forge_musl/toolchain/bin/x86_64-linux-musl-nm -B output from x86_64-linux-musl-gcc object
configure:10743: x86_64-linux-musl-gcc -c   conftest.c >&5
configure:10746: $? = 0
configure:10750: /home/michko/runepkg/runepkg/.forge_musl/toolchain/bin/x86_64-linux-musl-nm -B conftest.o | /usr/bin/sed -n -e 's/^.*[	 ]\([ABCDGIRSTW][ABCDGIRSTW]*\)[	 ][	 ]*\([_A-Za-z][_A-Za-z0-9]*\)$/\1 \2 \2/p' | /usr/bin/sed '/ __gnu_lto/d' > conftest.nm
configure:10816: x86_64-linux-musl-gcc -o conftest    conftest.c conftstm.o >&5
configure:10819: $? = 0
configure:10857: result: ok
configure:10904: checking for sysroot
configure:10935: result: no
configure:10942: checking for a working dd
configure:10986: result: /usr/bin/dd
configure:10990: checking how to truncate binary pipes
configure:11006: result: /usr/bin/dd bs=4096 count=1
configure:11143: x86_64-linux-musl-gcc -c   conftest.c >&5
configure:11146: $? = 0
configure:11297: checking for x86_64-linux-musl-mt
configure:11332: result: no
configure:11342: checking for mt
configure:11363: found /usr/bin/mt
configure:11374: result: mt
configure:11397: checking if mt is a manifest tool
configure:11404: mt '-?'
configure:11412: result: no
configure:12132: checking for dlfcn.h
configure:12132: x86_64-linux-musl-gcc -c   conftest.c >&5
configure:12132: $? = 0
configure:12132: result: yes
configure:12826: checking for objdir
configure:12842: result: .libs
configure:13106: checking if x86_64-linux-musl-gcc supports -fno-rtti -fno-exceptions
configure:13125: x86_64-linux-musl-gcc -c   -fno-rtti -fno-exceptions conftest.c >&5
cc1: warning: command-line option '-fno-rtti' is valid for C++/D/ObjC++ but not for C
configure:13129: $? = 0
configure:13142: result: no
configure:13506: checking for x86_64-linux-musl-gcc option to produce PIC
configure:13514: result: -fPIC -DPIC
configure:13522: checking if x86_64-linux-musl-gcc PIC flag -fPIC -DPIC works
configure:13541: x86_64-linux-musl-gcc -c   -fPIC -DPIC -DPIC conftest.c >&5
configure:13545: $? = 0
configure:13558: result: yes
configure:13587: checking if x86_64-linux-musl-gcc static flag -static works
configure:13616: result: yes
configure:13631: checking if x86_64-linux-musl-gcc supports -c -o file.o
configure:13653: x86_64-linux-musl-gcc -c   -o out/conftest2.o conftest.c >&5
configure:13657: $? = 0
configure:13679: result: yes
configure:13687: checking if x86_64-linux-musl-gcc supports -c -o file.o
configure:13735: result: yes
configure:13768: checking whether the x86_64-linux-musl-gcc linker (/home/michko/runepkg/runepkg/.forge_musl/toolchain/x86_64-linux-musl/bin/ld -m elf_x86_64) supports shared libraries
configure:15040: result: yes
configure:15281: checking dynamic linker characteristics
configure:15862: x86_64-linux-musl-gcc -o conftest    -Wl,-rpath -Wl,/foo conftest.c  >&5
configure:15862: $? = 0
configure:16113: result: GNU/Linux ld.so
configure:16235: checking how to hardcode library paths into programs
configure:16260: result: immediate
configure:16812: checking whether stripping libraries is possible
configure:16821: result: yes
configure:16863: checking if libtool supports shared libraries
configure:16865: result: yes
configure:16868: checking whether to build shared libraries
configure:16893: result: no
configure:16896: checking whether to build static libraries
configure:16900: result: yes
configure:16971: checking whether to build shared libraries with -version-info
configure:16982: result: yes
configure:16989: checking whether to build shared libraries with -no-undefined
configure:17002: result: no
configure:17009: checking whether to build shared libraries with -mimpure-text
configure:17019: result: no
configure:17046: checking whether to build shared libraries with PIC
configure:17048: result: yes
configure:17050: checking whether to build static libraries with PIC
configure:17052: result: yes
configure:17059: checking whether to build shared libraries only
configure:17067: result: no
configure:17074: checking whether to build static libraries only
configure:17082: result: yes
configure:17091: checking for x86_64-linux-musl-windres
configure:17126: result: no
configure:17136: checking for windres
configure:17171: result: no
configure:17355: checking if cpp -P is needed
configure:17373: result: yes
configure:17377: checking if cpp -P works
configure:17397: result: yes
configure:17428: checking if compiler is DEC/Compaq/HP C
configure:17452: x86_64-linux-musl-gcc -E  -P conftest.c
configure:17452: $? = 0
configure:17497: x86_64-linux-musl-gcc -E  -P conftest.c
configure:17497: $? = 0
configure:17530: result: no
configure:17535: checking if compiler is HP-UX C
configure:17559: x86_64-linux-musl-gcc -E  -P conftest.c
configure:17559: $? = 0
configure:17591: result: no
configure:17596: checking if compiler is IBM C
configure:17620: x86_64-linux-musl-gcc -E  -P conftest.c
configure:17620: $? = 0
configure:17660: result: no
configure:17665: checking if compiler is Intel C
configure:17689: x86_64-linux-musl-gcc -E  -P conftest.c
configure:17689: $? = 0
configure:17779: result: no
configure:17784: checking if compiler is clang
configure:17808: x86_64-linux-musl-gcc -E  -P conftest.c
configure:17808: $? = 0
configure:17930: result: no
configure:17935: checking if compiler is GNU C
configure:17959: x86_64-linux-musl-gcc -E  -P conftest.c
configure:17959: $? = 0
configure:17984: result: yes
configure:17987: checking compiler version
configure:17998: result: gcc '1102' (raw: '11.2.1')
configure:18275: checking if compiler is SunPro C
configure:18299: x86_64-linux-musl-gcc -E  -P conftest.c
configure:18299: $? = 0
configure:18331: result: no
configure:18336: checking if compiler is Tiny C
configure:18360: x86_64-linux-musl-gcc -E  -P conftest.c
configure:18360: $? = 0
configure:18392: result: no
configure:18414: checking whether build target is a native Windows one
configure:18440: x86_64-linux-musl-gcc -c   conftest.c >&5
conftest.c: In function 'main':
conftest.c:35:9: error: unknown type name 'Not'
   35 |         Not a native Windows build target.
      |         ^~~
conftest.c:35:15: error: expected '=', ',', ';', 'asm' or '__attribute__' before 'native'
   35 |         Not a native Windows build target.
      |               ^~~~~~
configure:18440: $? = 1
configure: failed program was:
| /* confdefs.h */
| #define PACKAGE_NAME "curl"
| #define PACKAGE_TARNAME "curl"
| #define PACKAGE_VERSION "-"
| #define PACKAGE_STRING "curl -"
| #define PACKAGE_BUGREPORT "a suitable curl mailing list: https://curl.se/mail/"
| #define PACKAGE_URL ""
| #define HAVE_STDIO_H 1
| #define HAVE_STDLIB_H 1
| #define HAVE_STRING_H 1
| #define HAVE_INTTYPES_H 1
| #define HAVE_STDINT_H 1
| #define HAVE_STRINGS_H 1
| #define HAVE_SYS_STAT_H 1
| #define HAVE_SYS_TYPES_H 1
| #define HAVE_UNISTD_H 1
| #define STDC_HEADERS 1
| #define HAVE_STDATOMIC_H 1
| #define HAVE_ATOMIC 1
| #define PACKAGE "curl"
| #define VERSION "-"
| #define OS "x86_64-pc-linux-musl"
| #define HAVE_DLFCN_H 1
| #define LT_OBJDIR ".libs/"
| /* end confdefs.h.  */
| 
| 
| 
| int main (void)
| {
| 
| #ifdef _WIN32
|         int dummy=1;
| #else
|         Not a native Windows build target.
| #endif
| 
|  ;
|  return 0;
| }
| 
configure:18453: result: no
configure:18562: checking if compiler accepts some basic options
configure:18586: x86_64-linux-musl-gcc -c -Werror-implicit-function-declaration  conftest.c >&5
configure:18586: $? = 0
configure:18617: x86_64-linux-musl-gcc -o conftest -Werror-implicit-function-declaration   conftest.c  >&5
configure:18617: $? = 0
configure:18712: sh ./run-compiler -o conftest -Werror-implicit-function-declaration   conftest.c  >&5
configure:18712: $? = 0
configure:18712: ./conftest
configure:18712: $? = 0
configure:18735: result: yes
configure:18737: compiler options added: -Werror-implicit-function-declaration 
configure:18798: checking if compiler optimizer assumed setting might be used
configure:18836: result: yes
configure:18882: checking if compiler accepts optimizer enabling options
configure:18918: x86_64-linux-musl-gcc -c -Werror-implicit-function-declaration -O2  conftest.c >&5
configure:18918: $? = 0
configure:18949: x86_64-linux-musl-gcc -o conftest -Werror-implicit-function-declaration -O2   conftest.c  >&5
configure:18949: $? = 0
configure:19044: sh ./run-compiler -o conftest -Werror-implicit-function-declaration -O2   conftest.c  >&5
configure:19044: $? = 0
configure:19044: ./conftest
configure:19044: $? = 0
configure:19067: result: yes
configure:19069: compiler options added: -O2
configure:21017: checking if compiler accepts strict warning options
configure:21041: x86_64-linux-musl-gcc -c -Werror-implicit-function-declaration -O2 -Wno-system-headers  conftest.c >&5
configure:21041: $? = 0
configure:21072: x86_64-linux-musl-gcc -o conftest -Werror-implicit-function-declaration -O2 -Wno-system-headers   conftest.c  >&5
configure:21072: $? = 0
configure:21167: sh ./run-compiler -o conftest -Werror-implicit-function-declaration -O2 -Wno-system-headers   conftest.c  >&5
configure:21167: $? = 0
configure:21167: ./conftest
configure:21167: $? = 0
configure:21190: result: yes
configure:21192: compiler options added: -Wno-system-headers 
configure:21235: checking if compiler halts on compilation errors
configure:21252: x86_64-linux-musl-gcc -c -Werror-implicit-function-declaration -O2 -Wno-system-headers  conftest.c >&5
conftest.c: In function 'main':
conftest.c:32:7: error: unknown type name 'force'
   32 |       force compilation error
      |       ^~~~~
conftest.c:32:25: error: expected '=', ',', ';', 'asm' or '__attribute__' before 'error'
   32 |       force compilation error
      |                         ^~~~~
configure:21252: $? = 1
configure: failed program was:
| /* confdefs.h */
| #define PACKAGE_NAME "curl"
| #define PACKAGE_TARNAME "curl"
| #define PACKAGE_VERSION "-"
| #define PACKAGE_STRING "curl -"
| #define PACKAGE_BUGREPORT "a suitable curl mailing list: https://curl.se/mail/"
| #define PACKAGE_URL ""
| #define HAVE_STDIO_H 1
| #define HAVE_STDLIB_H 1
| #define HAVE_STRING_H 1
| #define HAVE_INTTYPES_H 1
| #define HAVE_STDINT_H 1
| #define HAVE_STRINGS_H 1
| #define HAVE_SYS_STAT_H 1
| #define HAVE_SYS_TYPES_H 1
| #define HAVE_UNISTD_H 1
| #define STDC_HEADERS 1
| #define HAVE_STDATOMIC_H 1
| #define HAVE_ATOMIC 1
| #define PACKAGE "curl"
| #define VERSION "-"
| #define OS "x86_64-pc-linux-musl"
| #define HAVE_DLFCN_H 1
| #define LT_OBJDIR ".libs/"
| /* end confdefs.h.  */
| 
| 
| 
| int main (void)
| {
| 
|       force compilation error
| 
|  ;
|  return 0;
| }
| 
configure:21261: result: yes
configure:21268: checking if compiler halts on negative sized arrays
configure:21286: x86_64-linux-musl-gcc -c -Werror-implicit-function-declaration -O2 -Wno-system-headers  conftest.c >&5
conftest.c:28:20: error: size of array 'bad_t' is negative
   28 |       typedef char bad_t[sizeof(char) == sizeof(int) ? -1 : -1 ];
      |                    ^~~~~
configure:21286: $? = 1
configure: failed program was:
| /* confdefs.h */
| #define PACKAGE_NAME "curl"
| #define PACKAGE_TARNAME "curl"
| #define PACKAGE_VERSION "-"
| #define PACKAGE_STRING "curl -"
| #define PACKAGE_BUGREPORT "a suitable curl mailing list: https://curl.se/mail/"
| #define PACKAGE_URL ""
| #define HAVE_STDIO_H 1
| #define HAVE_STDLIB_H 1
| #define HAVE_STRING_H 1
| #define HAVE_INTTYPES_H 1
| #define HAVE_STDINT_H 1
| #define HAVE_STRINGS_H 1
| #define HAVE_SYS_STAT_H 1
| #define HAVE_SYS_TYPES_H 1
| #define HAVE_UNISTD_H 1
| #define STDC_HEADERS 1
| #define HAVE_STDATOMIC_H 1
| #define HAVE_ATOMIC 1
| #define PACKAGE "curl"
| #define VERSION "-"
| #define OS "x86_64-pc-linux-musl"
| #define HAVE_DLFCN_H 1
| #define LT_OBJDIR ".libs/"
| /* end confdefs.h.  */
| 
| 
|       typedef char bad_t[sizeof(char) == sizeof(int) ? -1 : -1 ];
| 
| int main (void)
| {
| 
|       bad_t dummy;
| 
|  ;
|  return 0;
| }
| 
configure:21295: result: yes
configure:21302: checking if compiler halts on function prototype mismatch
configure:21331: x86_64-linux-musl-gcc -c -Werror-implicit-function-declaration -O2 -Wno-system-headers  conftest.c >&5
conftest.c:29:11: error: conflicting types for 'rand'; have 'int(int)'
   29 |       int rand(int n);
      |           ^~~~
In file included from conftest.c:28:
/home/michko/runepkg/runepkg/.forge_musl/toolchain/x86_64-linux-musl/include/stdlib.h:35:5: note: previous declaration of 'rand' with type 'int(void)'
   35 | int rand (void);
      |     ^~~~
conftest.c:30:11: error: conflicting types for 'rand'; have 'int(int)'
   30 |       int rand(int n)
      |           ^~~~
In file included from conftest.c:28:
/home/michko/runepkg/runepkg/.forge_musl/toolchain/x86_64-linux-musl/include/stdlib.h:35:5: note: previous declaration of 'rand' with type 'int(void)'
   35 | int rand (void);
      |     ^~~~
configure:21331: $? = 1
configure: failed program was:
| /* confdefs.h */
| #define PACKAGE_NAME "curl"
| #define PACKAGE_TARNAME "curl"
| #define PACKAGE_VERSION "-"
| #define PACKAGE_STRING "curl -"
| #define PACKAGE_BUGREPORT "a suitable curl mailing list: https://curl.se/mail/"
| #define PACKAGE_URL ""
| #define HAVE_STDIO_H 1
| #define HAVE_STDLIB_H 1
| #define HAVE_STRING_H 1
| #define HAVE_INTTYPES_H 1
| #define HAVE_STDINT_H 1
| #define HAVE_STRINGS_H 1
| #define HAVE_SYS_STAT_H 1
| #define HAVE_SYS_TYPES_H 1
| #define HAVE_UNISTD_H 1
| #define STDC_HEADERS 1
| #define HAVE_STDATOMIC_H 1
| #define HAVE_ATOMIC 1
| #define PACKAGE "curl"
| #define VERSION "-"
| #define OS "x86_64-pc-linux-musl"
| #define HAVE_DLFCN_H 1
| #define LT_OBJDIR ".libs/"
| /* end confdefs.h.  */
| 
| 
| #     include <stdlib.h>
|       int rand(int n);
|       int rand(int n)
|       {
|         if(n)
|           return ++n;
|         else
|           return n;
|       }
| 
| int main (void)
| {
| 
|       int i[2]={0,0};
|       int j = rand(i[0]);
|       if(j)
|         return j;
| 
|  ;
|  return 0;
| }
| 
configure:21340: result: yes
configure:21347: checking if compiler supports hiding library internal symbols
configure:21442: x86_64-linux-musl-gcc -c -Werror-implicit-function-declaration -O2 -Wno-system-headers -fvisibility=hidden  conftest.c >&5
configure:21442: $? = 0
configure:21466: result: yes
configure:21522: checking whether build target supports WIN32 file API
configure:21603: result: no
configure:21609: checking whether build target supports WIN32 crypto API
configure:21657: result: no
configure:21672: checking for good-to-use Darwin CFLAGS
configure:21674: result: no
configure:21761: checking whether to support http
configure:21800: result: yes
configure:21805: checking whether to support ftp
configure:21825: result: yes
configure:21830: checking whether to support file
configure:21850: result: yes
configure:21855: checking whether to support ldap
configure:21862: result: no
configure:21887: checking whether to support ldaps
configure:21894: result: no
configure:22244: checking whether to support rtsp
configure:22271: result: yes
configure:22283: checking whether to support proxies
configure:22304: result: yes
configure:22310: checking whether to support dict
configure:22330: result: yes
configure:22335: checking whether to support telnet
configure:22355: result: yes
configure:22360: checking whether to support tftp
configure:22380: result: yes
configure:22386: checking whether to support pop3
configure:22406: result: yes
configure:22413: checking whether to support imap
configure:22433: result: yes
configure:22440: checking whether to support smb
configure:22460: result: yes
configure:22466: checking whether to support smtp
configure:22486: result: yes
configure:22492: checking whether to support gopher
configure:22512: result: yes
configure:22518: checking whether to support mqtt
configure:22538: result: no
configure:22545: checking whether to provide built-in manual
configure:22561: result: yes
configure:22569: checking whether to build documentation
configure:22588: result: yes
configure:22596: checking whether to enable generation of C code
configure:22615: result: yes
configure:22622: checking whether to use libgcc
configure:22638: result: no
configure:22645: checking if X/Open network library is required
configure:22665: x86_64-linux-musl-gcc -c -Werror-implicit-function-declaration -O2 -Wno-system-headers  conftest.c >&5
conftest.c: In function 'main':
conftest.c:37:4: error: #error force compilation error
   37 |   #error force compilation error
      |    ^~~~~
configure:22665: $? = 1
configure: failed program was:
| /* confdefs.h */
| #define PACKAGE_NAME "curl"
| #define PACKAGE_TARNAME "curl"
| #define PACKAGE_VERSION "-"
| #define PACKAGE_STRING "curl -"
| #define PACKAGE_BUGREPORT "a suitable curl mailing list: https://curl.se/mail/"
| #define PACKAGE_URL ""
| #define HAVE_STDIO_H 1
| #define HAVE_STDLIB_H 1
| #define HAVE_STRING_H 1
| #define HAVE_INTTYPES_H 1
| #define HAVE_STDINT_H 1
| #define HAVE_STRINGS_H 1
| #define HAVE_SYS_STAT_H 1
| #define HAVE_SYS_TYPES_H 1
| #define HAVE_UNISTD_H 1
| #define STDC_HEADERS 1
| #define HAVE_STDATOMIC_H 1
| #define HAVE_ATOMIC 1
| #define PACKAGE "curl"
| #define VERSION "-"
| #define OS "x86_64-pc-linux-musl"
| #define HAVE_DLFCN_H 1
| #define LT_OBJDIR ".libs/"
| #define CURL_DISABLE_LDAP 1
| #define CURL_DISABLE_LDAPS 1
| /* end confdefs.h.  */
| 
| 
| int main (void)
| {
| #if defined(__hpux) && defined(_XOPEN_SOURCE) && (_XOPEN_SOURCE >= 600)
|   return 0;
| #elif defined(__hpux) && defined(_XOPEN_SOURCE_EXTENDED)
|   return 0;
| #else
|   #error force compilation error
| #endif
| }
| 
| 
configure:22673: result: no
configure:22677: checking for gethostbyname
configure:22677: x86_64-linux-musl-gcc -o conftest -Werror-implicit-function-declaration -O2 -Wno-system-headers   conftest.c  >&5
configure:22677: $? = 0
configure:22677: result: yes
configure:23099: checking whether build target is a native Windows one
configure:23138: result: no
configure:23168: checking for proto/bsdsocket.h
configure:23168: x86_64-linux-musl-gcc -c -Werror-implicit-function-declaration -O2 -Wno-system-headers  conftest.c >&5
conftest.c:45:10: fatal error: proto/bsdsocket.h: No such file or directory
   45 | #include <proto/bsdsocket.h>
      |          ^~~~~~~~~~~~~~~~~~~
compilation terminated.
configure:23168: $? = 1
configure: failed program was:
| /* confdefs.h */
| #define PACKAGE_NAME "curl"
| #define PACKAGE_TARNAME "curl"
| #define PACKAGE_VERSION "-"
| #define PACKAGE_STRING "curl -"
| #define PACKAGE_BUGREPORT "a suitable curl mailing list: https://curl.se/mail/"
| #define PACKAGE_URL ""
| #define HAVE_STDIO_H 1
| #define HAVE_STDLIB_H 1
| #define HAVE_STRING_H 1
| #define HAVE_INTTYPES_H 1
| #define HAVE_STDINT_H 1
| #define HAVE_STRINGS_H 1
| #define HAVE_SYS_STAT_H 1
| #define HAVE_SYS_TYPES_H 1
| #define HAVE_UNISTD_H 1
| #define STDC_HEADERS 1
| #define HAVE_STDATOMIC_H 1
| #define HAVE_ATOMIC 1
| #define PACKAGE "curl"
| #define VERSION "-"
| #define OS "x86_64-pc-linux-musl"
| #define HAVE_DLFCN_H 1
| #define LT_OBJDIR ".libs/"
| #define CURL_DISABLE_LDAP 1
| #define CURL_DISABLE_LDAPS 1
| /* end confdefs.h.  */
| /* includes start */
| #if defined(HAVE_PROTO_BSDSOCKET_H)
| #  define __NO_NET_API
| #  define __USE_INLINE__
| #  include <proto/bsdsocket.h>
| #  ifdef HAVE_SYS_IOCTL_H
| #    include <sys/ioctl.h>
| #  endif
| #  ifdef __amigaos4__
| struct SocketIFace *ISocket = NULL;
| #  else
| struct Library *SocketBase = NULL;
| #  endif
| #  define select(a,b,c,d,e) WaitSelect(a,b,c,d,e,0)
| #endif
| /* includes end */
| 
| #include <proto/bsdsocket.h>
configure:23168: result: no
configure:23178: checking for connect in libraries
configure:23206: x86_64-linux-musl-gcc -o conftest -Werror-implicit-function-declaration -O2 -Wno-system-headers   conftest.c   >&5
configure:23206: $? = 0
configure:23225: result: yes
configure:23239: checking for sys/types.h
configure:23239: result: yes
configure:23245: checking for sys/time.h
configure:23245: x86_64-linux-musl-gcc -c -Werror-implicit-function-declaration -O2 -Wno-system-headers  conftest.c >&5
configure:23245: $? = 0
configure:23245: result: yes
configure:23252: checking for monotonic clock_gettime
configure:23279: x86_64-linux-musl-gcc -c -Werror-implicit-function-declaration -O2 -Wno-system-headers  conftest.c >&5
configure:23279: $? = 0
configure:23282: result: yes
configure:23300: checking for clock_gettime in libraries
configure:23336: x86_64-linux-musl-gcc -o conftest -Werror-implicit-function-declaration -O2 -Wno-system-headers   conftest.c  >&5
configure:23336: $? = 0
configure:23358: result: no additional lib required
configure:23376: checking if monotonic clock_gettime works
configure:23474: sh ./run-compiler -o conftest -Werror-implicit-function-declaration -O2 -Wno-system-headers   conftest.c  >&5
configure:23474: $? = 0
configure:23474: ./conftest
configure:23474: $? = 0
configure:23476: result: yes
configure:23512: checking for sys/types.h
configure:23512: result: yes
configure:23518: checking for sys/time.h
configure:23518: result: yes
configure:23525: checking for raw monotonic clock_gettime
configure:23552: x86_64-linux-musl-gcc -c -Werror-implicit-function-declaration -O2 -Wno-system-headers  conftest.c >&5
configure:23552: $? = 0
configure:23555: result: yes
configure:23801: checking for zlib.h
configure:23801: x86_64-linux-musl-gcc -c -Werror-implicit-function-declaration -O2 -Wno-system-headers  -I/home/michko/runepkg/runepkg/.forge_musl/deps/include conftest.c >&5
configure:23801: $? = 0
configure:23801: result: yes
configure:23807: checking for gzread in -lz
configure:23830: x86_64-linux-musl-gcc -o conftest -Werror-implicit-function-declaration -O2 -Wno-system-headers  -I/home/michko/runepkg/runepkg/.forge_musl/deps/include  -L/home/michko/runepkg/runepkg/.forge_musl/deps/lib conftest.c -lz   >&5
configure:23830: $? = 0
configure:23840: result: yes
configure:23890: found both libz and libz.h header
configure:24089: checking for BrotliDecoderDecompress in -lbrotlidec
configure:24112: x86_64-linux-musl-gcc -o conftest -Werror-implicit-function-declaration -O2 -Wno-system-headers  -I/home/michko/runepkg/runepkg/.forge_musl/deps/include   -L/home/michko/runepkg/runepkg/.forge_musl/deps/lib  conftest.c -lbrotlidec   -lz  >&5
/home/michko/runepkg/runepkg/.forge_musl/toolchain/bin/../lib/gcc/x86_64-linux-musl/11.2.1/../../../../x86_64-linux-musl/bin/ld: cannot find -lbrotlidec
collect2: error: ld returned 1 exit status
configure:24112: $? = 1
configure: failed program was:
| /* confdefs.h */
| #define PACKAGE_NAME "curl"
| #define PACKAGE_TARNAME "curl"
| #define PACKAGE_VERSION "-"
| #define PACKAGE_STRING "curl -"
| #define PACKAGE_BUGREPORT "a suitable curl mailing list: https://curl.se/mail/"
| #define PACKAGE_URL ""
| #define HAVE_STDIO_H 1
| #define HAVE_STDLIB_H 1
| #define HAVE_STRING_H 1
| #define HAVE_INTTYPES_H 1
| #define HAVE_STDINT_H 1
| #define HAVE_STRINGS_H 1
| #define HAVE_SYS_STAT_H 1
| #define HAVE_SYS_TYPES_H 1
| #define HAVE_UNISTD_H 1
| #define STDC_HEADERS 1
| #define HAVE_STDATOMIC_H 1
| #define HAVE_ATOMIC 1
| #define PACKAGE "curl"
| #define VERSION "-"
| #define OS "x86_64-pc-linux-musl"
| #define HAVE_DLFCN_H 1
| #define LT_OBJDIR ".libs/"
| #define CURL_DISABLE_LDAP 1
| #define CURL_DISABLE_LDAPS 1
| #define HAVE_SYS_TYPES_H 1
| #define HAVE_SYS_TIME_H 1
| #define HAVE_CLOCK_GETTIME_MONOTONIC 1
| #define HAVE_SYS_TYPES_H 1
| #define HAVE_SYS_TIME_H 1
| #define HAVE_CLOCK_GETTIME_MONOTONIC_RAW 1
| #define HAVE_LIBZ 1
| /* end confdefs.h.  */
| 
| 
| #ifdef __cplusplus
| extern "C"
| #endif
| char BrotliDecoderDecompress ();
| int main (void)
| {
| return BrotliDecoderDecompress ();
|  ;
|  return 0;
| }
configure:24122: result: no
configure:24135: checking for brotli/decode.h
configure:24135: x86_64-linux-musl-gcc -c -Werror-implicit-function-declaration -O2 -Wno-system-headers  -I/home/michko/runepkg/runepkg/.forge_musl/deps/include  conftest.c >&5
conftest.c:63:10: fatal error: brotli/decode.h: No such file or directory
   63 | #include <brotli/decode.h>
      |          ^~~~~~~~~~~~~~~~~
compilation terminated.
configure:24135: $? = 1
configure: failed program was:
| /* confdefs.h */
| #define PACKAGE_NAME "curl"
| #define PACKAGE_TARNAME "curl"
| #define PACKAGE_VERSION "-"
| #define PACKAGE_STRING "curl -"
| #define PACKAGE_BUGREPORT "a suitable curl mailing list: https://curl.se/mail/"
| #define PACKAGE_URL ""
| #define HAVE_STDIO_H 1
| #define HAVE_STDLIB_H 1
| #define HAVE_STRING_H 1
| #define HAVE_INTTYPES_H 1
| #define HAVE_STDINT_H 1
| #define HAVE_STRINGS_H 1
| #define HAVE_SYS_STAT_H 1
| #define HAVE_SYS_TYPES_H 1
| #define HAVE_UNISTD_H 1
| #define STDC_HEADERS 1
| #define HAVE_STDATOMIC_H 1
| #define HAVE_ATOMIC 1
| #define PACKAGE "curl"
| #define VERSION "-"
| #define OS "x86_64-pc-linux-musl"
| #define HAVE_DLFCN_H 1
| #define LT_OBJDIR ".libs/"
| #define CURL_DISABLE_LDAP 1
| #define CURL_DISABLE_LDAPS 1
| #define HAVE_SYS_TYPES_H 1
| #define HAVE_SYS_TIME_H 1
| #define HAVE_CLOCK_GETTIME_MONOTONIC 1
| #define HAVE_SYS_TYPES_H 1
| #define HAVE_SYS_TIME_H 1
| #define HAVE_CLOCK_GETTIME_MONOTONIC_RAW 1
| #define HAVE_LIBZ 1
| /* end confdefs.h.  */
| #include <stddef.h>
| #ifdef HAVE_STDIO_H
| # include <stdio.h>
| #endif
| #ifdef HAVE_STDLIB_H
| # include <stdlib.h>
| #endif
| #ifdef HAVE_STRING_H
| # include <string.h>
| #endif
| #ifdef HAVE_INTTYPES_H
| # include <inttypes.h>
| #endif
| #ifdef HAVE_STDINT_H
| # include <stdint.h>
| #endif
| #ifdef HAVE_STRINGS_H
| # include <strings.h>
| #endif
| #ifdef HAVE_SYS_TYPES_H
| # include <sys/types.h>
| #endif
| #ifdef HAVE_SYS_STAT_H
| # include <sys/stat.h>
| #endif
| #ifdef HAVE_UNISTD_H
| # include <unistd.h>
| #endif
| #include <brotli/decode.h>
configure:24135: result: no
configure:24355: checking for ZSTD_createDStream in -lzstd
configure:24378: x86_64-linux-musl-gcc -o conftest -Werror-implicit-function-declaration -O2 -Wno-system-headers  -I/home/michko/runepkg/runepkg/.forge_musl/deps/include   -L/home/michko/runepkg/runepkg/.forge_musl/deps/lib  conftest.c -lzstd   -lz  >&5
/home/michko/runepkg/runepkg/.forge_musl/toolchain/bin/../lib/gcc/x86_64-linux-musl/11.2.1/../../../../x86_64-linux-musl/bin/ld: cannot find -lzstd
collect2: error: ld returned 1 exit status
configure:24378: $? = 1
configure: failed program was:
| /* confdefs.h */
| #define PACKAGE_NAME "curl"
| #define PACKAGE_TARNAME "curl"
| #define PACKAGE_VERSION "-"
| #define PACKAGE_STRING "curl -"
| #define PACKAGE_BUGREPORT "a suitable curl mailing list: https://curl.se/mail/"
| #define PACKAGE_URL ""
| #define HAVE_STDIO_H 1
| #define HAVE_STDLIB_H 1
| #define HAVE_STRING_H 1
| #define HAVE_INTTYPES_H 1
| #define HAVE_STDINT_H 1
| #define HAVE_STRINGS_H 1
| #define HAVE_SYS_STAT_H 1
| #define HAVE_SYS_TYPES_H 1
| #define HAVE_UNISTD_H 1
| #define STDC_HEADERS 1
| #define HAVE_STDATOMIC_H 1
| #define HAVE_ATOMIC 1
| #define PACKAGE "curl"
| #define VERSION "-"
| #define OS "x86_64-pc-linux-musl"
| #define HAVE_DLFCN_H 1
| #define LT_OBJDIR ".libs/"
| #define CURL_DISABLE_LDAP 1
| #define CURL_DISABLE_LDAPS 1
| #define HAVE_SYS_TYPES_H 1
| #define HAVE_SYS_TIME_H 1
| #define HAVE_CLOCK_GETTIME_MONOTONIC 1
| #define HAVE_SYS_TYPES_H 1
| #define HAVE_SYS_TIME_H 1
| #define HAVE_CLOCK_GETTIME_MONOTONIC_RAW 1
| #define HAVE_LIBZ 1
| /* end confdefs.h.  */
| 
| 
| #ifdef __cplusplus
| extern "C"
| #endif
| char ZSTD_createDStream ();
| int main (void)
| {
| return ZSTD_createDStream ();
|  ;
|  return 0;
| }
configure:24388: result: no
configure:24401: checking for zstd.h
configure:24401: x86_64-linux-musl-gcc -c -Werror-implicit-function-declaration -O2 -Wno-system-headers  -I/home/michko/runepkg/runepkg/.forge_musl/deps/include  conftest.c >&5
conftest.c:63:10: fatal error: zstd.h: No such file or directory
   63 | #include <zstd.h>
      |          ^~~~~~~~
compilation terminated.
configure:24401: $? = 1
configure: failed program was:
| /* confdefs.h */
| #define PACKAGE_NAME "curl"
| #define PACKAGE_TARNAME "curl"
| #define PACKAGE_VERSION "-"
| #define PACKAGE_STRING "curl -"
| #define PACKAGE_BUGREPORT "a suitable curl mailing list: https://curl.se/mail/"
| #define PACKAGE_URL ""
| #define HAVE_STDIO_H 1
| #define HAVE_STDLIB_H 1
| #define HAVE_STRING_H 1
| #define HAVE_INTTYPES_H 1
| #define HAVE_STDINT_H 1
| #define HAVE_STRINGS_H 1
| #define HAVE_SYS_STAT_H 1
| #define HAVE_SYS_TYPES_H 1
| #define HAVE_UNISTD_H 1
| #define STDC_HEADERS 1
| #define HAVE_STDATOMIC_H 1
| #define HAVE_ATOMIC 1
| #define PACKAGE "curl"
| #define VERSION "-"
| #define OS "x86_64-pc-linux-musl"
| #define HAVE_DLFCN_H 1
| #define LT_OBJDIR ".libs/"
| #define CURL_DISABLE_LDAP 1
| #define CURL_DISABLE_LDAPS 1
| #define HAVE_SYS_TYPES_H 1
| #define HAVE_SYS_TIME_H 1
| #define HAVE_CLOCK_GETTIME_MONOTONIC 1
| #define HAVE_SYS_TYPES_H 1
| #define HAVE_SYS_TIME_H 1
| #define HAVE_CLOCK_GETTIME_MONOTONIC_RAW 1
| #define HAVE_LIBZ 1
| /* end confdefs.h.  */
| #include <stddef.h>
| #ifdef HAVE_STDIO_H
| # include <stdio.h>
| #endif
| #ifdef HAVE_STDLIB_H
| # include <stdlib.h>
| #endif
| #ifdef HAVE_STRING_H
| # include <string.h>
| #endif
| #ifdef HAVE_INTTYPES_H
| # include <inttypes.h>
| #endif
| #ifdef HAVE_STDINT_H
| # include <stdint.h>
| #endif
| #ifdef HAVE_STRINGS_H
| # include <strings.h>
| #endif
| #ifdef HAVE_SYS_TYPES_H
| # include <sys/types.h>
| #endif
| #ifdef HAVE_SYS_STAT_H
| # include <sys/stat.h>
| #endif
| #ifdef HAVE_UNISTD_H
| # include <unistd.h>
| #endif
| #include <zstd.h>
configure:24401: result: no
configure:25015: checking whether to enable IPv6
configure:25064: x86_64-linux-musl-gcc -o conftest -Werror-implicit-function-declaration -O2 -Wno-system-headers  -I/home/michko/runepkg/runepkg/.forge_musl/deps/include  -L/home/michko/runepkg/runepkg/.forge_musl/deps/lib conftest.c -lz  >&5
configure:25064: $? = 0
configure:25064: ./conftest
configure:25064: $? = 0
configure:25066: result: yes
configure:25089: checking if struct sockaddr_in6 has sin6_scope_id member
configure:25115: x86_64-linux-musl-gcc -c -Werror-implicit-function-declaration -O2 -Wno-system-headers  -I/home/michko/runepkg/runepkg/.forge_musl/deps/include conftest.c >&5
configure:25115: $? = 0
configure:25118: result: yes
configure:25134: checking if argv can be written to
configure:25206: sh ./run-compiler -o conftest -Werror-implicit-function-declaration -O2 -Wno-system-headers  -I/home/michko/runepkg/runepkg/.forge_musl/deps/include  -L/home/michko/runepkg/runepkg/.forge_musl/deps/lib conftest.c -lz  >&5
configure:25206: $? = 0
configure:25206: ./conftest
configure:25206: $? = 0
configure:25228: result: yes
configure:25285: checking if GSS-API support is requested
configure:25685: result: no
configure:26107: checking whether to enable Windows native SSL/TLS
configure:26136: result: no
configure:26141: checking whether to enable Secure Transport
configure:26163: result: no
configure:26169: checking whether to enable Amiga native SSL/TLS (AmiSSL v5)
configure:26270: result: no
configure:29199: checking for library containing gsasl_init
configure:29229: x86_64-linux-musl-gcc -o conftest -Werror-implicit-function-declaration -O2 -Wno-system-headers  -I/home/michko/runepkg/runepkg/.forge_musl/deps/include  -L/home/michko/runepkg/runepkg/.forge_musl/deps/lib conftest.c -lz  >&5
/home/michko/runepkg/runepkg/.forge_musl/toolchain/bin/../lib/gcc/x86_64-linux-musl/11.2.1/../../../../x86_64-linux-musl/bin/ld: /tmp/cceAbfjg.o: in function `main':
conftest.c:(.text.startup+0x7): undefined reference to `gsasl_init'
collect2: error: ld returned 1 exit status
configure:29229: $? = 1
configure: failed program was:
| /* confdefs.h */
| #define PACKAGE_NAME "curl"
| #define PACKAGE_TARNAME "curl"
| #define PACKAGE_VERSION "-"
| #define PACKAGE_STRING "curl -"
| #define PACKAGE_BUGREPORT "a suitable curl mailing list: https://curl.se/mail/"
| #define PACKAGE_URL ""
| #define HAVE_STDIO_H 1
| #define HAVE_STDLIB_H 1
| #define HAVE_STRING_H 1
| #define HAVE_INTTYPES_H 1
| #define HAVE_STDINT_H 1
| #define HAVE_STRINGS_H 1
| #define HAVE_SYS_STAT_H 1
| #define HAVE_SYS_TYPES_H 1
| #define HAVE_UNISTD_H 1
| #define STDC_HEADERS 1
| #define HAVE_STDATOMIC_H 1
| #define HAVE_ATOMIC 1
| #define PACKAGE "curl"
| #define VERSION "-"
| #define OS "x86_64-pc-linux-musl"
| #define HAVE_DLFCN_H 1
| #define LT_OBJDIR ".libs/"
| #define CURL_DISABLE_LDAP 1
| #define CURL_DISABLE_LDAPS 1
| #define HAVE_SYS_TYPES_H 1
| #define HAVE_SYS_TIME_H 1
| #define HAVE_CLOCK_GETTIME_MONOTONIC 1
| #define HAVE_SYS_TYPES_H 1
| #define HAVE_SYS_TIME_H 1
| #define HAVE_CLOCK_GETTIME_MONOTONIC_RAW 1
| #define HAVE_LIBZ 1
| #define USE_IPV6 1
| #define HAVE_SOCKADDR_IN6_SIN6_SCOPE_ID 1
| #define HAVE_WRITABLE_ARGV 1
| /* end confdefs.h.  */
| 
| 
| #ifdef __cplusplus
| extern "C"
| #endif
| char gsasl_init ();
| int main (void)
| {
| return gsasl_init ();
|  ;
|  return 0;
| }
configure:29229: x86_64-linux-musl-gcc -o conftest -Werror-implicit-function-declaration -O2 -Wno-system-headers  -I/home/michko/runepkg/runepkg/.forge_musl/deps/include  -L/home/michko/runepkg/runepkg/.forge_musl/deps/lib conftest.c -lgsasl  -lz  >&5
/home/michko/runepkg/runepkg/.forge_musl/toolchain/bin/../lib/gcc/x86_64-linux-musl/11.2.1/../../../../x86_64-linux-musl/bin/ld: cannot find -lgsasl
collect2: error: ld returned 1 exit status
configure:29229: $? = 1
configure: failed program was:
| /* confdefs.h */
| #define PACKAGE_NAME "curl"
| #define PACKAGE_TARNAME "curl"
| #define PACKAGE_VERSION "-"
| #define PACKAGE_STRING "curl -"
| #define PACKAGE_BUGREPORT "a suitable curl mailing list: https://curl.se/mail/"
| #define PACKAGE_URL ""
| #define HAVE_STDIO_H 1
| #define HAVE_STDLIB_H 1
| #define HAVE_STRING_H 1
| #define HAVE_INTTYPES_H 1
| #define HAVE_STDINT_H 1
| #define HAVE_STRINGS_H 1
| #define HAVE_SYS_STAT_H 1
| #define HAVE_SYS_TYPES_H 1
| #define HAVE_UNISTD_H 1
| #define STDC_HEADERS 1
| #define HAVE_STDATOMIC_H 1
| #define HAVE_ATOMIC 1
| #define PACKAGE "curl"
| #define VERSION "-"
| #define OS "x86_64-pc-linux-musl"
| #define HAVE_DLFCN_H 1
| #define LT_OBJDIR ".libs/"
| #define CURL_DISABLE_LDAP 1
| #define CURL_DISABLE_LDAPS 1
| #define HAVE_SYS_TYPES_H 1
| #define HAVE_SYS_TIME_H 1
| #define HAVE_CLOCK_GETTIME_MONOTONIC 1
| #define HAVE_SYS_TYPES_H 1
| #define HAVE_SYS_TIME_H 1
| #define HAVE_CLOCK_GETTIME_MONOTONIC_RAW 1
| #define HAVE_LIBZ 1
| #define USE_IPV6 1
| #define HAVE_SOCKADDR_IN6_SIN6_SCOPE_ID 1
| #define HAVE_WRITABLE_ARGV 1
| /* end confdefs.h.  */
| 
| 
| #ifdef __cplusplus
| extern "C"
| #endif
| char gsasl_init ();
| int main (void)
| {
| return gsasl_init ();
|  ;
|  return 0;
| }
configure:29249: result: no
configure:29262: WARNING: libgsasl was not found
configure:30081: checking for RTMP_Init in -lrtmp
configure:30104: x86_64-linux-musl-gcc -o conftest -Werror-implicit-function-declaration -O2 -Wno-system-headers  -I/home/michko/runepkg/runepkg/.forge_musl/deps/include   -L/home/michko/runepkg/runepkg/.forge_musl/deps/lib  conftest.c -lrtmp  -lrtmp -lz  >&5
/home/michko/runepkg/runepkg/.forge_musl/toolchain/bin/../lib/gcc/x86_64-linux-musl/11.2.1/../../../../x86_64-linux-musl/bin/ld: cannot find -lrtmp
/home/michko/runepkg/runepkg/.forge_musl/toolchain/bin/../lib/gcc/x86_64-linux-musl/11.2.1/../../../../x86_64-linux-musl/bin/ld: cannot find -lrtmp
collect2: error: ld returned 1 exit status
configure:30104: $? = 1
configure: failed program was:
| /* confdefs.h */
| #define PACKAGE_NAME "curl"
| #define PACKAGE_TARNAME "curl"
| #define PACKAGE_VERSION "-"
| #define PACKAGE_STRING "curl -"
| #define PACKAGE_BUGREPORT "a suitable curl mailing list: https://curl.se/mail/"
| #define PACKAGE_URL ""
| #define HAVE_STDIO_H 1
| #define HAVE_STDLIB_H 1
| #define HAVE_STRING_H 1
| #define HAVE_INTTYPES_H 1
| #define HAVE_STDINT_H 1
| #define HAVE_STRINGS_H 1
| #define HAVE_SYS_STAT_H 1
| #define HAVE_SYS_TYPES_H 1
| #define HAVE_UNISTD_H 1
| #define STDC_HEADERS 1
| #define HAVE_STDATOMIC_H 1
| #define HAVE_ATOMIC 1
| #define PACKAGE "curl"
| #define VERSION "-"
| #define OS "x86_64-pc-linux-musl"
| #define HAVE_DLFCN_H 1
| #define LT_OBJDIR ".libs/"
| #define CURL_DISABLE_LDAP 1
| #define CURL_DISABLE_LDAPS 1
| #define HAVE_SYS_TYPES_H 1
| #define HAVE_SYS_TIME_H 1
| #define HAVE_CLOCK_GETTIME_MONOTONIC 1
| #define HAVE_SYS_TYPES_H 1
| #define HAVE_SYS_TIME_H 1
| #define HAVE_CLOCK_GETTIME_MONOTONIC_RAW 1
| #define HAVE_LIBZ 1
| #define USE_IPV6 1
| #define HAVE_SOCKADDR_IN6_SIN6_SCOPE_ID 1
| #define HAVE_WRITABLE_ARGV 1
| /* end confdefs.h.  */
| 
| 
| #ifdef __cplusplus
| extern "C"
| #endif
| char RTMP_Init ();
| int main (void)
| {
| return RTMP_Init ();
|  ;
|  return 0;
| }
configure:30114: result: no
configure:30155: checking whether versioned symbols are wanted
configure:30200: result: no
configure:30219: checking whether to enable Windows native IDN (Windows native builds only)
configure:30232: result: no
configure:30353: checking whether to build with libidn2
configure:30377: result: (assumed) yes
configure:30573: checking for x86_64-linux-musl-pkg-config
configure:30612: result: no
configure:30622: checking for pkg-config
configure:30646: found /usr/bin/pkg-config
configure:30658: result: /usr/bin/pkg-config
configure:30683: checking for libidn2 options with pkg-config
configure:30697: result: found
configure:30713: pkg-config: IDN_LIBS: "-lidn2"
configure:30715: pkg-config: IDN_LDFLAGS: ""
configure:30717: pkg-config: IDN_CPPFLAGS: ""
configure:30719: pkg-config: IDN_DIR: ""
configure:30736: checking if idn2_lookup_ul can be linked
configure:30765: x86_64-linux-musl-gcc -o conftest -Werror-implicit-function-declaration -O2 -Wno-system-headers  -I/home/michko/runepkg/runepkg/.forge_musl/deps/include   -L/home/michko/runepkg/runepkg/.forge_musl/deps/lib  conftest.c -lidn2 -lz  >&5
/home/michko/runepkg/runepkg/.forge_musl/toolchain/bin/../lib/gcc/x86_64-linux-musl/11.2.1/../../../../x86_64-linux-musl/bin/ld: cannot find -lidn2
collect2: error: ld returned 1 exit status
configure:30765: $? = 1
configure: failed program was:
| /* confdefs.h */
| #define PACKAGE_NAME "curl"
| #define PACKAGE_TARNAME "curl"
| #define PACKAGE_VERSION "-"
| #define PACKAGE_STRING "curl -"
| #define PACKAGE_BUGREPORT "a suitable curl mailing list: https://curl.se/mail/"
| #define PACKAGE_URL ""
| #define HAVE_STDIO_H 1
| #define HAVE_STDLIB_H 1
| #define HAVE_STRING_H 1
| #define HAVE_INTTYPES_H 1
| #define HAVE_STDINT_H 1
| #define HAVE_STRINGS_H 1
| #define HAVE_SYS_STAT_H 1
| #define HAVE_SYS_TYPES_H 1
| #define HAVE_UNISTD_H 1
| #define STDC_HEADERS 1
| #define HAVE_STDATOMIC_H 1
| #define HAVE_ATOMIC 1
| #define PACKAGE "curl"
| #define VERSION "-"
| #define OS "x86_64-pc-linux-musl"
| #define HAVE_DLFCN_H 1
| #define LT_OBJDIR ".libs/"
| #define CURL_DISABLE_LDAP 1
| #define CURL_DISABLE_LDAPS 1
| #define HAVE_SYS_TYPES_H 1
| #define HAVE_SYS_TIME_H 1
| #define HAVE_CLOCK_GETTIME_MONOTONIC 1
| #define HAVE_SYS_TYPES_H 1
| #define HAVE_SYS_TIME_H 1
| #define HAVE_CLOCK_GETTIME_MONOTONIC_RAW 1
| #define HAVE_LIBZ 1
| #define USE_IPV6 1
| #define HAVE_SOCKADDR_IN6_SIN6_SCOPE_ID 1
| #define HAVE_WRITABLE_ARGV 1
| /* end confdefs.h.  */
| 
| 
| #define idn2_lookup_ul innocuous_idn2_lookup_ul
| #ifdef __STDC__
| # include <limits.h>
| #else
| # include <assert.h>
| #endif
| #undef idn2_lookup_ul
| #ifdef __cplusplus
| extern "C"
| #endif
| char idn2_lookup_ul ();
| #if defined __stub_idn2_lookup_ul || defined __stub___idn2_lookup_ul
| choke me
| #endif
| 
| int main (void)
| {
| return idn2_lookup_ul ();
|  ;
|  return 0;
| }
| 
configure:30774: result: no
configure:30782: checking for idn2.h
configure:30782: x86_64-linux-musl-gcc -c -Werror-implicit-function-declaration -O2 -Wno-system-headers  -I/home/michko/runepkg/runepkg/.forge_musl/deps/include  conftest.c >&5
conftest.c:66:10: fatal error: idn2.h: No such file or directory
   66 | #include <idn2.h>
      |          ^~~~~~~~
compilation terminated.
configure:30782: $? = 1
configure: failed program was:
| /* confdefs.h */
| #define PACKAGE_NAME "curl"
| #define PACKAGE_TARNAME "curl"
| #define PACKAGE_VERSION "-"
| #define PACKAGE_STRING "curl -"
| #define PACKAGE_BUGREPORT "a suitable curl mailing list: https://curl.se/mail/"
| #define PACKAGE_URL ""
| #define HAVE_STDIO_H 1
| #define HAVE_STDLIB_H 1
| #define HAVE_STRING_H 1
| #define HAVE_INTTYPES_H 1
| #define HAVE_STDINT_H 1
| #define HAVE_STRINGS_H 1
| #define HAVE_SYS_STAT_H 1
| #define HAVE_SYS_TYPES_H 1
| #define HAVE_UNISTD_H 1
| #define STDC_HEADERS 1
| #define HAVE_STDATOMIC_H 1
| #define HAVE_ATOMIC 1
| #define PACKAGE "curl"
| #define VERSION "-"
| #define OS "x86_64-pc-linux-musl"
| #define HAVE_DLFCN_H 1
| #define LT_OBJDIR ".libs/"
| #define CURL_DISABLE_LDAP 1
| #define CURL_DISABLE_LDAPS 1
| #define HAVE_SYS_TYPES_H 1
| #define HAVE_SYS_TIME_H 1
| #define HAVE_CLOCK_GETTIME_MONOTONIC 1
| #define HAVE_SYS_TYPES_H 1
| #define HAVE_SYS_TIME_H 1
| #define HAVE_CLOCK_GETTIME_MONOTONIC_RAW 1
| #define HAVE_LIBZ 1
| #define USE_IPV6 1
| #define HAVE_SOCKADDR_IN6_SIN6_SCOPE_ID 1
| #define HAVE_WRITABLE_ARGV 1
| /* end confdefs.h.  */
| #include <stddef.h>
| #ifdef HAVE_STDIO_H
| # include <stdio.h>
| #endif
| #ifdef HAVE_STDLIB_H
| # include <stdlib.h>
| #endif
| #ifdef HAVE_STRING_H
| # include <string.h>
| #endif
| #ifdef HAVE_INTTYPES_H
| # include <inttypes.h>
| #endif
| #ifdef HAVE_STDINT_H
| # include <stdint.h>
| #endif
| #ifdef HAVE_STRINGS_H
| # include <strings.h>
| #endif
| #ifdef HAVE_SYS_TYPES_H
| # include <sys/types.h>
| #endif
| #ifdef HAVE_SYS_STAT_H
| # include <sys/stat.h>
| #endif
| #ifdef HAVE_UNISTD_H
| # include <unistd.h>
| #endif
| #include <idn2.h>
configure:30782: result: no
configure:30806: WARNING: Cannot find libraries for IDN support: IDN disabled
configure:30857: checking for x86_64-linux-musl-pkg-config
configure:30893: result: /usr/bin/pkg-config
configure:30967: checking for libnghttp2 options with pkg-config
configure:30981: result: found
configure:30995: -l is -lnghttp2
configure:31004: -I is 
configure:31014: -L is 
configure:31035: checking for nghttp2_session_get_stream_local_window_size in -lnghttp2
configure:31058: x86_64-linux-musl-gcc -o conftest -Werror-implicit-function-declaration -O2 -Wno-system-headers  -I/home/michko/runepkg/runepkg/.forge_musl/deps/include   -L/home/michko/runepkg/runepkg/.forge_musl/deps/lib  conftest.c -lnghttp2  -lnghttp2 -lz  >&5
/home/michko/runepkg/runepkg/.forge_musl/toolchain/bin/../lib/gcc/x86_64-linux-musl/11.2.1/../../../../x86_64-linux-musl/bin/ld: cannot find -lnghttp2
/home/michko/runepkg/runepkg/.forge_musl/toolchain/bin/../lib/gcc/x86_64-linux-musl/11.2.1/../../../../x86_64-linux-musl/bin/ld: cannot find -lnghttp2
collect2: error: ld returned 1 exit status
configure:31058: $? = 1
configure: failed program was:
| /* confdefs.h */
| #define PACKAGE_NAME "curl"
| #define PACKAGE_TARNAME "curl"
| #define PACKAGE_VERSION "-"
| #define PACKAGE_STRING "curl -"
| #define PACKAGE_BUGREPORT "a suitable curl mailing list: https://curl.se/mail/"
| #define PACKAGE_URL ""
| #define HAVE_STDIO_H 1
| #define HAVE_STDLIB_H 1
| #define HAVE_STRING_H 1
| #define HAVE_INTTYPES_H 1
| #define HAVE_STDINT_H 1
| #define HAVE_STRINGS_H 1
| #define HAVE_SYS_STAT_H 1
| #define HAVE_SYS_TYPES_H 1
| #define HAVE_UNISTD_H 1
| #define STDC_HEADERS 1
| #define HAVE_STDATOMIC_H 1
| #define HAVE_ATOMIC 1
| #define PACKAGE "curl"
| #define VERSION "-"
| #define OS "x86_64-pc-linux-musl"
| #define HAVE_DLFCN_H 1
| #define LT_OBJDIR ".libs/"
| #define CURL_DISABLE_LDAP 1
| #define CURL_DISABLE_LDAPS 1
| #define HAVE_SYS_TYPES_H 1
| #define HAVE_SYS_TIME_H 1
| #define HAVE_CLOCK_GETTIME_MONOTONIC 1
| #define HAVE_SYS_TYPES_H 1
| #define HAVE_SYS_TIME_H 1
| #define HAVE_CLOCK_GETTIME_MONOTONIC_RAW 1
| #define HAVE_LIBZ 1
| #define USE_IPV6 1
| #define HAVE_SOCKADDR_IN6_SIN6_SCOPE_ID 1
| #define HAVE_WRITABLE_ARGV 1
| /* end confdefs.h.  */
| 
| 
| #ifdef __cplusplus
| extern "C"
| #endif
| char nghttp2_session_get_stream_local_window_size ();
| int main (void)
| {
| return nghttp2_session_get_stream_local_window_size ();
|  ;
|  return 0;
| }
configure:31068: result: no
configure:33403: checking for sys/types.h
configure:33403: result: yes
configure:33435: checking for sys/time.h
configure:33435: result: yes
configure:33467: checking for sys/select.h
configure:33467: x86_64-linux-musl-gcc -c -Werror-implicit-function-declaration -O2 -Wno-system-headers  -I/home/michko/runepkg/runepkg/.forge_musl/deps/include conftest.c >&5
configure:33467: $? = 0
configure:33467: result: yes
configure:33499: checking for sys/socket.h
configure:33499: x86_64-linux-musl-gcc -c -Werror-implicit-function-declaration -O2 -Wno-system-headers  -I/home/michko/runepkg/runepkg/.forge_musl/deps/include conftest.c >&5
configure:33499: $? = 0
configure:33499: result: yes
configure:33531: checking for sys/ioctl.h
configure:33531: x86_64-linux-musl-gcc -c -Werror-implicit-function-declaration -O2 -Wno-system-headers  -I/home/michko/runepkg/runepkg/.forge_musl/deps/include conftest.c >&5
configure:33531: $? = 0
configure:33531: result: yes
configure:33563: checking for unistd.h
configure:33563: result: yes
configure:33595: checking for stdlib.h
configure:33595: result: yes
configure:33627: checking for arpa/inet.h
configure:33627: x86_64-linux-musl-gcc -c -Werror-implicit-function-declaration -O2 -Wno-system-headers  -I/home/michko/runepkg/runepkg/.forge_musl/deps/include conftest.c >&5
configure:33627: $? = 0
configure:33627: result: yes
configure:33659: checking for net/if.h
configure:33659: x86_64-linux-musl-gcc -c -Werror-implicit-function-declaration -O2 -Wno-system-headers  -I/home/michko/runepkg/runepkg/.forge_musl/deps/include conftest.c >&5
configure:33659: $? = 0
configure:33659: result: yes
configure:33691: checking for netinet/in.h
configure:33691: x86_64-linux-musl-gcc -c -Werror-implicit-function-declaration -O2 -Wno-system-headers  -I/home/michko/runepkg/runepkg/.forge_musl/deps/include conftest.c >&5
configure:33691: $? = 0
configure:33691: result: yes
configure:33723: checking for netinet/in6.h
configure:33723: x86_64-linux-musl-gcc -c -Werror-implicit-function-declaration -O2 -Wno-system-headers  -I/home/michko/runepkg/runepkg/.forge_musl/deps/include conftest.c >&5
conftest.c:75:10: fatal error: netinet/in6.h: No such file or directory
   75 | #include <netinet/in6.h>
      |          ^~~~~~~~~~~~~~~
compilation terminated.
configure:33723: $? = 1
configure: failed program was:
| /* confdefs.h */
| #define PACKAGE_NAME "curl"
| #define PACKAGE_TARNAME "curl"
| #define PACKAGE_VERSION "-"
| #define PACKAGE_STRING "curl -"
| #define PACKAGE_BUGREPORT "a suitable curl mailing list: https://curl.se/mail/"
| #define PACKAGE_URL ""
| #define HAVE_STDIO_H 1
| #define HAVE_STDLIB_H 1
| #define HAVE_STRING_H 1
| #define HAVE_INTTYPES_H 1
| #define HAVE_STDINT_H 1
| #define HAVE_STRINGS_H 1
| #define HAVE_SYS_STAT_H 1
| #define HAVE_SYS_TYPES_H 1
| #define HAVE_UNISTD_H 1
| #define STDC_HEADERS 1
| #define HAVE_STDATOMIC_H 1
| #define HAVE_ATOMIC 1
| #define PACKAGE "curl"
| #define VERSION "-"
| #define OS "x86_64-pc-linux-musl"
| #define HAVE_DLFCN_H 1
| #define LT_OBJDIR ".libs/"
| #define CURL_DISABLE_LDAP 1
| #define CURL_DISABLE_LDAPS 1
| #define HAVE_SYS_TYPES_H 1
| #define HAVE_SYS_TIME_H 1
| #define HAVE_CLOCK_GETTIME_MONOTONIC 1
| #define HAVE_SYS_TYPES_H 1
| #define HAVE_SYS_TIME_H 1
| #define HAVE_CLOCK_GETTIME_MONOTONIC_RAW 1
| #define HAVE_LIBZ 1
| #define USE_IPV6 1
| #define HAVE_SOCKADDR_IN6_SIN6_SCOPE_ID 1
| #define HAVE_WRITABLE_ARGV 1
| #define HAVE_SYS_TYPES_H 1
| #define HAVE_SYS_TIME_H 1
| #define HAVE_SYS_SELECT_H 1
| #define HAVE_SYS_SOCKET_H 1
| #define HAVE_SYS_IOCTL_H 1
| #define HAVE_UNISTD_H 1
| #define HAVE_STDLIB_H 1
| #define HAVE_ARPA_INET_H 1
| #define HAVE_NET_IF_H 1
| #define HAVE_NETINET_IN_H 1
| /* end confdefs.h.  */
| 
| #ifdef HAVE_SYS_TYPES_H
| #include <sys/types.h>
| #endif
| #ifdef HAVE_SYS_TIME_H
| #include <sys/time.h>
| #endif
| #ifdef HAVE_SYS_SELECT_H
| #include <sys/select.h>
| #elif defined(HAVE_UNISTD_H)
| #include <unistd.h>
| #endif
| #ifdef HAVE_SYS_SOCKET_H
| #include <sys/socket.h>
| #endif
| #ifdef HAVE_NETINET_IN_H
| #include <netinet/in.h>
| #endif
| #ifdef HAVE_NETINET_IN6_H
| #include <netinet/in6.h>
| #endif
| #ifdef HAVE_SYS_UN_H
| #include <sys/un.h>
| #endif
| 
| 
| 
| #include <netinet/in6.h>
configure:33723: result: no
configure:33755: checking for sys/un.h
configure:33755: x86_64-linux-musl-gcc -c -Werror-implicit-function-declaration -O2 -Wno-system-headers  -I/home/michko/runepkg/runepkg/.forge_musl/deps/include conftest.c >&5
configure:33755: $? = 0
configure:33755: result: yes
configure:33787: checking for linux/tcp.h
configure:33787: x86_64-linux-musl-gcc -c -Werror-implicit-function-declaration -O2 -Wno-system-headers  -I/home/michko/runepkg/runepkg/.forge_musl/deps/include conftest.c >&5
configure:33787: $? = 0
configure:33787: result: yes
configure:33819: checking for netinet/tcp.h
configure:33819: x86_64-linux-musl-gcc -c -Werror-implicit-function-declaration -O2 -Wno-system-headers  -I/home/michko/runepkg/runepkg/.forge_musl/deps/include conftest.c >&5
configure:33819: $? = 0
configure:33819: result: yes
configure:33851: checking for netinet/udp.h
configure:33851: x86_64-linux-musl-gcc -c -Werror-implicit-function-declaration -O2 -Wno-system-headers  -I/home/michko/runepkg/runepkg/.forge_musl/deps/include conftest.c >&5
configure:33851: $? = 0
configure:33851: result: yes
configure:33883: checking for netdb.h
configure:33883: x86_64-linux-musl-gcc -c -Werror-implicit-function-declaration -O2 -Wno-system-headers  -I/home/michko/runepkg/runepkg/.forge_musl/deps/include conftest.c >&5
configure:33883: $? = 0
configure:33883: result: yes
configure:33915: checking for sys/sockio.h
configure:33915: x86_64-linux-musl-gcc -c -Werror-implicit-function-declaration -O2 -Wno-system-headers  -I/home/michko/runepkg/runepkg/.forge_musl/deps/include conftest.c >&5
conftest.c:80:10: fatal error: sys/sockio.h: No such file or directory
   80 | #include <sys/sockio.h>
      |          ^~~~~~~~~~~~~~
compilation terminated.
configure:33915: $? = 1
configure: failed program was:
| /* confdefs.h */
| #define PACKAGE_NAME "curl"
| #define PACKAGE_TARNAME "curl"
| #define PACKAGE_VERSION "-"
| #define PACKAGE_STRING "curl -"
| #define PACKAGE_BUGREPORT "a suitable curl mailing list: https://curl.se/mail/"
| #define PACKAGE_URL ""
| #define HAVE_STDIO_H 1
| #define HAVE_STDLIB_H 1
| #define HAVE_STRING_H 1
| #define HAVE_INTTYPES_H 1
| #define HAVE_STDINT_H 1
| #define HAVE_STRINGS_H 1
| #define HAVE_SYS_STAT_H 1
| #define HAVE_SYS_TYPES_H 1
| #define HAVE_UNISTD_H 1
| #define STDC_HEADERS 1
| #define HAVE_STDATOMIC_H 1
| #define HAVE_ATOMIC 1
| #define PACKAGE "curl"
| #define VERSION "-"
| #define OS "x86_64-pc-linux-musl"
| #define HAVE_DLFCN_H 1
| #define LT_OBJDIR ".libs/"
| #define CURL_DISABLE_LDAP 1
| #define CURL_DISABLE_LDAPS 1
| #define HAVE_SYS_TYPES_H 1
| #define HAVE_SYS_TIME_H 1
| #define HAVE_CLOCK_GETTIME_MONOTONIC 1
| #define HAVE_SYS_TYPES_H 1
| #define HAVE_SYS_TIME_H 1
| #define HAVE_CLOCK_GETTIME_MONOTONIC_RAW 1
| #define HAVE_LIBZ 1
| #define USE_IPV6 1
| #define HAVE_SOCKADDR_IN6_SIN6_SCOPE_ID 1
| #define HAVE_WRITABLE_ARGV 1
| #define HAVE_SYS_TYPES_H 1
| #define HAVE_SYS_TIME_H 1
| #define HAVE_SYS_SELECT_H 1
| #define HAVE_SYS_SOCKET_H 1
| #define HAVE_SYS_IOCTL_H 1
| #define HAVE_UNISTD_H 1
| #define HAVE_STDLIB_H 1
| #define HAVE_ARPA_INET_H 1
| #define HAVE_NET_IF_H 1
| #define HAVE_NETINET_IN_H 1
| #define HAVE_SYS_UN_H 1
| #define HAVE_LINUX_TCP_H 1
| #define HAVE_NETINET_TCP_H 1
| #define HAVE_NETINET_UDP_H 1
| #define HAVE_NETDB_H 1
| /* end confdefs.h.  */
| 
| #ifdef HAVE_SYS_TYPES_H
| #include <sys/types.h>
| #endif
| #ifdef HAVE_SYS_TIME_H
| #include <sys/time.h>
| #endif
| #ifdef HAVE_SYS_SELECT_H
| #include <sys/select.h>
| #elif defined(HAVE_UNISTD_H)
| #include <unistd.h>
| #endif
| #ifdef HAVE_SYS_SOCKET_H
| #include <sys/socket.h>
| #endif
| #ifdef HAVE_NETINET_IN_H
| #include <netinet/in.h>
| #endif
| #ifdef HAVE_NETINET_IN6_H
| #include <netinet/in6.h>
| #endif
| #ifdef HAVE_SYS_UN_H
| #include <sys/un.h>
| #endif
| 
| 
| 
| #include <sys/sockio.h>
configure:33915: result: no
configure:33947: checking for sys/stat.h
configure:33947: result: yes
configure:33979: checking for sys/param.h
configure:33979: x86_64-linux-musl-gcc -c -Werror-implicit-function-declaration -O2 -Wno-system-headers  -I/home/michko/runepkg/runepkg/.forge_musl/deps/include conftest.c >&5
configure:33979: $? = 0
configure:33979: result: yes
configure:34011: checking for termios.h
configure:34011: x86_64-linux-musl-gcc -c -Werror-implicit-function-declaration -O2 -Wno-system-headers  -I/home/michko/runepkg/runepkg/.forge_musl/deps/include conftest.c >&5
configure:34011: $? = 0
configure:34011: result: yes
configure:34043: checking for termio.h
configure:34043: x86_64-linux-musl-gcc -c -Werror-implicit-function-declaration -O2 -Wno-system-headers  -I/home/michko/runepkg/runepkg/.forge_musl/deps/include conftest.c >&5
conftest.c:83:10: fatal error: termio.h: No such file or directory
   83 | #include <termio.h>
      |          ^~~~~~~~~~
compilation terminated.
configure:34043: $? = 1
configure: failed program was:
| /* confdefs.h */
| #define PACKAGE_NAME "curl"
| #define PACKAGE_TARNAME "curl"
| #define PACKAGE_VERSION "-"
| #define PACKAGE_STRING "curl -"
| #define PACKAGE_BUGREPORT "a suitable curl mailing list: https://curl.se/mail/"
| #define PACKAGE_URL ""
| #define HAVE_STDIO_H 1
| #define HAVE_STDLIB_H 1
| #define HAVE_STRING_H 1
| #define HAVE_INTTYPES_H 1
| #define HAVE_STDINT_H 1
| #define HAVE_STRINGS_H 1
| #define HAVE_SYS_STAT_H 1
| #define HAVE_SYS_TYPES_H 1
| #define HAVE_UNISTD_H 1
| #define STDC_HEADERS 1
| #define HAVE_STDATOMIC_H 1
| #define HAVE_ATOMIC 1
| #define PACKAGE "curl"
| #define VERSION "-"
| #define OS "x86_64-pc-linux-musl"
| #define HAVE_DLFCN_H 1
| #define LT_OBJDIR ".libs/"
| #define CURL_DISABLE_LDAP 1
| #define CURL_DISABLE_LDAPS 1
| #define HAVE_SYS_TYPES_H 1
| #define HAVE_SYS_TIME_H 1
| #define HAVE_CLOCK_GETTIME_MONOTONIC 1
| #define HAVE_SYS_TYPES_H 1
| #define HAVE_SYS_TIME_H 1
| #define HAVE_CLOCK_GETTIME_MONOTONIC_RAW 1
| #define HAVE_LIBZ 1
| #define USE_IPV6 1
| #define HAVE_SOCKADDR_IN6_SIN6_SCOPE_ID 1
| #define HAVE_WRITABLE_ARGV 1
| #define HAVE_SYS_TYPES_H 1
| #define HAVE_SYS_TIME_H 1
| #define HAVE_SYS_SELECT_H 1
| #define HAVE_SYS_SOCKET_H 1
| #define HAVE_SYS_IOCTL_H 1
| #define HAVE_UNISTD_H 1
| #define HAVE_STDLIB_H 1
| #define HAVE_ARPA_INET_H 1
| #define HAVE_NET_IF_H 1
| #define HAVE_NETINET_IN_H 1
| #define HAVE_SYS_UN_H 1
| #define HAVE_LINUX_TCP_H 1
| #define HAVE_NETINET_TCP_H 1
| #define HAVE_NETINET_UDP_H 1
| #define HAVE_NETDB_H 1
| #define HAVE_SYS_STAT_H 1
| #define HAVE_SYS_PARAM_H 1
| #define HAVE_TERMIOS_H 1
| /* end confdefs.h.  */
| 
| #ifdef HAVE_SYS_TYPES_H
| #include <sys/types.h>
| #endif
| #ifdef HAVE_SYS_TIME_H
| #include <sys/time.h>
| #endif
| #ifdef HAVE_SYS_SELECT_H
| #include <sys/select.h>
| #elif defined(HAVE_UNISTD_H)
| #include <unistd.h>
| #endif
| #ifdef HAVE_SYS_SOCKET_H
| #include <sys/socket.h>
| #endif
| #ifdef HAVE_NETINET_IN_H
| #include <netinet/in.h>
| #endif
| #ifdef HAVE_NETINET_IN6_H
| #include <netinet/in6.h>
| #endif
| #ifdef HAVE_SYS_UN_H
| #include <sys/un.h>
| #endif
| 
| 
| 
| #include <termio.h>
configure:34043: result: no
configure:34075: checking for fcntl.h
configure:34075: x86_64-linux-musl-gcc -c -Werror-implicit-function-declaration -O2 -Wno-system-headers  -I/home/michko/runepkg/runepkg/.forge_musl/deps/include conftest.c >&5
configure:34075: $? = 0
configure:34075: result: yes
configure:34107: checking for io.h
configure:34107: x86_64-linux-musl-gcc -c -Werror-implicit-function-declaration -O2 -Wno-system-headers  -I/home/michko/runepkg/runepkg/.forge_musl/deps/include conftest.c >&5
conftest.c:84:10: fatal error: io.h: No such file or directory
   84 | #include <io.h>
      |          ^~~~~~
compilation terminated.
configure:34107: $? = 1
configure: failed program was:
| /* confdefs.h */
| #define PACKAGE_NAME "curl"
| #define PACKAGE_TARNAME "curl"
| #define PACKAGE_VERSION "-"
| #define PACKAGE_STRING "curl -"
| #define PACKAGE_BUGREPORT "a suitable curl mailing list: https://curl.se/mail/"
| #define PACKAGE_URL ""
| #define HAVE_STDIO_H 1
| #define HAVE_STDLIB_H 1
| #define HAVE_STRING_H 1
| #define HAVE_INTTYPES_H 1
| #define HAVE_STDINT_H 1
| #define HAVE_STRINGS_H 1
| #define HAVE_SYS_STAT_H 1
| #define HAVE_SYS_TYPES_H 1
| #define HAVE_UNISTD_H 1
| #define STDC_HEADERS 1
| #define HAVE_STDATOMIC_H 1
| #define HAVE_ATOMIC 1
| #define PACKAGE "curl"
| #define VERSION "-"
| #define OS "x86_64-pc-linux-musl"
| #define HAVE_DLFCN_H 1
| #define LT_OBJDIR ".libs/"
| #define CURL_DISABLE_LDAP 1
| #define CURL_DISABLE_LDAPS 1
| #define HAVE_SYS_TYPES_H 1
| #define HAVE_SYS_TIME_H 1
| #define HAVE_CLOCK_GETTIME_MONOTONIC 1
| #define HAVE_SYS_TYPES_H 1
| #define HAVE_SYS_TIME_H 1
| #define HAVE_CLOCK_GETTIME_MONOTONIC_RAW 1
| #define HAVE_LIBZ 1
| #define USE_IPV6 1
| #define HAVE_SOCKADDR_IN6_SIN6_SCOPE_ID 1
| #define HAVE_WRITABLE_ARGV 1
| #define HAVE_SYS_TYPES_H 1
| #define HAVE_SYS_TIME_H 1
| #define HAVE_SYS_SELECT_H 1
| #define HAVE_SYS_SOCKET_H 1
| #define HAVE_SYS_IOCTL_H 1
| #define HAVE_UNISTD_H 1
| #define HAVE_STDLIB_H 1
| #define HAVE_ARPA_INET_H 1
| #define HAVE_NET_IF_H 1
| #define HAVE_NETINET_IN_H 1
| #define HAVE_SYS_UN_H 1
| #define HAVE_LINUX_TCP_H 1
| #define HAVE_NETINET_TCP_H 1
| #define HAVE_NETINET_UDP_H 1
| #define HAVE_NETDB_H 1
| #define HAVE_SYS_STAT_H 1
| #define HAVE_SYS_PARAM_H 1
| #define HAVE_TERMIOS_H 1
| #define HAVE_FCNTL_H 1
| /* end confdefs.h.  */
| 
| #ifdef HAVE_SYS_TYPES_H
| #include <sys/types.h>
| #endif
| #ifdef HAVE_SYS_TIME_H
| #include <sys/time.h>
| #endif
| #ifdef HAVE_SYS_SELECT_H
| #include <sys/select.h>
| #elif defined(HAVE_UNISTD_H)
| #include <unistd.h>
| #endif
| #ifdef HAVE_SYS_SOCKET_H
| #include <sys/socket.h>
| #endif
| #ifdef HAVE_NETINET_IN_H
| #include <netinet/in.h>
| #endif
| #ifdef HAVE_NETINET_IN6_H
| #include <netinet/in6.h>
| #endif
| #ifdef HAVE_SYS_UN_H
| #include <sys/un.h>
| #endif
| 
| 
| 
| #include <io.h>
configure:34107: result: no
configure:34139: checking for pwd.h
configure:34139: x86_64-linux-musl-gcc -c -Werror-implicit-function-declaration -O2 -Wno-system-headers  -I/home/michko/runepkg/runepkg/.forge_musl/deps/include conftest.c >&5
configure:34139: $? = 0
configure:34139: result: yes
configure:34171: checking for utime.h
configure:34171: x86_64-linux-musl-gcc -c -Werror-implicit-function-declaration -O2 -Wno-system-headers  -I/home/michko/runepkg/runepkg/.forge_musl/deps/include conftest.c >&5
configure:34171: $? = 0
configure:34171: result: yes
configure:34203: checking for sys/utime.h
configure:34203: x86_64-linux-musl-gcc -c -Werror-implicit-function-declaration -O2 -Wno-system-headers  -I/home/michko/runepkg/runepkg/.forge_musl/deps/include conftest.c >&5
conftest.c:86:10: fatal error: sys/utime.h: No such file or directory
   86 | #include <sys/utime.h>
      |          ^~~~~~~~~~~~~
compilation terminated.
configure:34203: $? = 1
configure: failed program was:
| /* confdefs.h */
| #define PACKAGE_NAME "curl"
| #define PACKAGE_TARNAME "curl"
| #define PACKAGE_VERSION "-"
| #define PACKAGE_STRING "curl -"
| #define PACKAGE_BUGREPORT "a suitable curl mailing list: https://curl.se/mail/"
| #define PACKAGE_URL ""
| #define HAVE_STDIO_H 1
| #define HAVE_STDLIB_H 1
| #define HAVE_STRING_H 1
| #define HAVE_INTTYPES_H 1
| #define HAVE_STDINT_H 1
| #define HAVE_STRINGS_H 1
| #define HAVE_SYS_STAT_H 1
| #define HAVE_SYS_TYPES_H 1
| #define HAVE_UNISTD_H 1
| #define STDC_HEADERS 1
| #define HAVE_STDATOMIC_H 1
| #define HAVE_ATOMIC 1
| #define PACKAGE "curl"
| #define VERSION "-"
| #define OS "x86_64-pc-linux-musl"
| #define HAVE_DLFCN_H 1
| #define LT_OBJDIR ".libs/"
| #define CURL_DISABLE_LDAP 1
| #define CURL_DISABLE_LDAPS 1
| #define HAVE_SYS_TYPES_H 1
| #define HAVE_SYS_TIME_H 1
| #define HAVE_CLOCK_GETTIME_MONOTONIC 1
| #define HAVE_SYS_TYPES_H 1
| #define HAVE_SYS_TIME_H 1
| #define HAVE_CLOCK_GETTIME_MONOTONIC_RAW 1
| #define HAVE_LIBZ 1
| #define USE_IPV6 1
| #define HAVE_SOCKADDR_IN6_SIN6_SCOPE_ID 1
| #define HAVE_WRITABLE_ARGV 1
| #define HAVE_SYS_TYPES_H 1
| #define HAVE_SYS_TIME_H 1
| #define HAVE_SYS_SELECT_H 1
| #define HAVE_SYS_SOCKET_H 1
| #define HAVE_SYS_IOCTL_H 1
| #define HAVE_UNISTD_H 1
| #define HAVE_STDLIB_H 1
| #define HAVE_ARPA_INET_H 1
| #define HAVE_NET_IF_H 1
| #define HAVE_NETINET_IN_H 1
| #define HAVE_SYS_UN_H 1
| #define HAVE_LINUX_TCP_H 1
| #define HAVE_NETINET_TCP_H 1
| #define HAVE_NETINET_UDP_H 1
| #define HAVE_NETDB_H 1
| #define HAVE_SYS_STAT_H 1
| #define HAVE_SYS_PARAM_H 1
| #define HAVE_TERMIOS_H 1
| #define HAVE_FCNTL_H 1
| #define HAVE_PWD_H 1
| #define HAVE_UTIME_H 1
| /* end confdefs.h.  */
| 
| #ifdef HAVE_SYS_TYPES_H
| #include <sys/types.h>
| #endif
| #ifdef HAVE_SYS_TIME_H
| #include <sys/time.h>
| #endif
| #ifdef HAVE_SYS_SELECT_H
| #include <sys/select.h>
| #elif defined(HAVE_UNISTD_H)
| #include <unistd.h>
| #endif
| #ifdef HAVE_SYS_SOCKET_H
| #include <sys/socket.h>
| #endif
| #ifdef HAVE_NETINET_IN_H
| #include <netinet/in.h>
| #endif
| #ifdef HAVE_NETINET_IN6_H
| #include <netinet/in6.h>
| #endif
| #ifdef HAVE_SYS_UN_H
| #include <sys/un.h>
| #endif
| 
| 
| 
| #include <sys/utime.h>
configure:34203: result: no
configure:34235: checking for sys/poll.h
configure:34235: x86_64-linux-musl-gcc -c -Werror-implicit-function-declaration -O2 -Wno-system-headers  -I/home/michko/runepkg/runepkg/.forge_musl/deps/include conftest.c >&5
In file included from conftest.c:86:
/home/michko/runepkg/runepkg/.forge_musl/toolchain/x86_64-linux-musl/include/sys/poll.h:1:2: warning: #warning redirecting incorrect #include <sys/poll.h> to <poll.h> [-Wcpp]
    1 | #warning redirecting incorrect #include <sys/poll.h> to <poll.h>
      |  ^~~~~~~
configure:34235: $? = 0
configure:34235: result: yes
configure:34267: checking for poll.h
configure:34267: x86_64-linux-musl-gcc -c -Werror-implicit-function-declaration -O2 -Wno-system-headers  -I/home/michko/runepkg/runepkg/.forge_musl/deps/include conftest.c >&5
configure:34267: $? = 0
configure:34267: result: yes
configure:34299: checking for socket.h
configure:34299: x86_64-linux-musl-gcc -c -Werror-implicit-function-declaration -O2 -Wno-system-headers  -I/home/michko/runepkg/runepkg/.forge_musl/deps/include conftest.c >&5
conftest.c:88:10: fatal error: socket.h: No such file or directory
   88 | #include <socket.h>
      |          ^~~~~~~~~~
compilation terminated.
configure:34299: $? = 1
configure: failed program was:
| /* confdefs.h */
| #define PACKAGE_NAME "curl"
| #define PACKAGE_TARNAME "curl"
| #define PACKAGE_VERSION "-"
| #define PACKAGE_STRING "curl -"
| #define PACKAGE_BUGREPORT "a suitable curl mailing list: https://curl.se/mail/"
| #define PACKAGE_URL ""
| #define HAVE_STDIO_H 1
| #define HAVE_STDLIB_H 1
| #define HAVE_STRING_H 1
| #define HAVE_INTTYPES_H 1
| #define HAVE_STDINT_H 1
| #define HAVE_STRINGS_H 1
| #define HAVE_SYS_STAT_H 1
| #define HAVE_SYS_TYPES_H 1
| #define HAVE_UNISTD_H 1
| #define STDC_HEADERS 1
| #define HAVE_STDATOMIC_H 1
| #define HAVE_ATOMIC 1
| #define PACKAGE "curl"
| #define VERSION "-"
| #define OS "x86_64-pc-linux-musl"
| #define HAVE_DLFCN_H 1
| #define LT_OBJDIR ".libs/"
| #define CURL_DISABLE_LDAP 1
| #define CURL_DISABLE_LDAPS 1
| #define HAVE_SYS_TYPES_H 1
| #define HAVE_SYS_TIME_H 1
| #define HAVE_CLOCK_GETTIME_MONOTONIC 1
| #define HAVE_SYS_TYPES_H 1
| #define HAVE_SYS_TIME_H 1
| #define HAVE_CLOCK_GETTIME_MONOTONIC_RAW 1
| #define HAVE_LIBZ 1
| #define USE_IPV6 1
| #define HAVE_SOCKADDR_IN6_SIN6_SCOPE_ID 1
| #define HAVE_WRITABLE_ARGV 1
| #define HAVE_SYS_TYPES_H 1
| #define HAVE_SYS_TIME_H 1
| #define HAVE_SYS_SELECT_H 1
| #define HAVE_SYS_SOCKET_H 1
| #define HAVE_SYS_IOCTL_H 1
| #define HAVE_UNISTD_H 1
| #define HAVE_STDLIB_H 1
| #define HAVE_ARPA_INET_H 1
| #define HAVE_NET_IF_H 1
| #define HAVE_NETINET_IN_H 1
| #define HAVE_SYS_UN_H 1
| #define HAVE_LINUX_TCP_H 1
| #define HAVE_NETINET_TCP_H 1
| #define HAVE_NETINET_UDP_H 1
| #define HAVE_NETDB_H 1
| #define HAVE_SYS_STAT_H 1
| #define HAVE_SYS_PARAM_H 1
| #define HAVE_TERMIOS_H 1
| #define HAVE_FCNTL_H 1
| #define HAVE_PWD_H 1
| #define HAVE_UTIME_H 1
| #define HAVE_SYS_POLL_H 1
| #define HAVE_POLL_H 1
| /* end confdefs.h.  */
| 
| #ifdef HAVE_SYS_TYPES_H
| #include <sys/types.h>
| #endif
| #ifdef HAVE_SYS_TIME_H
| #include <sys/time.h>
| #endif
| #ifdef HAVE_SYS_SELECT_H
| #include <sys/select.h>
| #elif defined(HAVE_UNISTD_H)
| #include <unistd.h>
| #endif
| #ifdef HAVE_SYS_SOCKET_H
| #include <sys/socket.h>
| #endif
| #ifdef HAVE_NETINET_IN_H
| #include <netinet/in.h>
| #endif
| #ifdef HAVE_NETINET_IN6_H
| #include <netinet/in6.h>
| #endif
| #ifdef HAVE_SYS_UN_H
| #include <sys/un.h>
| #endif
| 
| 
| 
| #include <socket.h>
configure:34299: result: no
configure:34331: checking for sys/resource.h
configure:34331: x86_64-linux-musl-gcc -c -Werror-implicit-function-declaration -O2 -Wno-system-headers  -I/home/michko/runepkg/runepkg/.forge_musl/deps/include conftest.c >&5
configure:34331: $? = 0
configure:34331: result: yes
configure:34363: checking for libgen.h
configure:34363: x86_64-linux-musl-gcc -c -Werror-implicit-function-declaration -O2 -Wno-system-headers  -I/home/michko/runepkg/runepkg/.forge_musl/deps/include conftest.c >&5
configure:34363: $? = 0
configure:34363: result: yes
configure:34395: checking for locale.h
configure:34395: x86_64-linux-musl-gcc -c -Werror-implicit-function-declaration -O2 -Wno-system-headers  -I/home/michko/runepkg/runepkg/.forge_musl/deps/include conftest.c >&5
configure:34395: $? = 0
configure:34395: result: yes
configure:34427: checking for stdbool.h
configure:34427: x86_64-linux-musl-gcc -c -Werror-implicit-function-declaration -O2 -Wno-system-headers  -I/home/michko/runepkg/runepkg/.forge_musl/deps/include conftest.c >&5
configure:34427: $? = 0
configure:34427: result: yes
configure:34459: checking for sys/filio.h
configure:34459: x86_64-linux-musl-gcc -c -Werror-implicit-function-declaration -O2 -Wno-system-headers  -I/home/michko/runepkg/runepkg/.forge_musl/deps/include conftest.c >&5
conftest.c:92:10: fatal error: sys/filio.h: No such file or directory
   92 | #include <sys/filio.h>
      |          ^~~~~~~~~~~~~
compilation terminated.
configure:34459: $? = 1
configure: failed program was:
| /* confdefs.h */
| #define PACKAGE_NAME "curl"
| #define PACKAGE_TARNAME "curl"
| #define PACKAGE_VERSION "-"
| #define PACKAGE_STRING "curl -"
| #define PACKAGE_BUGREPORT "a suitable curl mailing list: https://curl.se/mail/"
| #define PACKAGE_URL ""
| #define HAVE_STDIO_H 1
| #define HAVE_STDLIB_H 1
| #define HAVE_STRING_H 1
| #define HAVE_INTTYPES_H 1
| #define HAVE_STDINT_H 1
| #define HAVE_STRINGS_H 1
| #define HAVE_SYS_STAT_H 1
| #define HAVE_SYS_TYPES_H 1
| #define HAVE_UNISTD_H 1
| #define STDC_HEADERS 1
| #define HAVE_STDATOMIC_H 1
| #define HAVE_ATOMIC 1
| #define PACKAGE "curl"
| #define VERSION "-"
| #define OS "x86_64-pc-linux-musl"
| #define HAVE_DLFCN_H 1
| #define LT_OBJDIR ".libs/"
| #define CURL_DISABLE_LDAP 1
| #define CURL_DISABLE_LDAPS 1
| #define HAVE_SYS_TYPES_H 1
| #define HAVE_SYS_TIME_H 1
| #define HAVE_CLOCK_GETTIME_MONOTONIC 1
| #define HAVE_SYS_TYPES_H 1
| #define HAVE_SYS_TIME_H 1
| #define HAVE_CLOCK_GETTIME_MONOTONIC_RAW 1
| #define HAVE_LIBZ 1
| #define USE_IPV6 1
| #define HAVE_SOCKADDR_IN6_SIN6_SCOPE_ID 1
| #define HAVE_WRITABLE_ARGV 1
| #define HAVE_SYS_TYPES_H 1
| #define HAVE_SYS_TIME_H 1
| #define HAVE_SYS_SELECT_H 1
| #define HAVE_SYS_SOCKET_H 1
| #define HAVE_SYS_IOCTL_H 1
| #define HAVE_UNISTD_H 1
| #define HAVE_STDLIB_H 1
| #define HAVE_ARPA_INET_H 1
| #define HAVE_NET_IF_H 1
| #define HAVE_NETINET_IN_H 1
| #define HAVE_SYS_UN_H 1
| #define HAVE_LINUX_TCP_H 1
| #define HAVE_NETINET_TCP_H 1
| #define HAVE_NETINET_UDP_H 1
| #define HAVE_NETDB_H 1
| #define HAVE_SYS_STAT_H 1
| #define HAVE_SYS_PARAM_H 1
| #define HAVE_TERMIOS_H 1
| #define HAVE_FCNTL_H 1
| #define HAVE_PWD_H 1
| #define HAVE_UTIME_H 1
| #define HAVE_SYS_POLL_H 1
| #define HAVE_POLL_H 1
| #define HAVE_SYS_RESOURCE_H 1
| #define HAVE_LIBGEN_H 1
| #define HAVE_LOCALE_H 1
| #define HAVE_STDBOOL_H 1
| /* end confdefs.h.  */
| 
| #ifdef HAVE_SYS_TYPES_H
| #include <sys/types.h>
| #endif
| #ifdef HAVE_SYS_TIME_H
| #include <sys/time.h>
| #endif
| #ifdef HAVE_SYS_SELECT_H
| #include <sys/select.h>
| #elif defined(HAVE_UNISTD_H)
| #include <unistd.h>
| #endif
| #ifdef HAVE_SYS_SOCKET_H
| #include <sys/socket.h>
| #endif
| #ifdef HAVE_NETINET_IN_H
| #include <netinet/in.h>
| #endif
| #ifdef HAVE_NETINET_IN6_H
| #include <netinet/in6.h>
| #endif
| #ifdef HAVE_SYS_UN_H
| #include <sys/un.h>
| #endif
| 
| 
| 
| #include <sys/filio.h>
configure:34459: result: no
configure:34491: checking for sys/wait.h
configure:34491: x86_64-linux-musl-gcc -c -Werror-implicit-function-declaration -O2 -Wno-system-headers  -I/home/michko/runepkg/runepkg/.forge_musl/deps/include conftest.c >&5
configure:34491: $? = 0
configure:34491: result: yes
configure:34523: checking for sys/eventfd.h
configure:34523: x86_64-linux-musl-gcc -c -Werror-implicit-function-declaration -O2 -Wno-system-headers  -I/home/michko/runepkg/runepkg/.forge_musl/deps/include conftest.c >&5
configure:34523: $? = 0
configure:34523: result: yes
configure:34555: checking for setjmp.h
configure:34555: x86_64-linux-musl-gcc -c -Werror-implicit-function-declaration -O2 -Wno-system-headers  -I/home/michko/runepkg/runepkg/.forge_musl/deps/include conftest.c >&5
configure:34555: $? = 0
configure:34555: result: yes
configure:34590: checking for an ANSI C-conforming const
configure:34656: x86_64-linux-musl-gcc -c -Werror-implicit-function-declaration -O2 -Wno-system-headers  -I/home/michko/runepkg/runepkg/.forge_musl/deps/include conftest.c >&5
configure:34656: $? = 0
configure:34664: result: yes
configure:34672: checking for size_t
configure:34672: x86_64-linux-musl-gcc -c -Werror-implicit-function-declaration -O2 -Wno-system-headers  -I/home/michko/runepkg/runepkg/.forge_musl/deps/include conftest.c >&5
configure:34672: $? = 0
configure:34672: x86_64-linux-musl-gcc -c -Werror-implicit-function-declaration -O2 -Wno-system-headers  -I/home/michko/runepkg/runepkg/.forge_musl/deps/include conftest.c >&5
conftest.c: In function 'main':
conftest.c:98:21: error: expected expression before ')' token
   98 | if (sizeof ((size_t)))
      |                     ^
configure:34672: $? = 1
configure: failed program was:
| /* confdefs.h */
| #define PACKAGE_NAME "curl"
| #define PACKAGE_TARNAME "curl"
| #define PACKAGE_VERSION "-"
| #define PACKAGE_STRING "curl -"
| #define PACKAGE_BUGREPORT "a suitable curl mailing list: https://curl.se/mail/"
| #define PACKAGE_URL ""
| #define HAVE_STDIO_H 1
| #define HAVE_STDLIB_H 1
| #define HAVE_STRING_H 1
| #define HAVE_INTTYPES_H 1
| #define HAVE_STDINT_H 1
| #define HAVE_STRINGS_H 1
| #define HAVE_SYS_STAT_H 1
| #define HAVE_SYS_TYPES_H 1
| #define HAVE_UNISTD_H 1
| #define STDC_HEADERS 1
| #define HAVE_STDATOMIC_H 1
| #define HAVE_ATOMIC 1
| #define PACKAGE "curl"
| #define VERSION "-"
| #define OS "x86_64-pc-linux-musl"
| #define HAVE_DLFCN_H 1
| #define LT_OBJDIR ".libs/"
| #define CURL_DISABLE_LDAP 1
| #define CURL_DISABLE_LDAPS 1
| #define HAVE_SYS_TYPES_H 1
| #define HAVE_SYS_TIME_H 1
| #define HAVE_CLOCK_GETTIME_MONOTONIC 1
| #define HAVE_SYS_TYPES_H 1
| #define HAVE_SYS_TIME_H 1
| #define HAVE_CLOCK_GETTIME_MONOTONIC_RAW 1
| #define HAVE_LIBZ 1
| #define USE_IPV6 1
| #define HAVE_SOCKADDR_IN6_SIN6_SCOPE_ID 1
| #define HAVE_WRITABLE_ARGV 1
| #define HAVE_SYS_TYPES_H 1
| #define HAVE_SYS_TIME_H 1
| #define HAVE_SYS_SELECT_H 1
| #define HAVE_SYS_SOCKET_H 1
| #define HAVE_SYS_IOCTL_H 1
| #define HAVE_UNISTD_H 1
| #define HAVE_STDLIB_H 1
| #define HAVE_ARPA_INET_H 1
| #define HAVE_NET_IF_H 1
| #define HAVE_NETINET_IN_H 1
| #define HAVE_SYS_UN_H 1
| #define HAVE_LINUX_TCP_H 1
| #define HAVE_NETINET_TCP_H 1
| #define HAVE_NETINET_UDP_H 1
| #define HAVE_NETDB_H 1
| #define HAVE_SYS_STAT_H 1
| #define HAVE_SYS_PARAM_H 1
| #define HAVE_TERMIOS_H 1
| #define HAVE_FCNTL_H 1
| #define HAVE_PWD_H 1
| #define HAVE_UTIME_H 1
| #define HAVE_SYS_POLL_H 1
| #define HAVE_POLL_H 1
| #define HAVE_SYS_RESOURCE_H 1
| #define HAVE_LIBGEN_H 1
| #define HAVE_LOCALE_H 1
| #define HAVE_STDBOOL_H 1
| #define HAVE_SYS_WAIT_H 1
| #define HAVE_SYS_EVENTFD_H 1
| #define HAVE_SETJMP_H 1
| /* end confdefs.h.  */
| #include <stddef.h>
| #ifdef HAVE_STDIO_H
| # include <stdio.h>
| #endif
| #ifdef HAVE_STDLIB_H
| # include <stdlib.h>
| #endif
| #ifdef HAVE_STRING_H
| # include <string.h>
| #endif
| #ifdef HAVE_INTTYPES_H
| # include <inttypes.h>
| #endif
| #ifdef HAVE_STDINT_H
| # include <stdint.h>
| #endif
| #ifdef HAVE_STRINGS_H
| # include <strings.h>
| #endif
| #ifdef HAVE_SYS_TYPES_H
| # include <sys/types.h>
| #endif
| #ifdef HAVE_SYS_STAT_H
| # include <sys/stat.h>
| #endif
| #ifdef HAVE_UNISTD_H
| # include <unistd.h>
| #endif
| int main (void)
| {
| if (sizeof ((size_t)))
| 	    return 0;
|  ;
|  return 0;
| }
configure:34672: result: yes
configure:34684: checking for sys/types.h
configure:34684: result: yes
configure:34690: checking for sys/time.h
configure:34690: result: yes
configure:34696: checking for sys/socket.h
configure:34696: result: yes
configure:34703: checking for struct timeval
configure:34744: x86_64-linux-musl-gcc -c -Werror-implicit-function-declaration -O2 -Wno-system-headers  -I/home/michko/runepkg/runepkg/.forge_musl/deps/include conftest.c >&5
configure:34744: $? = 0
configure:34757: result: yes
configure:34771: checking run-time libs availability
configure:34829: sh ./run-compiler -o conftest -Werror-implicit-function-declaration -O2 -Wno-system-headers  -I/home/michko/runepkg/runepkg/.forge_musl/deps/include  -L/home/michko/runepkg/runepkg/.forge_musl/deps/lib conftest.c -lz  >&5
configure:34829: $? = 0
configure:34829: ./conftest
configure:34829: $? = 0
configure:34831: result: fine
configure:34854: checking size of size_t
configure:34875: x86_64-linux-musl-gcc -c -Werror-implicit-function-declaration -O2 -Wno-system-headers  -I/home/michko/runepkg/runepkg/.forge_musl/deps/include conftest.c >&5
configure:34875: $? = 0
configure:34891: result: 8
configure:34903: checking size of long
configure:34924: x86_64-linux-musl-gcc -c -Werror-implicit-function-declaration -O2 -Wno-system-headers  -I/home/michko/runepkg/runepkg/.forge_musl/deps/include conftest.c >&5
configure:34924: $? = 0
configure:34940: result: 8
configure:34952: checking size of int
configure:34973: x86_64-linux-musl-gcc -c -Werror-implicit-function-declaration -O2 -Wno-system-headers  -I/home/michko/runepkg/runepkg/.forge_musl/deps/include conftest.c >&5
conftest.c: In function 'main':
conftest.c:82:8: error: duplicate case value
   82 |        case (sizeof(int) == 8):;
      |        ^~~~
conftest.c:81:8: note: previously used here
   81 |        case 0:
      |        ^~~~
configure:34973: $? = 1
configure: failed program was:
| /* confdefs.h */
| #define PACKAGE_NAME "curl"
| #define PACKAGE_TARNAME "curl"
| #define PACKAGE_VERSION "-"
| #define PACKAGE_STRING "curl -"
| #define PACKAGE_BUGREPORT "a suitable curl mailing list: https://curl.se/mail/"
| #define PACKAGE_URL ""
| #define HAVE_STDIO_H 1
| #define HAVE_STDLIB_H 1
| #define HAVE_STRING_H 1
| #define HAVE_INTTYPES_H 1
| #define HAVE_STDINT_H 1
| #define HAVE_STRINGS_H 1
| #define HAVE_SYS_STAT_H 1
| #define HAVE_SYS_TYPES_H 1
| #define HAVE_UNISTD_H 1
| #define STDC_HEADERS 1
| #define HAVE_STDATOMIC_H 1
| #define HAVE_ATOMIC 1
| #define PACKAGE "curl"
| #define VERSION "-"
| #define OS "x86_64-pc-linux-musl"
| #define HAVE_DLFCN_H 1
| #define LT_OBJDIR ".libs/"
| #define CURL_DISABLE_LDAP 1
| #define CURL_DISABLE_LDAPS 1
| #define HAVE_SYS_TYPES_H 1
| #define HAVE_SYS_TIME_H 1
| #define HAVE_CLOCK_GETTIME_MONOTONIC 1
| #define HAVE_SYS_TYPES_H 1
| #define HAVE_SYS_TIME_H 1
| #define HAVE_CLOCK_GETTIME_MONOTONIC_RAW 1
| #define HAVE_LIBZ 1
| #define USE_IPV6 1
| #define HAVE_SOCKADDR_IN6_SIN6_SCOPE_ID 1
| #define HAVE_WRITABLE_ARGV 1
| #define HAVE_SYS_TYPES_H 1
| #define HAVE_SYS_TIME_H 1
| #define HAVE_SYS_SELECT_H 1
| #define HAVE_SYS_SOCKET_H 1
| #define HAVE_SYS_IOCTL_H 1
| #define HAVE_UNISTD_H 1
| #define HAVE_STDLIB_H 1
| #define HAVE_ARPA_INET_H 1
| #define HAVE_NET_IF_H 1
| #define HAVE_NETINET_IN_H 1
| #define HAVE_SYS_UN_H 1
| #define HAVE_LINUX_TCP_H 1
| #define HAVE_NETINET_TCP_H 1
| #define HAVE_NETINET_UDP_H 1
| #define HAVE_NETDB_H 1
| #define HAVE_SYS_STAT_H 1
| #define HAVE_SYS_PARAM_H 1
| #define HAVE_TERMIOS_H 1
| #define HAVE_FCNTL_H 1
| #define HAVE_PWD_H 1
| #define HAVE_UTIME_H 1
| #define HAVE_SYS_POLL_H 1
| #define HAVE_POLL_H 1
| #define HAVE_SYS_RESOURCE_H 1
| #define HAVE_LIBGEN_H 1
| #define HAVE_LOCALE_H 1
| #define HAVE_STDBOOL_H 1
| #define HAVE_SYS_WAIT_H 1
| #define HAVE_SYS_EVENTFD_H 1
| #define HAVE_SETJMP_H 1
| #define HAVE_SYS_TYPES_H 1
| #define HAVE_SYS_TIME_H 1
| #define HAVE_SYS_SOCKET_H 1
| #define HAVE_STRUCT_TIMEVAL 1
| #define SIZEOF_SIZE_T 8
| #define SIZEOF_LONG 8
| /* end confdefs.h.  */
| 
| #include <sys/types.h>
| 
| 
| int main (void)
| {
| switch(0) {
|        case 0:
|        case (sizeof(int) == 8):;
|      }
| 
|  ;
|  return 0;
| }
configure:34973: x86_64-linux-musl-gcc -c -Werror-implicit-function-declaration -O2 -Wno-system-headers  -I/home/michko/runepkg/runepkg/.forge_musl/deps/include conftest.c >&5
configure:34973: $? = 0
configure:34989: result: 4
configure:35001: checking size of time_t
configure:35022: x86_64-linux-musl-gcc -c -Werror-implicit-function-declaration -O2 -Wno-system-headers  -I/home/michko/runepkg/runepkg/.forge_musl/deps/include conftest.c >&5
configure:35022: $? = 0
configure:35038: result: 8
configure:35050: checking size of off_t
configure:35071: x86_64-linux-musl-gcc -c -Werror-implicit-function-declaration -O2 -Wno-system-headers  -I/home/michko/runepkg/runepkg/.forge_musl/deps/include conftest.c >&5
configure:35071: $? = 0
configure:35087: result: 8
configure:35102: checking size of curl_off_t
configure:35125: x86_64-linux-musl-gcc -c -Werror-implicit-function-declaration -O2 -Wno-system-headers -I./include  -I/home/michko/runepkg/runepkg/.forge_musl/deps/include conftest.c >&5
configure:35125: $? = 0
configure:35141: result: 8
configure:35153: checking size of curl_socket_t
configure:35176: x86_64-linux-musl-gcc -c -Werror-implicit-function-declaration -O2 -Wno-system-headers -I./include  -I/home/michko/runepkg/runepkg/.forge_musl/deps/include conftest.c >&5
conftest.c: In function 'main':
conftest.c:88:8: error: duplicate case value
   88 |        case (sizeof(curl_socket_t) == 8):;
      |        ^~~~
conftest.c:87:8: note: previously used here
   87 |        case 0:
      |        ^~~~
configure:35176: $? = 1
configure: failed program was:
| /* confdefs.h */
| #define PACKAGE_NAME "curl"
| #define PACKAGE_TARNAME "curl"
| #define PACKAGE_VERSION "-"
| #define PACKAGE_STRING "curl -"
| #define PACKAGE_BUGREPORT "a suitable curl mailing list: https://curl.se/mail/"
| #define PACKAGE_URL ""
| #define HAVE_STDIO_H 1
| #define HAVE_STDLIB_H 1
| #define HAVE_STRING_H 1
| #define HAVE_INTTYPES_H 1
| #define HAVE_STDINT_H 1
| #define HAVE_STRINGS_H 1
| #define HAVE_SYS_STAT_H 1
| #define HAVE_SYS_TYPES_H 1
| #define HAVE_UNISTD_H 1
| #define STDC_HEADERS 1
| #define HAVE_STDATOMIC_H 1
| #define HAVE_ATOMIC 1
| #define PACKAGE "curl"
| #define VERSION "-"
| #define OS "x86_64-pc-linux-musl"
| #define HAVE_DLFCN_H 1
| #define LT_OBJDIR ".libs/"
| #define CURL_DISABLE_LDAP 1
| #define CURL_DISABLE_LDAPS 1
| #define HAVE_SYS_TYPES_H 1
| #define HAVE_SYS_TIME_H 1
| #define HAVE_CLOCK_GETTIME_MONOTONIC 1
| #define HAVE_SYS_TYPES_H 1
| #define HAVE_SYS_TIME_H 1
| #define HAVE_CLOCK_GETTIME_MONOTONIC_RAW 1
| #define HAVE_LIBZ 1
| #define USE_IPV6 1
| #define HAVE_SOCKADDR_IN6_SIN6_SCOPE_ID 1
| #define HAVE_WRITABLE_ARGV 1
| #define HAVE_SYS_TYPES_H 1
| #define HAVE_SYS_TIME_H 1
| #define HAVE_SYS_SELECT_H 1
| #define HAVE_SYS_SOCKET_H 1
| #define HAVE_SYS_IOCTL_H 1
| #define HAVE_UNISTD_H 1
| #define HAVE_STDLIB_H 1
| #define HAVE_ARPA_INET_H 1
| #define HAVE_NET_IF_H 1
| #define HAVE_NETINET_IN_H 1
| #define HAVE_SYS_UN_H 1
| #define HAVE_LINUX_TCP_H 1
| #define HAVE_NETINET_TCP_H 1
| #define HAVE_NETINET_UDP_H 1
| #define HAVE_NETDB_H 1
| #define HAVE_SYS_STAT_H 1
| #define HAVE_SYS_PARAM_H 1
| #define HAVE_TERMIOS_H 1
| #define HAVE_FCNTL_H 1
| #define HAVE_PWD_H 1
| #define HAVE_UTIME_H 1
| #define HAVE_SYS_POLL_H 1
| #define HAVE_POLL_H 1
| #define HAVE_SYS_RESOURCE_H 1
| #define HAVE_LIBGEN_H 1
| #define HAVE_LOCALE_H 1
| #define HAVE_STDBOOL_H 1
| #define HAVE_SYS_WAIT_H 1
| #define HAVE_SYS_EVENTFD_H 1
| #define HAVE_SETJMP_H 1
| #define HAVE_SYS_TYPES_H 1
| #define HAVE_SYS_TIME_H 1
| #define HAVE_SYS_SOCKET_H 1
| #define HAVE_STRUCT_TIMEVAL 1
| #define SIZEOF_SIZE_T 8
| #define SIZEOF_LONG 8
| #define SIZEOF_INT 4
| #define SIZEOF_TIME_T 8
| #define SIZEOF_OFF_T 8
| #define SIZEOF_CURL_OFF_T 8
| /* end confdefs.h.  */
| 
| #include <sys/types.h>
| 
| #include <curl/curl.h>
| 
| 
| int main (void)
| {
| switch(0) {
|        case 0:
|        case (sizeof(curl_socket_t) == 8):;
|      }
| 
|  ;
|  return 0;
| }
configure:35176: x86_64-linux-musl-gcc -c -Werror-implicit-function-declaration -O2 -Wno-system-headers -I./include  -I/home/michko/runepkg/runepkg/.forge_musl/deps/include conftest.c >&5
configure:35176: $? = 0
configure:35192: result: 4
configure:35204: checking for long long
configure:35204: x86_64-linux-musl-gcc -c -Werror-implicit-function-declaration -O2 -Wno-system-headers  -I/home/michko/runepkg/runepkg/.forge_musl/deps/include conftest.c >&5
configure:35204: $? = 0
configure:35204: x86_64-linux-musl-gcc -c -Werror-implicit-function-declaration -O2 -Wno-system-headers  -I/home/michko/runepkg/runepkg/.forge_musl/deps/include conftest.c >&5
conftest.c: In function 'main':
conftest.c:109:24: error: expected expression before ')' token
  109 | if (sizeof ((long long)))
      |                        ^
configure:35204: $? = 1
configure: failed program was:
| /* confdefs.h */
| #define PACKAGE_NAME "curl"
| #define PACKAGE_TARNAME "curl"
| #define PACKAGE_VERSION "-"
| #define PACKAGE_STRING "curl -"
| #define PACKAGE_BUGREPORT "a suitable curl mailing list: https://curl.se/mail/"
| #define PACKAGE_URL ""
| #define HAVE_STDIO_H 1
| #define HAVE_STDLIB_H 1
| #define HAVE_STRING_H 1
| #define HAVE_INTTYPES_H 1
| #define HAVE_STDINT_H 1
| #define HAVE_STRINGS_H 1
| #define HAVE_SYS_STAT_H 1
| #define HAVE_SYS_TYPES_H 1
| #define HAVE_UNISTD_H 1
| #define STDC_HEADERS 1
| #define HAVE_STDATOMIC_H 1
| #define HAVE_ATOMIC 1
| #define PACKAGE "curl"
| #define VERSION "-"
| #define OS "x86_64-pc-linux-musl"
| #define HAVE_DLFCN_H 1
| #define LT_OBJDIR ".libs/"
| #define CURL_DISABLE_LDAP 1
| #define CURL_DISABLE_LDAPS 1
| #define HAVE_SYS_TYPES_H 1
| #define HAVE_SYS_TIME_H 1
| #define HAVE_CLOCK_GETTIME_MONOTONIC 1
| #define HAVE_SYS_TYPES_H 1
| #define HAVE_SYS_TIME_H 1
| #define HAVE_CLOCK_GETTIME_MONOTONIC_RAW 1
| #define HAVE_LIBZ 1
| #define USE_IPV6 1
| #define HAVE_SOCKADDR_IN6_SIN6_SCOPE_ID 1
| #define HAVE_WRITABLE_ARGV 1
| #define HAVE_SYS_TYPES_H 1
| #define HAVE_SYS_TIME_H 1
| #define HAVE_SYS_SELECT_H 1
| #define HAVE_SYS_SOCKET_H 1
| #define HAVE_SYS_IOCTL_H 1
| #define HAVE_UNISTD_H 1
| #define HAVE_STDLIB_H 1
| #define HAVE_ARPA_INET_H 1
| #define HAVE_NET_IF_H 1
| #define HAVE_NETINET_IN_H 1
| #define HAVE_SYS_UN_H 1
| #define HAVE_LINUX_TCP_H 1
| #define HAVE_NETINET_TCP_H 1
| #define HAVE_NETINET_UDP_H 1
| #define HAVE_NETDB_H 1
| #define HAVE_SYS_STAT_H 1
| #define HAVE_SYS_PARAM_H 1
| #define HAVE_TERMIOS_H 1
| #define HAVE_FCNTL_H 1
| #define HAVE_PWD_H 1
| #define HAVE_UTIME_H 1
| #define HAVE_SYS_POLL_H 1
| #define HAVE_POLL_H 1
| #define HAVE_SYS_RESOURCE_H 1
| #define HAVE_LIBGEN_H 1
| #define HAVE_LOCALE_H 1
| #define HAVE_STDBOOL_H 1
| #define HAVE_SYS_WAIT_H 1
| #define HAVE_SYS_EVENTFD_H 1
| #define HAVE_SETJMP_H 1
| #define HAVE_SYS_TYPES_H 1
| #define HAVE_SYS_TIME_H 1
| #define HAVE_SYS_SOCKET_H 1
| #define HAVE_STRUCT_TIMEVAL 1
| #define SIZEOF_SIZE_T 8
| #define SIZEOF_LONG 8
| #define SIZEOF_INT 4
| #define SIZEOF_TIME_T 8
| #define SIZEOF_OFF_T 8
| #define SIZEOF_CURL_OFF_T 8
| #define SIZEOF_CURL_SOCKET_T 4
| /* end confdefs.h.  */
| #include <stddef.h>
| #ifdef HAVE_STDIO_H
| # include <stdio.h>
| #endif
| #ifdef HAVE_STDLIB_H
| # include <stdlib.h>
| #endif
| #ifdef HAVE_STRING_H
| # include <string.h>
| #endif
| #ifdef HAVE_INTTYPES_H
| # include <inttypes.h>
| #endif
| #ifdef HAVE_STDINT_H
| # include <stdint.h>
| #endif
| #ifdef HAVE_STRINGS_H
| # include <strings.h>
| #endif
| #ifdef HAVE_SYS_TYPES_H
| # include <sys/types.h>
| #endif
| #ifdef HAVE_SYS_STAT_H
| # include <sys/stat.h>
| #endif
| #ifdef HAVE_UNISTD_H
| # include <unistd.h>
| #endif
| int main (void)
| {
| if (sizeof ((long long)))
| 	    return 0;
|  ;
|  return 0;
| }
configure:35204: result: yes
configure:35220: checking for ssize_t
configure:35220: x86_64-linux-musl-gcc -c -Werror-implicit-function-declaration -O2 -Wno-system-headers  -I/home/michko/runepkg/runepkg/.forge_musl/deps/include conftest.c >&5
configure:35220: $? = 0
configure:35220: x86_64-linux-musl-gcc -c -Werror-implicit-function-declaration -O2 -Wno-system-headers  -I/home/michko/runepkg/runepkg/.forge_musl/deps/include conftest.c >&5
conftest.c: In function 'main':
conftest.c:110:22: error: expected expression before ')' token
  110 | if (sizeof ((ssize_t)))
      |                      ^
configure:35220: $? = 1
configure: failed program was:
| /* confdefs.h */
| #define PACKAGE_NAME "curl"
| #define PACKAGE_TARNAME "curl"
| #define PACKAGE_VERSION "-"
| #define PACKAGE_STRING "curl -"
| #define PACKAGE_BUGREPORT "a suitable curl mailing list: https://curl.se/mail/"
| #define PACKAGE_URL ""
| #define HAVE_STDIO_H 1
| #define HAVE_STDLIB_H 1
| #define HAVE_STRING_H 1
| #define HAVE_INTTYPES_H 1
| #define HAVE_STDINT_H 1
| #define HAVE_STRINGS_H 1
| #define HAVE_SYS_STAT_H 1
| #define HAVE_SYS_TYPES_H 1
| #define HAVE_UNISTD_H 1
| #define STDC_HEADERS 1
| #define HAVE_STDATOMIC_H 1
| #define HAVE_ATOMIC 1
| #define PACKAGE "curl"
| #define VERSION "-"
| #define OS "x86_64-pc-linux-musl"
| #define HAVE_DLFCN_H 1
| #define LT_OBJDIR ".libs/"
| #define CURL_DISABLE_LDAP 1
| #define CURL_DISABLE_LDAPS 1
| #define HAVE_SYS_TYPES_H 1
| #define HAVE_SYS_TIME_H 1
| #define HAVE_CLOCK_GETTIME_MONOTONIC 1
| #define HAVE_SYS_TYPES_H 1
| #define HAVE_SYS_TIME_H 1
| #define HAVE_CLOCK_GETTIME_MONOTONIC_RAW 1
| #define HAVE_LIBZ 1
| #define USE_IPV6 1
| #define HAVE_SOCKADDR_IN6_SIN6_SCOPE_ID 1
| #define HAVE_WRITABLE_ARGV 1
| #define HAVE_SYS_TYPES_H 1
| #define HAVE_SYS_TIME_H 1
| #define HAVE_SYS_SELECT_H 1
| #define HAVE_SYS_SOCKET_H 1
| #define HAVE_SYS_IOCTL_H 1
| #define HAVE_UNISTD_H 1
| #define HAVE_STDLIB_H 1
| #define HAVE_ARPA_INET_H 1
| #define HAVE_NET_IF_H 1
| #define HAVE_NETINET_IN_H 1
| #define HAVE_SYS_UN_H 1
| #define HAVE_LINUX_TCP_H 1
| #define HAVE_NETINET_TCP_H 1
| #define HAVE_NETINET_UDP_H 1
| #define HAVE_NETDB_H 1
| #define HAVE_SYS_STAT_H 1
| #define HAVE_SYS_PARAM_H 1
| #define HAVE_TERMIOS_H 1
| #define HAVE_FCNTL_H 1
| #define HAVE_PWD_H 1
| #define HAVE_UTIME_H 1
| #define HAVE_SYS_POLL_H 1
| #define HAVE_POLL_H 1
| #define HAVE_SYS_RESOURCE_H 1
| #define HAVE_LIBGEN_H 1
| #define HAVE_LOCALE_H 1
| #define HAVE_STDBOOL_H 1
| #define HAVE_SYS_WAIT_H 1
| #define HAVE_SYS_EVENTFD_H 1
| #define HAVE_SETJMP_H 1
| #define HAVE_SYS_TYPES_H 1
| #define HAVE_SYS_TIME_H 1
| #define HAVE_SYS_SOCKET_H 1
| #define HAVE_STRUCT_TIMEVAL 1
| #define SIZEOF_SIZE_T 8
| #define SIZEOF_LONG 8
| #define SIZEOF_INT 4
| #define SIZEOF_TIME_T 8
| #define SIZEOF_OFF_T 8
| #define SIZEOF_CURL_OFF_T 8
| #define SIZEOF_CURL_SOCKET_T 4
| #define HAVE_LONGLONG 1
| /* end confdefs.h.  */
| #include <stddef.h>
| #ifdef HAVE_STDIO_H
| # include <stdio.h>
| #endif
| #ifdef HAVE_STDLIB_H
| # include <stdlib.h>
| #endif
| #ifdef HAVE_STRING_H
| # include <string.h>
| #endif
| #ifdef HAVE_INTTYPES_H
| # include <inttypes.h>
| #endif
| #ifdef HAVE_STDINT_H
| # include <stdint.h>
| #endif
| #ifdef HAVE_STRINGS_H
| # include <strings.h>
| #endif
| #ifdef HAVE_SYS_TYPES_H
| # include <sys/types.h>
| #endif
| #ifdef HAVE_SYS_STAT_H
| # include <sys/stat.h>
| #endif
| #ifdef HAVE_UNISTD_H
| # include <unistd.h>
| #endif
| int main (void)
| {
| if (sizeof ((ssize_t)))
| 	    return 0;
|  ;
|  return 0;
| }
configure:35220: result: yes
configure:35232: checking for bool
configure:35232: x86_64-linux-musl-gcc -c -Werror-implicit-function-declaration -O2 -Wno-system-headers  -I/home/michko/runepkg/runepkg/.forge_musl/deps/include conftest.c >&5
configure:35232: $? = 0
configure:35232: x86_64-linux-musl-gcc -c -Werror-implicit-function-declaration -O2 -Wno-system-headers  -I/home/michko/runepkg/runepkg/.forge_musl/deps/include conftest.c >&5
conftest.c: In function 'main':
conftest.c:91:19: error: expected expression before ')' token
   91 | if (sizeof ((bool)))
      |                   ^
configure:35232: $? = 1
configure: failed program was:
| /* confdefs.h */
| #define PACKAGE_NAME "curl"
| #define PACKAGE_TARNAME "curl"
| #define PACKAGE_VERSION "-"
| #define PACKAGE_STRING "curl -"
| #define PACKAGE_BUGREPORT "a suitable curl mailing list: https://curl.se/mail/"
| #define PACKAGE_URL ""
| #define HAVE_STDIO_H 1
| #define HAVE_STDLIB_H 1
| #define HAVE_STRING_H 1
| #define HAVE_INTTYPES_H 1
| #define HAVE_STDINT_H 1
| #define HAVE_STRINGS_H 1
| #define HAVE_SYS_STAT_H 1
| #define HAVE_SYS_TYPES_H 1
| #define HAVE_UNISTD_H 1
| #define STDC_HEADERS 1
| #define HAVE_STDATOMIC_H 1
| #define HAVE_ATOMIC 1
| #define PACKAGE "curl"
| #define VERSION "-"
| #define OS "x86_64-pc-linux-musl"
| #define HAVE_DLFCN_H 1
| #define LT_OBJDIR ".libs/"
| #define CURL_DISABLE_LDAP 1
| #define CURL_DISABLE_LDAPS 1
| #define HAVE_SYS_TYPES_H 1
| #define HAVE_SYS_TIME_H 1
| #define HAVE_CLOCK_GETTIME_MONOTONIC 1
| #define HAVE_SYS_TYPES_H 1
| #define HAVE_SYS_TIME_H 1
| #define HAVE_CLOCK_GETTIME_MONOTONIC_RAW 1
| #define HAVE_LIBZ 1
| #define USE_IPV6 1
| #define HAVE_SOCKADDR_IN6_SIN6_SCOPE_ID 1
| #define HAVE_WRITABLE_ARGV 1
| #define HAVE_SYS_TYPES_H 1
| #define HAVE_SYS_TIME_H 1
| #define HAVE_SYS_SELECT_H 1
| #define HAVE_SYS_SOCKET_H 1
| #define HAVE_SYS_IOCTL_H 1
| #define HAVE_UNISTD_H 1
| #define HAVE_STDLIB_H 1
| #define HAVE_ARPA_INET_H 1
| #define HAVE_NET_IF_H 1
| #define HAVE_NETINET_IN_H 1
| #define HAVE_SYS_UN_H 1
| #define HAVE_LINUX_TCP_H 1
| #define HAVE_NETINET_TCP_H 1
| #define HAVE_NETINET_UDP_H 1
| #define HAVE_NETDB_H 1
| #define HAVE_SYS_STAT_H 1
| #define HAVE_SYS_PARAM_H 1
| #define HAVE_TERMIOS_H 1
| #define HAVE_FCNTL_H 1
| #define HAVE_PWD_H 1
| #define HAVE_UTIME_H 1
| #define HAVE_SYS_POLL_H 1
| #define HAVE_POLL_H 1
| #define HAVE_SYS_RESOURCE_H 1
| #define HAVE_LIBGEN_H 1
| #define HAVE_LOCALE_H 1
| #define HAVE_STDBOOL_H 1
| #define HAVE_SYS_WAIT_H 1
| #define HAVE_SYS_EVENTFD_H 1
| #define HAVE_SETJMP_H 1
| #define HAVE_SYS_TYPES_H 1
| #define HAVE_SYS_TIME_H 1
| #define HAVE_SYS_SOCKET_H 1
| #define HAVE_STRUCT_TIMEVAL 1
| #define SIZEOF_SIZE_T 8
| #define SIZEOF_LONG 8
| #define SIZEOF_INT 4
| #define SIZEOF_TIME_T 8
| #define SIZEOF_OFF_T 8
| #define SIZEOF_CURL_OFF_T 8
| #define SIZEOF_CURL_SOCKET_T 4
| #define HAVE_LONGLONG 1
| /* end confdefs.h.  */
| 
| #ifdef HAVE_SYS_TYPES_H
| #include <sys/types.h>
| #endif
| #ifdef HAVE_STDBOOL_H
| #include <stdbool.h>
| #endif
| 
| 
| int main (void)
| {
| if (sizeof ((bool)))
| 	    return 0;
|  ;
|  return 0;
| }
configure:35232: result: yes
configure:35252: checking for sa_family_t
configure:35252: x86_64-linux-musl-gcc -c -Werror-implicit-function-declaration -O2 -Wno-system-headers  -I/home/michko/runepkg/runepkg/.forge_musl/deps/include conftest.c >&5
configure:35252: $? = 0
configure:35252: x86_64-linux-musl-gcc -c -Werror-implicit-function-declaration -O2 -Wno-system-headers  -I/home/michko/runepkg/runepkg/.forge_musl/deps/include conftest.c >&5
conftest.c: In function 'main':
conftest.c:89:26: error: expected expression before ')' token
   89 | if (sizeof ((sa_family_t)))
      |                          ^
configure:35252: $? = 1
configure: failed program was:
| /* confdefs.h */
| #define PACKAGE_NAME "curl"
| #define PACKAGE_TARNAME "curl"
| #define PACKAGE_VERSION "-"
| #define PACKAGE_STRING "curl -"
| #define PACKAGE_BUGREPORT "a suitable curl mailing list: https://curl.se/mail/"
| #define PACKAGE_URL ""
| #define HAVE_STDIO_H 1
| #define HAVE_STDLIB_H 1
| #define HAVE_STRING_H 1
| #define HAVE_INTTYPES_H 1
| #define HAVE_STDINT_H 1
| #define HAVE_STRINGS_H 1
| #define HAVE_SYS_STAT_H 1
| #define HAVE_SYS_TYPES_H 1
| #define HAVE_UNISTD_H 1
| #define STDC_HEADERS 1
| #define HAVE_STDATOMIC_H 1
| #define HAVE_ATOMIC 1
| #define PACKAGE "curl"
| #define VERSION "-"
| #define OS "x86_64-pc-linux-musl"
| #define HAVE_DLFCN_H 1
| #define LT_OBJDIR ".libs/"
| #define CURL_DISABLE_LDAP 1
| #define CURL_DISABLE_LDAPS 1
| #define HAVE_SYS_TYPES_H 1
| #define HAVE_SYS_TIME_H 1
| #define HAVE_CLOCK_GETTIME_MONOTONIC 1
| #define HAVE_SYS_TYPES_H 1
| #define HAVE_SYS_TIME_H 1
| #define HAVE_CLOCK_GETTIME_MONOTONIC_RAW 1
| #define HAVE_LIBZ 1
| #define USE_IPV6 1
| #define HAVE_SOCKADDR_IN6_SIN6_SCOPE_ID 1
| #define HAVE_WRITABLE_ARGV 1
| #define HAVE_SYS_TYPES_H 1
| #define HAVE_SYS_TIME_H 1
| #define HAVE_SYS_SELECT_H 1
| #define HAVE_SYS_SOCKET_H 1
| #define HAVE_SYS_IOCTL_H 1
| #define HAVE_UNISTD_H 1
| #define HAVE_STDLIB_H 1
| #define HAVE_ARPA_INET_H 1
| #define HAVE_NET_IF_H 1
| #define HAVE_NETINET_IN_H 1
| #define HAVE_SYS_UN_H 1
| #define HAVE_LINUX_TCP_H 1
| #define HAVE_NETINET_TCP_H 1
| #define HAVE_NETINET_UDP_H 1
| #define HAVE_NETDB_H 1
| #define HAVE_SYS_STAT_H 1
| #define HAVE_SYS_PARAM_H 1
| #define HAVE_TERMIOS_H 1
| #define HAVE_FCNTL_H 1
| #define HAVE_PWD_H 1
| #define HAVE_UTIME_H 1
| #define HAVE_SYS_POLL_H 1
| #define HAVE_POLL_H 1
| #define HAVE_SYS_RESOURCE_H 1
| #define HAVE_LIBGEN_H 1
| #define HAVE_LOCALE_H 1
| #define HAVE_STDBOOL_H 1
| #define HAVE_SYS_WAIT_H 1
| #define HAVE_SYS_EVENTFD_H 1
| #define HAVE_SETJMP_H 1
| #define HAVE_SYS_TYPES_H 1
| #define HAVE_SYS_TIME_H 1
| #define HAVE_SYS_SOCKET_H 1
| #define HAVE_STRUCT_TIMEVAL 1
| #define SIZEOF_SIZE_T 8
| #define SIZEOF_LONG 8
| #define SIZEOF_INT 4
| #define SIZEOF_TIME_T 8
| #define SIZEOF_OFF_T 8
| #define SIZEOF_CURL_OFF_T 8
| #define SIZEOF_CURL_SOCKET_T 4
| #define HAVE_LONGLONG 1
| #define HAVE_BOOL_T 1
| /* end confdefs.h.  */
| 
| #ifdef HAVE_SYS_SOCKET_H
| #include <sys/socket.h>
| #endif
| 
| 
| int main (void)
| {
| if (sizeof ((sa_family_t)))
| 	    return 0;
|  ;
|  return 0;
| }
configure:35252: result: yes
configure:35294: checking for suseconds_t
configure:35294: x86_64-linux-musl-gcc -c -Werror-implicit-function-declaration -O2 -Wno-system-headers  -I/home/michko/runepkg/runepkg/.forge_musl/deps/include conftest.c >&5
configure:35294: $? = 0
configure:35294: x86_64-linux-musl-gcc -c -Werror-implicit-function-declaration -O2 -Wno-system-headers  -I/home/michko/runepkg/runepkg/.forge_musl/deps/include conftest.c >&5
conftest.c: In function 'main':
conftest.c:93:26: error: expected expression before ')' token
   93 | if (sizeof ((suseconds_t)))
      |                          ^
configure:35294: $? = 1
configure: failed program was:
| /* confdefs.h */
| #define PACKAGE_NAME "curl"
| #define PACKAGE_TARNAME "curl"
| #define PACKAGE_VERSION "-"
| #define PACKAGE_STRING "curl -"
| #define PACKAGE_BUGREPORT "a suitable curl mailing list: https://curl.se/mail/"
| #define PACKAGE_URL ""
| #define HAVE_STDIO_H 1
| #define HAVE_STDLIB_H 1
| #define HAVE_STRING_H 1
| #define HAVE_INTTYPES_H 1
| #define HAVE_STDINT_H 1
| #define HAVE_STRINGS_H 1
| #define HAVE_SYS_STAT_H 1
| #define HAVE_SYS_TYPES_H 1
| #define HAVE_UNISTD_H 1
| #define STDC_HEADERS 1
| #define HAVE_STDATOMIC_H 1
| #define HAVE_ATOMIC 1
| #define PACKAGE "curl"
| #define VERSION "-"
| #define OS "x86_64-pc-linux-musl"
| #define HAVE_DLFCN_H 1
| #define LT_OBJDIR ".libs/"
| #define CURL_DISABLE_LDAP 1
| #define CURL_DISABLE_LDAPS 1
| #define HAVE_SYS_TYPES_H 1
| #define HAVE_SYS_TIME_H 1
| #define HAVE_CLOCK_GETTIME_MONOTONIC 1
| #define HAVE_SYS_TYPES_H 1
| #define HAVE_SYS_TIME_H 1
| #define HAVE_CLOCK_GETTIME_MONOTONIC_RAW 1
| #define HAVE_LIBZ 1
| #define USE_IPV6 1
| #define HAVE_SOCKADDR_IN6_SIN6_SCOPE_ID 1
| #define HAVE_WRITABLE_ARGV 1
| #define HAVE_SYS_TYPES_H 1
| #define HAVE_SYS_TIME_H 1
| #define HAVE_SYS_SELECT_H 1
| #define HAVE_SYS_SOCKET_H 1
| #define HAVE_SYS_IOCTL_H 1
| #define HAVE_UNISTD_H 1
| #define HAVE_STDLIB_H 1
| #define HAVE_ARPA_INET_H 1
| #define HAVE_NET_IF_H 1
| #define HAVE_NETINET_IN_H 1
| #define HAVE_SYS_UN_H 1
| #define HAVE_LINUX_TCP_H 1
| #define HAVE_NETINET_TCP_H 1
| #define HAVE_NETINET_UDP_H 1
| #define HAVE_NETDB_H 1
| #define HAVE_SYS_STAT_H 1
| #define HAVE_SYS_PARAM_H 1
| #define HAVE_TERMIOS_H 1
| #define HAVE_FCNTL_H 1
| #define HAVE_PWD_H 1
| #define HAVE_UTIME_H 1
| #define HAVE_SYS_POLL_H 1
| #define HAVE_POLL_H 1
| #define HAVE_SYS_RESOURCE_H 1
| #define HAVE_LIBGEN_H 1
| #define HAVE_LOCALE_H 1
| #define HAVE_STDBOOL_H 1
| #define HAVE_SYS_WAIT_H 1
| #define HAVE_SYS_EVENTFD_H 1
| #define HAVE_SETJMP_H 1
| #define HAVE_SYS_TYPES_H 1
| #define HAVE_SYS_TIME_H 1
| #define HAVE_SYS_SOCKET_H 1
| #define HAVE_STRUCT_TIMEVAL 1
| #define SIZEOF_SIZE_T 8
| #define SIZEOF_LONG 8
| #define SIZEOF_INT 4
| #define SIZEOF_TIME_T 8
| #define SIZEOF_OFF_T 8
| #define SIZEOF_CURL_OFF_T 8
| #define SIZEOF_CURL_SOCKET_T 4
| #define HAVE_LONGLONG 1
| #define HAVE_BOOL_T 1
| #define CURL_SA_FAMILY_T sa_family_t
| /* end confdefs.h.  */
| 
| #ifdef HAVE_SYS_TYPES_H
| #include <sys/types.h>
| #endif
| #ifdef HAVE_SYS_TIME_H
| #include <sys/time.h>
| #endif
| 
| 
| int main (void)
| {
| if (sizeof ((suseconds_t)))
| 	    return 0;
|  ;
|  return 0;
| }
configure:35294: result: yes
configure:35313: checking if time_t is unsigned
configure:35376: sh ./run-compiler -o conftest -Werror-implicit-function-declaration -O2 -Wno-system-headers  -I/home/michko/runepkg/runepkg/.forge_musl/deps/include  -L/home/michko/runepkg/runepkg/.forge_musl/deps/lib conftest.c -lz  >&5
configure:35376: $? = 0
configure:35376: ./conftest
configure:35376: $? = 1
configure: program exited with status 1
configure: failed program was:
| /* confdefs.h */
| #define PACKAGE_NAME "curl"
| #define PACKAGE_TARNAME "curl"
| #define PACKAGE_VERSION "-"
| #define PACKAGE_STRING "curl -"
| #define PACKAGE_BUGREPORT "a suitable curl mailing list: https://curl.se/mail/"
| #define PACKAGE_URL ""
| #define HAVE_STDIO_H 1
| #define HAVE_STDLIB_H 1
| #define HAVE_STRING_H 1
| #define HAVE_INTTYPES_H 1
| #define HAVE_STDINT_H 1
| #define HAVE_STRINGS_H 1
| #define HAVE_SYS_STAT_H 1
| #define HAVE_SYS_TYPES_H 1
| #define HAVE_UNISTD_H 1
| #define STDC_HEADERS 1
| #define HAVE_STDATOMIC_H 1
| #define HAVE_ATOMIC 1
| #define PACKAGE "curl"
| #define VERSION "-"
| #define OS "x86_64-pc-linux-musl"
| #define HAVE_DLFCN_H 1
| #define LT_OBJDIR ".libs/"
| #define CURL_DISABLE_LDAP 1
| #define CURL_DISABLE_LDAPS 1
| #define HAVE_SYS_TYPES_H 1
| #define HAVE_SYS_TIME_H 1
| #define HAVE_CLOCK_GETTIME_MONOTONIC 1
| #define HAVE_SYS_TYPES_H 1
| #define HAVE_SYS_TIME_H 1
| #define HAVE_CLOCK_GETTIME_MONOTONIC_RAW 1
| #define HAVE_LIBZ 1
| #define USE_IPV6 1
| #define HAVE_SOCKADDR_IN6_SIN6_SCOPE_ID 1
| #define HAVE_WRITABLE_ARGV 1
| #define HAVE_SYS_TYPES_H 1
| #define HAVE_SYS_TIME_H 1
| #define HAVE_SYS_SELECT_H 1
| #define HAVE_SYS_SOCKET_H 1
| #define HAVE_SYS_IOCTL_H 1
| #define HAVE_UNISTD_H 1
| #define HAVE_STDLIB_H 1
| #define HAVE_ARPA_INET_H 1
| #define HAVE_NET_IF_H 1
| #define HAVE_NETINET_IN_H 1
| #define HAVE_SYS_UN_H 1
| #define HAVE_LINUX_TCP_H 1
| #define HAVE_NETINET_TCP_H 1
| #define HAVE_NETINET_UDP_H 1
| #define HAVE_NETDB_H 1
| #define HAVE_SYS_STAT_H 1
| #define HAVE_SYS_PARAM_H 1
| #define HAVE_TERMIOS_H 1
| #define HAVE_FCNTL_H 1
| #define HAVE_PWD_H 1
| #define HAVE_UTIME_H 1
| #define HAVE_SYS_POLL_H 1
| #define HAVE_POLL_H 1
| #define HAVE_SYS_RESOURCE_H 1
| #define HAVE_LIBGEN_H 1
| #define HAVE_LOCALE_H 1
| #define HAVE_STDBOOL_H 1
| #define HAVE_SYS_WAIT_H 1
| #define HAVE_SYS_EVENTFD_H 1
| #define HAVE_SETJMP_H 1
| #define HAVE_SYS_TYPES_H 1
| #define HAVE_SYS_TIME_H 1
| #define HAVE_SYS_SOCKET_H 1
| #define HAVE_STRUCT_TIMEVAL 1
| #define SIZEOF_SIZE_T 8
| #define SIZEOF_LONG 8
| #define SIZEOF_INT 4
| #define SIZEOF_TIME_T 8
| #define SIZEOF_OFF_T 8
| #define SIZEOF_CURL_OFF_T 8
| #define SIZEOF_CURL_SOCKET_T 4
| #define HAVE_LONGLONG 1
| #define HAVE_BOOL_T 1
| #define CURL_SA_FAMILY_T sa_family_t
| #define HAVE_SUSECONDS_T 1
| /* end confdefs.h.  */
| 
|   #include <time.h>
|   #include <limits.h>
|   int main(void) {
|     time_t t = -1;
|     return (t < 0);
|   }
| 
configure:35385: result: no
configure:35400: checking for in_addr_t
configure:35400: x86_64-linux-musl-gcc -c -Werror-implicit-function-declaration -O2 -Wno-system-headers  -I/home/michko/runepkg/runepkg/.forge_musl/deps/include conftest.c >&5
configure:35400: $? = 0
configure:35400: x86_64-linux-musl-gcc -c -Werror-implicit-function-declaration -O2 -Wno-system-headers  -I/home/michko/runepkg/runepkg/.forge_musl/deps/include conftest.c >&5
conftest.c: In function 'main':
conftest.c:108:24: error: expected expression before ')' token
  108 | if (sizeof ((in_addr_t)))
      |                        ^
configure:35400: $? = 1
configure: failed program was:
| /* confdefs.h */
| #define PACKAGE_NAME "curl"
| #define PACKAGE_TARNAME "curl"
| #define PACKAGE_VERSION "-"
| #define PACKAGE_STRING "curl -"
| #define PACKAGE_BUGREPORT "a suitable curl mailing list: https://curl.se/mail/"
| #define PACKAGE_URL ""
| #define HAVE_STDIO_H 1
| #define HAVE_STDLIB_H 1
| #define HAVE_STRING_H 1
| #define HAVE_INTTYPES_H 1
| #define HAVE_STDINT_H 1
| #define HAVE_STRINGS_H 1
| #define HAVE_SYS_STAT_H 1
| #define HAVE_SYS_TYPES_H 1
| #define HAVE_UNISTD_H 1
| #define STDC_HEADERS 1
| #define HAVE_STDATOMIC_H 1
| #define HAVE_ATOMIC 1
| #define PACKAGE "curl"
| #define VERSION "-"
| #define OS "x86_64-pc-linux-musl"
| #define HAVE_DLFCN_H 1
| #define LT_OBJDIR ".libs/"
| #define CURL_DISABLE_LDAP 1
| #define CURL_DISABLE_LDAPS 1
| #define HAVE_SYS_TYPES_H 1
| #define HAVE_SYS_TIME_H 1
| #define HAVE_CLOCK_GETTIME_MONOTONIC 1
| #define HAVE_SYS_TYPES_H 1
| #define HAVE_SYS_TIME_H 1
| #define HAVE_CLOCK_GETTIME_MONOTONIC_RAW 1
| #define HAVE_LIBZ 1
| #define USE_IPV6 1
| #define HAVE_SOCKADDR_IN6_SIN6_SCOPE_ID 1
| #define HAVE_WRITABLE_ARGV 1
| #define HAVE_SYS_TYPES_H 1
| #define HAVE_SYS_TIME_H 1
| #define HAVE_SYS_SELECT_H 1
| #define HAVE_SYS_SOCKET_H 1
| #define HAVE_SYS_IOCTL_H 1
| #define HAVE_UNISTD_H 1
| #define HAVE_STDLIB_H 1
| #define HAVE_ARPA_INET_H 1
| #define HAVE_NET_IF_H 1
| #define HAVE_NETINET_IN_H 1
| #define HAVE_SYS_UN_H 1
| #define HAVE_LINUX_TCP_H 1
| #define HAVE_NETINET_TCP_H 1
| #define HAVE_NETINET_UDP_H 1
| #define HAVE_NETDB_H 1
| #define HAVE_SYS_STAT_H 1
| #define HAVE_SYS_PARAM_H 1
| #define HAVE_TERMIOS_H 1
| #define HAVE_FCNTL_H 1
| #define HAVE_PWD_H 1
| #define HAVE_UTIME_H 1
| #define HAVE_SYS_POLL_H 1
| #define HAVE_POLL_H 1
| #define HAVE_SYS_RESOURCE_H 1
| #define HAVE_LIBGEN_H 1
| #define HAVE_LOCALE_H 1
| #define HAVE_STDBOOL_H 1
| #define HAVE_SYS_WAIT_H 1
| #define HAVE_SYS_EVENTFD_H 1
| #define HAVE_SETJMP_H 1
| #define HAVE_SYS_TYPES_H 1
| #define HAVE_SYS_TIME_H 1
| #define HAVE_SYS_SOCKET_H 1
| #define HAVE_STRUCT_TIMEVAL 1
| #define SIZEOF_SIZE_T 8
| #define SIZEOF_LONG 8
| #define SIZEOF_INT 4
| #define SIZEOF_TIME_T 8
| #define SIZEOF_OFF_T 8
| #define SIZEOF_CURL_OFF_T 8
| #define SIZEOF_CURL_SOCKET_T 4
| #define HAVE_LONGLONG 1
| #define HAVE_BOOL_T 1
| #define CURL_SA_FAMILY_T sa_family_t
| #define HAVE_SUSECONDS_T 1
| /* end confdefs.h.  */
| 
| #undef inline
| #ifdef _WIN32
| #ifndef WIN32_LEAN_AND_MEAN
| #define WIN32_LEAN_AND_MEAN
| #endif
| #include <winsock2.h>
| #else
| #ifdef HAVE_SYS_TYPES_H
| #include <sys/types.h>
| #endif
| #ifdef HAVE_SYS_SOCKET_H
| #include <sys/socket.h>
| #endif
| #ifdef HAVE_NETINET_IN_H
| #include <netinet/in.h>
| #endif
| #ifdef HAVE_ARPA_INET_H
| #include <arpa/inet.h>
| #endif
| #endif
| 
| 
| int main (void)
| {
| if (sizeof ((in_addr_t)))
| 	    return 0;
|  ;
|  return 0;
| }
configure:35400: result: yes
configure:35503: checking for struct sockaddr_storage
configure:35503: x86_64-linux-musl-gcc -c -Werror-implicit-function-declaration -O2 -Wno-system-headers  -I/home/michko/runepkg/runepkg/.forge_musl/deps/include conftest.c >&5
configure:35503: $? = 0
configure:35503: x86_64-linux-musl-gcc -c -Werror-implicit-function-declaration -O2 -Wno-system-headers  -I/home/michko/runepkg/runepkg/.forge_musl/deps/include conftest.c >&5
conftest.c: In function 'main':
conftest.c:108:38: error: expected expression before ')' token
  108 | if (sizeof ((struct sockaddr_storage)))
      |                                      ^
configure:35503: $? = 1
configure: failed program was:
| /* confdefs.h */
| #define PACKAGE_NAME "curl"
| #define PACKAGE_TARNAME "curl"
| #define PACKAGE_VERSION "-"
| #define PACKAGE_STRING "curl -"
| #define PACKAGE_BUGREPORT "a suitable curl mailing list: https://curl.se/mail/"
| #define PACKAGE_URL ""
| #define HAVE_STDIO_H 1
| #define HAVE_STDLIB_H 1
| #define HAVE_STRING_H 1
| #define HAVE_INTTYPES_H 1
| #define HAVE_STDINT_H 1
| #define HAVE_STRINGS_H 1
| #define HAVE_SYS_STAT_H 1
| #define HAVE_SYS_TYPES_H 1
| #define HAVE_UNISTD_H 1
| #define STDC_HEADERS 1
| #define HAVE_STDATOMIC_H 1
| #define HAVE_ATOMIC 1
| #define PACKAGE "curl"
| #define VERSION "-"
| #define OS "x86_64-pc-linux-musl"
| #define HAVE_DLFCN_H 1
| #define LT_OBJDIR ".libs/"
| #define CURL_DISABLE_LDAP 1
| #define CURL_DISABLE_LDAPS 1
| #define HAVE_SYS_TYPES_H 1
| #define HAVE_SYS_TIME_H 1
| #define HAVE_CLOCK_GETTIME_MONOTONIC 1
| #define HAVE_SYS_TYPES_H 1
| #define HAVE_SYS_TIME_H 1
| #define HAVE_CLOCK_GETTIME_MONOTONIC_RAW 1
| #define HAVE_LIBZ 1
| #define USE_IPV6 1
| #define HAVE_SOCKADDR_IN6_SIN6_SCOPE_ID 1
| #define HAVE_WRITABLE_ARGV 1
| #define HAVE_SYS_TYPES_H 1
| #define HAVE_SYS_TIME_H 1
| #define HAVE_SYS_SELECT_H 1
| #define HAVE_SYS_SOCKET_H 1
| #define HAVE_SYS_IOCTL_H 1
| #define HAVE_UNISTD_H 1
| #define HAVE_STDLIB_H 1
| #define HAVE_ARPA_INET_H 1
| #define HAVE_NET_IF_H 1
| #define HAVE_NETINET_IN_H 1
| #define HAVE_SYS_UN_H 1
| #define HAVE_LINUX_TCP_H 1
| #define HAVE_NETINET_TCP_H 1
| #define HAVE_NETINET_UDP_H 1
| #define HAVE_NETDB_H 1
| #define HAVE_SYS_STAT_H 1
| #define HAVE_SYS_PARAM_H 1
| #define HAVE_TERMIOS_H 1
| #define HAVE_FCNTL_H 1
| #define HAVE_PWD_H 1
| #define HAVE_UTIME_H 1
| #define HAVE_SYS_POLL_H 1
| #define HAVE_POLL_H 1
| #define HAVE_SYS_RESOURCE_H 1
| #define HAVE_LIBGEN_H 1
| #define HAVE_LOCALE_H 1
| #define HAVE_STDBOOL_H 1
| #define HAVE_SYS_WAIT_H 1
| #define HAVE_SYS_EVENTFD_H 1
| #define HAVE_SETJMP_H 1
| #define HAVE_SYS_TYPES_H 1
| #define HAVE_SYS_TIME_H 1
| #define HAVE_SYS_SOCKET_H 1
| #define HAVE_STRUCT_TIMEVAL 1
| #define SIZEOF_SIZE_T 8
| #define SIZEOF_LONG 8
| #define SIZEOF_INT 4
| #define SIZEOF_TIME_T 8
| #define SIZEOF_OFF_T 8
| #define SIZEOF_CURL_OFF_T 8
| #define SIZEOF_CURL_SOCKET_T 4
| #define HAVE_LONGLONG 1
| #define HAVE_BOOL_T 1
| #define CURL_SA_FAMILY_T sa_family_t
| #define HAVE_SUSECONDS_T 1
| /* end confdefs.h.  */
| 
| #undef inline
| #ifdef _WIN32
| #ifndef WIN32_LEAN_AND_MEAN
| #define WIN32_LEAN_AND_MEAN
| #endif
| #include <winsock2.h>
| #else
| #ifdef HAVE_SYS_TYPES_H
| #include <sys/types.h>
| #endif
| #ifdef HAVE_SYS_SOCKET_H
| #include <sys/socket.h>
| #endif
| #ifdef HAVE_NETINET_IN_H
| #include <netinet/in.h>
| #endif
| #ifdef HAVE_ARPA_INET_H
| #include <arpa/inet.h>
| #endif
| #endif
| 
| 
| int main (void)
| {
| if (sizeof ((struct sockaddr_storage)))
| 	    return 0;
|  ;
|  return 0;
| }
configure:35503: result: yes
configure:35536: checking for sys/select.h
configure:35536: result: yes
configure:35542: checking for sys/socket.h
configure:35542: result: yes
configure:35550: checking for select
configure:35592: x86_64-linux-musl-gcc -o conftest -Werror-implicit-function-declaration -O2 -Wno-system-headers  -I/home/michko/runepkg/runepkg/.forge_musl/deps/include  -L/home/michko/runepkg/runepkg/.forge_musl/deps/lib conftest.c -lz  >&5
configure:35592: $? = 0
configure:35595: result: yes
configure:35618: checking for sys/types.h
configure:35618: result: yes
configure:35624: checking for sys/socket.h
configure:35624: result: yes
configure:35632: checking for recv
configure:35664: x86_64-linux-musl-gcc -o conftest -Werror-implicit-function-declaration -O2 -Wno-system-headers  -I/home/michko/runepkg/runepkg/.forge_musl/deps/include  -L/home/michko/runepkg/runepkg/.forge_musl/deps/lib conftest.c -lz  >&5
configure:35664: $? = 0
configure:35667: result: yes
configure:35691: checking for sys/types.h
configure:35691: result: yes
configure:35697: checking for sys/socket.h
configure:35697: result: yes
configure:35705: checking for send
configure:35737: x86_64-linux-musl-gcc -o conftest -Werror-implicit-function-declaration -O2 -Wno-system-headers  -I/home/michko/runepkg/runepkg/.forge_musl/deps/include  -L/home/michko/runepkg/runepkg/.forge_musl/deps/lib conftest.c -lz  >&5
configure:35737: $? = 0
configure:35740: result: yes
configure:35764: checking for sys/types.h
configure:35764: result: yes
configure:35770: checking for sys/socket.h
configure:35770: result: yes
configure:35777: checking for MSG_NOSIGNAL
configure:35813: x86_64-linux-musl-gcc -c -Werror-implicit-function-declaration -O2 -Wno-system-headers  -I/home/michko/runepkg/runepkg/.forge_musl/deps/include conftest.c >&5
configure:35813: $? = 0
configure:35826: result: yes
configure:35847: checking for sys/types.h
configure:35847: result: yes
configure:35854: checking for unistd.h
configure:35854: result: yes
configure:35870: checking if alarm can be linked
configure:35899: x86_64-linux-musl-gcc -o conftest -Werror-implicit-function-declaration -O2 -Wno-system-headers  -I/home/michko/runepkg/runepkg/.forge_musl/deps/include  -L/home/michko/runepkg/runepkg/.forge_musl/deps/lib conftest.c -lz  >&5
configure:35899: $? = 0
configure:35902: result: yes
configure:35917: checking if alarm is prototyped
configure:35929: result: yes
configure:35945: checking if alarm is compilable
configure:35964: x86_64-linux-musl-gcc -c -Werror-implicit-function-declaration -O2 -Wno-system-headers  -I/home/michko/runepkg/runepkg/.forge_musl/deps/include conftest.c >&5
configure:35964: $? = 0
configure:35967: result: yes
configure:35982: checking if alarm usage allowed
configure:35985: result: yes
configure:35995: checking if alarm might be used
configure:36001: result: yes
configure:36024: checking for sys/types.h
configure:36024: result: yes
configure:36031: checking for strings.h
configure:36031: result: yes
configure:36050: checking for sys/types.h
configure:36050: result: yes
configure:36057: checking for libgen.h
configure:36057: result: yes
configure:36073: checking if basename can be linked
configure:36102: x86_64-linux-musl-gcc -o conftest -Werror-implicit-function-declaration -O2 -Wno-system-headers  -I/home/michko/runepkg/runepkg/.forge_musl/deps/include  -L/home/michko/runepkg/runepkg/.forge_musl/deps/lib conftest.c -lz  >&5
configure:36102: $? = 0
configure:36105: result: yes
configure:36120: checking if basename is prototyped
configure:36134: result: yes
configure:36150: checking if basename is compilable
configure:36171: x86_64-linux-musl-gcc -c -Werror-implicit-function-declaration -O2 -Wno-system-headers  -I/home/michko/runepkg/runepkg/.forge_musl/deps/include conftest.c >&5
configure:36171: $? = 0
configure:36174: result: yes
configure:36189: checking if basename usage allowed
configure:36192: result: yes
configure:36202: checking if basename might be used
configure:36208: result: yes
configure:36230: checking for sys/types.h
configure:36230: result: yes
configure:36237: checking for socket.h
configure:36237: result: no
configure:36253: checking if closesocket can be linked
configure:36273: x86_64-linux-musl-gcc -o conftest -Werror-implicit-function-declaration -O2 -Wno-system-headers  -I/home/michko/runepkg/runepkg/.forge_musl/deps/include  -L/home/michko/runepkg/runepkg/.forge_musl/deps/lib conftest.c -lz  >&5
conftest.c: In function 'main':
conftest.c:127:15: error: implicit declaration of function 'closesocket' [-Werror=implicit-function-declaration]
  127 |       if(0 != closesocket(0))
      |               ^~~~~~~~~~~
cc1: some warnings being treated as errors
configure:36273: $? = 1
configure: failed program was:
| /* confdefs.h */
| #define PACKAGE_NAME "curl"
| #define PACKAGE_TARNAME "curl"
| #define PACKAGE_VERSION "-"
| #define PACKAGE_STRING "curl -"
| #define PACKAGE_BUGREPORT "a suitable curl mailing list: https://curl.se/mail/"
| #define PACKAGE_URL ""
| #define HAVE_STDIO_H 1
| #define HAVE_STDLIB_H 1
| #define HAVE_STRING_H 1
| #define HAVE_INTTYPES_H 1
| #define HAVE_STDINT_H 1
| #define HAVE_STRINGS_H 1
| #define HAVE_SYS_STAT_H 1
| #define HAVE_SYS_TYPES_H 1
| #define HAVE_UNISTD_H 1
| #define STDC_HEADERS 1
| #define HAVE_STDATOMIC_H 1
| #define HAVE_ATOMIC 1
| #define PACKAGE "curl"
| #define VERSION "-"
| #define OS "x86_64-pc-linux-musl"
| #define HAVE_DLFCN_H 1
| #define LT_OBJDIR ".libs/"
| #define CURL_DISABLE_LDAP 1
| #define CURL_DISABLE_LDAPS 1
| #define HAVE_SYS_TYPES_H 1
| #define HAVE_SYS_TIME_H 1
| #define HAVE_CLOCK_GETTIME_MONOTONIC 1
| #define HAVE_SYS_TYPES_H 1
| #define HAVE_SYS_TIME_H 1
| #define HAVE_CLOCK_GETTIME_MONOTONIC_RAW 1
| #define HAVE_LIBZ 1
| #define USE_IPV6 1
| #define HAVE_SOCKADDR_IN6_SIN6_SCOPE_ID 1
| #define HAVE_WRITABLE_ARGV 1
| #define HAVE_SYS_TYPES_H 1
| #define HAVE_SYS_TIME_H 1
| #define HAVE_SYS_SELECT_H 1
| #define HAVE_SYS_SOCKET_H 1
| #define HAVE_SYS_IOCTL_H 1
| #define HAVE_UNISTD_H 1
| #define HAVE_STDLIB_H 1
| #define HAVE_ARPA_INET_H 1
| #define HAVE_NET_IF_H 1
| #define HAVE_NETINET_IN_H 1
| #define HAVE_SYS_UN_H 1
| #define HAVE_LINUX_TCP_H 1
| #define HAVE_NETINET_TCP_H 1
| #define HAVE_NETINET_UDP_H 1
| #define HAVE_NETDB_H 1
| #define HAVE_SYS_STAT_H 1
| #define HAVE_SYS_PARAM_H 1
| #define HAVE_TERMIOS_H 1
| #define HAVE_FCNTL_H 1
| #define HAVE_PWD_H 1
| #define HAVE_UTIME_H 1
| #define HAVE_SYS_POLL_H 1
| #define HAVE_POLL_H 1
| #define HAVE_SYS_RESOURCE_H 1
| #define HAVE_LIBGEN_H 1
| #define HAVE_LOCALE_H 1
| #define HAVE_STDBOOL_H 1
| #define HAVE_SYS_WAIT_H 1
| #define HAVE_SYS_EVENTFD_H 1
| #define HAVE_SETJMP_H 1
| #define HAVE_SYS_TYPES_H 1
| #define HAVE_SYS_TIME_H 1
| #define HAVE_SYS_SOCKET_H 1
| #define HAVE_STRUCT_TIMEVAL 1
| #define SIZEOF_SIZE_T 8
| #define SIZEOF_LONG 8
| #define SIZEOF_INT 4
| #define SIZEOF_TIME_T 8
| #define SIZEOF_OFF_T 8
| #define SIZEOF_CURL_OFF_T 8
| #define SIZEOF_CURL_SOCKET_T 4
| #define HAVE_LONGLONG 1
| #define HAVE_BOOL_T 1
| #define CURL_SA_FAMILY_T sa_family_t
| #define HAVE_SUSECONDS_T 1
| #define HAVE_STRUCT_SOCKADDR_STORAGE 1
| #define HAVE_SYS_SELECT_H 1
| #define HAVE_SYS_SOCKET_H 1
| #define HAVE_SELECT 1
| #define HAVE_SYS_TYPES_H 1
| #define HAVE_SYS_SOCKET_H 1
| #define HAVE_RECV 1
| #define HAVE_SYS_TYPES_H 1
| #define HAVE_SYS_SOCKET_H 1
| #define HAVE_SEND 1
| #define HAVE_SYS_TYPES_H 1
| #define HAVE_SYS_SOCKET_H 1
| #define HAVE_MSG_NOSIGNAL 1
| #define HAVE_SYS_TYPES_H 1
| #define HAVE_UNISTD_H 1
| #define HAVE_ALARM 1
| #define HAVE_SYS_TYPES_H 1
| #define HAVE_STRINGS_H 1
| #define HAVE_SYS_TYPES_H 1
| #define HAVE_LIBGEN_H 1
| #define HAVE_BASENAME 1
| #define HAVE_SYS_TYPES_H 1
| /* end confdefs.h.  */
| 
| 
|       /* includes start */
| #ifdef _WIN32
| #  ifndef WIN32_LEAN_AND_MEAN
| #    define WIN32_LEAN_AND_MEAN
| #  endif
| #  include <winsock2.h>
| #endif
| /* includes end */
|       /* includes start */
| #ifdef HAVE_SYS_TYPES_H
| #  include <sys/types.h>
| #endif
| #ifdef HAVE_SOCKET_H
| #  include <socket.h>
| #endif
| /* includes end */
| 
| int main (void)
| {
| 
|       if(0 != closesocket(0))
|         return 1;
| 
|  ;
|  return 0;
| }
| 
configure:36282: result: no
configure:36371: checking if closesocket might be used
configure:36384: result: no
configure:36399: checking for sys/types.h
configure:36399: result: yes
configure:36406: checking for sys/socket.h
configure:36406: result: yes
configure:36422: checking if CloseSocket can be linked
configure:36442: x86_64-linux-musl-gcc -o conftest -Werror-implicit-function-declaration -O2 -Wno-system-headers  -I/home/michko/runepkg/runepkg/.forge_musl/deps/include  -L/home/michko/runepkg/runepkg/.forge_musl/deps/lib conftest.c -lz  >&5
conftest.c: In function 'main':
conftest.c:137:15: error: implicit declaration of function 'CloseSocket' [-Werror=implicit-function-declaration]
  137 |       if(0 != CloseSocket(0))
      |               ^~~~~~~~~~~
cc1: some warnings being treated as errors
configure:36442: $? = 1
configure: failed program was:
| /* confdefs.h */
| #define PACKAGE_NAME "curl"
| #define PACKAGE_TARNAME "curl"
| #define PACKAGE_VERSION "-"
| #define PACKAGE_STRING "curl -"
| #define PACKAGE_BUGREPORT "a suitable curl mailing list: https://curl.se/mail/"
| #define PACKAGE_URL ""
| #define HAVE_STDIO_H 1
| #define HAVE_STDLIB_H 1
| #define HAVE_STRING_H 1
| #define HAVE_INTTYPES_H 1
| #define HAVE_STDINT_H 1
| #define HAVE_STRINGS_H 1
| #define HAVE_SYS_STAT_H 1
| #define HAVE_SYS_TYPES_H 1
| #define HAVE_UNISTD_H 1
| #define STDC_HEADERS 1
| #define HAVE_STDATOMIC_H 1
| #define HAVE_ATOMIC 1
| #define PACKAGE "curl"
| #define VERSION "-"
| #define OS "x86_64-pc-linux-musl"
| #define HAVE_DLFCN_H 1
| #define LT_OBJDIR ".libs/"
| #define CURL_DISABLE_LDAP 1
| #define CURL_DISABLE_LDAPS 1
| #define HAVE_SYS_TYPES_H 1
| #define HAVE_SYS_TIME_H 1
| #define HAVE_CLOCK_GETTIME_MONOTONIC 1
| #define HAVE_SYS_TYPES_H 1
| #define HAVE_SYS_TIME_H 1
| #define HAVE_CLOCK_GETTIME_MONOTONIC_RAW 1
| #define HAVE_LIBZ 1
| #define USE_IPV6 1
| #define HAVE_SOCKADDR_IN6_SIN6_SCOPE_ID 1
| #define HAVE_WRITABLE_ARGV 1
| #define HAVE_SYS_TYPES_H 1
| #define HAVE_SYS_TIME_H 1
| #define HAVE_SYS_SELECT_H 1
| #define HAVE_SYS_SOCKET_H 1
| #define HAVE_SYS_IOCTL_H 1
| #define HAVE_UNISTD_H 1
| #define HAVE_STDLIB_H 1
| #define HAVE_ARPA_INET_H 1
| #define HAVE_NET_IF_H 1
| #define HAVE_NETINET_IN_H 1
| #define HAVE_SYS_UN_H 1
| #define HAVE_LINUX_TCP_H 1
| #define HAVE_NETINET_TCP_H 1
| #define HAVE_NETINET_UDP_H 1
| #define HAVE_NETDB_H 1
| #define HAVE_SYS_STAT_H 1
| #define HAVE_SYS_PARAM_H 1
| #define HAVE_TERMIOS_H 1
| #define HAVE_FCNTL_H 1
| #define HAVE_PWD_H 1
| #define HAVE_UTIME_H 1
| #define HAVE_SYS_POLL_H 1
| #define HAVE_POLL_H 1
| #define HAVE_SYS_RESOURCE_H 1
| #define HAVE_LIBGEN_H 1
| #define HAVE_LOCALE_H 1
| #define HAVE_STDBOOL_H 1
| #define HAVE_SYS_WAIT_H 1
| #define HAVE_SYS_EVENTFD_H 1
| #define HAVE_SETJMP_H 1
| #define HAVE_SYS_TYPES_H 1
| #define HAVE_SYS_TIME_H 1
| #define HAVE_SYS_SOCKET_H 1
| #define HAVE_STRUCT_TIMEVAL 1
| #define SIZEOF_SIZE_T 8
| #define SIZEOF_LONG 8
| #define SIZEOF_INT 4
| #define SIZEOF_TIME_T 8
| #define SIZEOF_OFF_T 8
| #define SIZEOF_CURL_OFF_T 8
| #define SIZEOF_CURL_SOCKET_T 4
| #define HAVE_LONGLONG 1
| #define HAVE_BOOL_T 1
| #define CURL_SA_FAMILY_T sa_family_t
| #define HAVE_SUSECONDS_T 1
| #define HAVE_STRUCT_SOCKADDR_STORAGE 1
| #define HAVE_SYS_SELECT_H 1
| #define HAVE_SYS_SOCKET_H 1
| #define HAVE_SELECT 1
| #define HAVE_SYS_TYPES_H 1
| #define HAVE_SYS_SOCKET_H 1
| #define HAVE_RECV 1
| #define HAVE_SYS_TYPES_H 1
| #define HAVE_SYS_SOCKET_H 1
| #define HAVE_SEND 1
| #define HAVE_SYS_TYPES_H 1
| #define HAVE_SYS_SOCKET_H 1
| #define HAVE_MSG_NOSIGNAL 1
| #define HAVE_SYS_TYPES_H 1
| #define HAVE_UNISTD_H 1
| #define HAVE_ALARM 1
| #define HAVE_SYS_TYPES_H 1
| #define HAVE_STRINGS_H 1
| #define HAVE_SYS_TYPES_H 1
| #define HAVE_LIBGEN_H 1
| #define HAVE_BASENAME 1
| #define HAVE_SYS_TYPES_H 1
| #define HAVE_SYS_TYPES_H 1
| #define HAVE_SYS_SOCKET_H 1
| /* end confdefs.h.  */
| 
| 
|       /* includes start */
| #if defined(HAVE_PROTO_BSDSOCKET_H)
| #  define __NO_NET_API
| #  define __USE_INLINE__
| #  include <proto/bsdsocket.h>
| #  ifdef HAVE_SYS_IOCTL_H
| #    include <sys/ioctl.h>
| #  endif
| #  ifdef __amigaos4__
| struct SocketIFace *ISocket = NULL;
| #  else
| struct Library *SocketBase = NULL;
| #  endif
| #  define select(a,b,c,d,e) WaitSelect(a,b,c,d,e,0)
| #endif
| /* includes end */
|       /* includes start */
| #ifdef HAVE_SYS_TYPES_H
| #  include <sys/types.h>
| #endif
| #ifdef HAVE_SYS_SOCKET_H
| #  include <sys/socket.h>
| #endif
| /* includes end */
| 
| int main (void)
| {
| 
|       if(0 != CloseSocket(0))
|         return 1;
| 
|  ;
|  return 0;
| }
| 
configure:36451: result: no
configure:36540: checking if CloseSocket might be used
configure:36553: result: no
configure:36571: checking for sys/types.h
configure:36571: result: yes
configure:36578: checking for unistd.h
configure:36578: result: yes
configure:36585: checking for fcntl.h
configure:36585: result: yes
configure:36601: checking if fcntl can be linked
configure:36630: x86_64-linux-musl-gcc -o conftest -Werror-implicit-function-declaration -O2 -Wno-system-headers  -I/home/michko/runepkg/runepkg/.forge_musl/deps/include  -L/home/michko/runepkg/runepkg/.forge_musl/deps/lib conftest.c -lz  >&5
configure:36630: $? = 0
configure:36633: result: yes
configure:36648: checking if fcntl is prototyped
configure:36660: result: yes
configure:36676: checking if fcntl is compilable
configure:36695: x86_64-linux-musl-gcc -c -Werror-implicit-function-declaration -O2 -Wno-system-headers  -I/home/michko/runepkg/runepkg/.forge_musl/deps/include conftest.c >&5
configure:36695: $? = 0
configure:36698: result: yes
configure:36713: checking if fcntl usage allowed
configure:36716: result: yes
configure:36726: checking if fcntl might be used
configure:36732: result: yes
configure:36750: checking if fcntl O_NONBLOCK is compilable
configure:36770: x86_64-linux-musl-gcc -c -Werror-implicit-function-declaration -O2 -Wno-system-headers  -I/home/michko/runepkg/runepkg/.forge_musl/deps/include conftest.c >&5
configure:36770: $? = 0
configure:36773: result: yes
configure:36788: checking if fcntl O_NONBLOCK usage allowed
configure:36791: result: yes
configure:36801: checking if fcntl O_NONBLOCK might be used
configure:36805: result: yes
configure:36835: checking whether build target is a native Windows one
configure:36874: result: no
configure:36896: checking for sys/types.h
configure:36896: result: yes
configure:36903: checking for netdb.h
configure:36903: result: yes
configure:36919: checking if freeaddrinfo can be linked
configure:36939: x86_64-linux-musl-gcc -o conftest -Werror-implicit-function-declaration -O2 -Wno-system-headers  -I/home/michko/runepkg/runepkg/.forge_musl/deps/include  -L/home/michko/runepkg/runepkg/.forge_musl/deps/lib conftest.c -lz  >&5
configure:36939: $? = 0
configure:36942: result: yes
configure:36957: checking if freeaddrinfo is prototyped
configure:36971: result: yes
configure:36987: checking if freeaddrinfo is compilable
configure:37007: x86_64-linux-musl-gcc -c -Werror-implicit-function-declaration -O2 -Wno-system-headers  -I/home/michko/runepkg/runepkg/.forge_musl/deps/include conftest.c >&5
configure:37007: $? = 0
configure:37010: result: yes
configure:37025: checking if freeaddrinfo usage allowed
configure:37028: result: yes
configure:37038: checking if freeaddrinfo might be used
configure:37044: result: yes
configure:37066: checking for sys/types.h
configure:37066: result: yes
configure:37073: checking for sys/xattr.h
configure:37073: x86_64-linux-musl-gcc -c -Werror-implicit-function-declaration -O2 -Wno-system-headers  -I/home/michko/runepkg/runepkg/.forge_musl/deps/include conftest.c >&5
configure:37073: $? = 0
configure:37073: result: yes
configure:37090: checking if fsetxattr can be linked
configure:37119: x86_64-linux-musl-gcc -o conftest -Werror-implicit-function-declaration -O2 -Wno-system-headers  -I/home/michko/runepkg/runepkg/.forge_musl/deps/include  -L/home/michko/runepkg/runepkg/.forge_musl/deps/lib conftest.c -lz  >&5
configure:37119: $? = 0
configure:37122: result: yes
configure:37137: checking if fsetxattr is prototyped
configure:37149: result: yes
configure:37166: checking if fsetxattr takes 5 args.
configure:37185: x86_64-linux-musl-gcc -c -Werror-implicit-function-declaration -O2 -Wno-system-headers  -I/home/michko/runepkg/runepkg/.forge_musl/deps/include conftest.c >&5
configure:37185: $? = 0
configure:37188: result: yes
configure:37239: checking if fsetxattr is compilable
configure:37242: result: yes
configure:37251: checking if fsetxattr usage allowed
configure:37254: result: yes
configure:37264: checking if fsetxattr might be used
configure:37270: result: yes
configure:37300: checking if ftruncate can be linked
configure:37329: x86_64-linux-musl-gcc -o conftest -Werror-implicit-function-declaration -O2 -Wno-system-headers  -I/home/michko/runepkg/runepkg/.forge_musl/deps/include  -L/home/michko/runepkg/runepkg/.forge_musl/deps/lib conftest.c -lz  >&5
configure:37329: $? = 0
configure:37332: result: yes
configure:37347: checking if ftruncate is prototyped
configure:37359: result: yes
configure:37375: checking if ftruncate is compilable
configure:37394: x86_64-linux-musl-gcc -c -Werror-implicit-function-declaration -O2 -Wno-system-headers  -I/home/michko/runepkg/runepkg/.forge_musl/deps/include conftest.c >&5
configure:37394: $? = 0
configure:37397: result: yes
configure:37412: checking if ftruncate usage allowed
configure:37415: result: yes
configure:37425: checking if ftruncate might be used
configure:37431: result: yes
configure:37451: checking for sys/types.h
configure:37451: result: yes
configure:37469: checking if getaddrinfo can be linked
configure:37490: x86_64-linux-musl-gcc -o conftest -Werror-implicit-function-declaration -O2 -Wno-system-headers  -I/home/michko/runepkg/runepkg/.forge_musl/deps/include  -L/home/michko/runepkg/runepkg/.forge_musl/deps/lib conftest.c -lz  >&5
configure:37490: $? = 0
configure:37493: result: yes
configure:37508: checking if getaddrinfo is prototyped
configure:37522: result: yes
configure:37538: checking if getaddrinfo is compilable
configure:37559: x86_64-linux-musl-gcc -c -Werror-implicit-function-declaration -O2 -Wno-system-headers  -I/home/michko/runepkg/runepkg/.forge_musl/deps/include conftest.c >&5
configure:37559: $? = 0
configure:37562: result: yes
configure:37578: checking if getaddrinfo seems to work
configure:37696: sh ./run-compiler -o conftest -Werror-implicit-function-declaration -O2 -Wno-system-headers  -I/home/michko/runepkg/runepkg/.forge_musl/deps/include  -L/home/michko/runepkg/runepkg/.forge_musl/deps/lib conftest.c -lz  >&5
configure:37696: $? = 0
configure:37696: ./conftest
configure:37696: $? = 0
configure:37698: result: yes
configure:37721: checking if getaddrinfo usage allowed
configure:37724: result: yes
configure:37734: checking if getaddrinfo might be used
configure:37741: result: yes
configure:37755: checking if getaddrinfo is threadsafe
configure:37823: x86_64-linux-musl-gcc -c -Werror-implicit-function-declaration -O2 -Wno-system-headers  -I/home/michko/runepkg/runepkg/.forge_musl/deps/include conftest.c >&5
configure:37823: $? = 0
configure:37866: x86_64-linux-musl-gcc -c -Werror-implicit-function-declaration -O2 -Wno-system-headers  -I/home/michko/runepkg/runepkg/.forge_musl/deps/include conftest.c >&5
configure:37866: $? = 0
configure:37898: x86_64-linux-musl-gcc -c -Werror-implicit-function-declaration -O2 -Wno-system-headers  -I/home/michko/runepkg/runepkg/.forge_musl/deps/include conftest.c >&5
conftest.c: In function 'main':
conftest.c:133:12: error: #error force compilation error
  133 |           #error force compilation error
      |            ^~~~~
configure:37898: $? = 1
configure: failed program was:
| /* confdefs.h */
| #define PACKAGE_NAME "curl"
| #define PACKAGE_TARNAME "curl"
| #define PACKAGE_VERSION "-"
| #define PACKAGE_STRING "curl -"
| #define PACKAGE_BUGREPORT "a suitable curl mailing list: https://curl.se/mail/"
| #define PACKAGE_URL ""
| #define HAVE_STDIO_H 1
| #define HAVE_STDLIB_H 1
| #define HAVE_STRING_H 1
| #define HAVE_INTTYPES_H 1
| #define HAVE_STDINT_H 1
| #define HAVE_STRINGS_H 1
| #define HAVE_SYS_STAT_H 1
| #define HAVE_SYS_TYPES_H 1
| #define HAVE_UNISTD_H 1
| #define STDC_HEADERS 1
| #define HAVE_STDATOMIC_H 1
| #define HAVE_ATOMIC 1
| #define PACKAGE "curl"
| #define VERSION "-"
| #define OS "x86_64-pc-linux-musl"
| #define HAVE_DLFCN_H 1
| #define LT_OBJDIR ".libs/"
| #define CURL_DISABLE_LDAP 1
| #define CURL_DISABLE_LDAPS 1
| #define HAVE_SYS_TYPES_H 1
| #define HAVE_SYS_TIME_H 1
| #define HAVE_CLOCK_GETTIME_MONOTONIC 1
| #define HAVE_SYS_TYPES_H 1
| #define HAVE_SYS_TIME_H 1
| #define HAVE_CLOCK_GETTIME_MONOTONIC_RAW 1
| #define HAVE_LIBZ 1
| #define USE_IPV6 1
| #define HAVE_SOCKADDR_IN6_SIN6_SCOPE_ID 1
| #define HAVE_WRITABLE_ARGV 1
| #define HAVE_SYS_TYPES_H 1
| #define HAVE_SYS_TIME_H 1
| #define HAVE_SYS_SELECT_H 1
| #define HAVE_SYS_SOCKET_H 1
| #define HAVE_SYS_IOCTL_H 1
| #define HAVE_UNISTD_H 1
| #define HAVE_STDLIB_H 1
| #define HAVE_ARPA_INET_H 1
| #define HAVE_NET_IF_H 1
| #define HAVE_NETINET_IN_H 1
| #define HAVE_SYS_UN_H 1
| #define HAVE_LINUX_TCP_H 1
| #define HAVE_NETINET_TCP_H 1
| #define HAVE_NETINET_UDP_H 1
| #define HAVE_NETDB_H 1
| #define HAVE_SYS_STAT_H 1
| #define HAVE_SYS_PARAM_H 1
| #define HAVE_TERMIOS_H 1
| #define HAVE_FCNTL_H 1
| #define HAVE_PWD_H 1
| #define HAVE_UTIME_H 1
| #define HAVE_SYS_POLL_H 1
| #define HAVE_POLL_H 1
| #define HAVE_SYS_RESOURCE_H 1
| #define HAVE_LIBGEN_H 1
| #define HAVE_LOCALE_H 1
| #define HAVE_STDBOOL_H 1
| #define HAVE_SYS_WAIT_H 1
| #define HAVE_SYS_EVENTFD_H 1
| #define HAVE_SETJMP_H 1
| #define HAVE_SYS_TYPES_H 1
| #define HAVE_SYS_TIME_H 1
| #define HAVE_SYS_SOCKET_H 1
| #define HAVE_STRUCT_TIMEVAL 1
| #define SIZEOF_SIZE_T 8
| #define SIZEOF_LONG 8
| #define SIZEOF_INT 4
| #define SIZEOF_TIME_T 8
| #define SIZEOF_OFF_T 8
| #define SIZEOF_CURL_OFF_T 8
| #define SIZEOF_CURL_SOCKET_T 4
| #define HAVE_LONGLONG 1
| #define HAVE_BOOL_T 1
| #define CURL_SA_FAMILY_T sa_family_t
| #define HAVE_SUSECONDS_T 1
| #define HAVE_STRUCT_SOCKADDR_STORAGE 1
| #define HAVE_SYS_SELECT_H 1
| #define HAVE_SYS_SOCKET_H 1
| #define HAVE_SELECT 1
| #define HAVE_SYS_TYPES_H 1
| #define HAVE_SYS_SOCKET_H 1
| #define HAVE_RECV 1
| #define HAVE_SYS_TYPES_H 1
| #define HAVE_SYS_SOCKET_H 1
| #define HAVE_SEND 1
| #define HAVE_SYS_TYPES_H 1
| #define HAVE_SYS_SOCKET_H 1
| #define HAVE_MSG_NOSIGNAL 1
| #define HAVE_SYS_TYPES_H 1
| #define HAVE_UNISTD_H 1
| #define HAVE_ALARM 1
| #define HAVE_SYS_TYPES_H 1
| #define HAVE_STRINGS_H 1
| #define HAVE_SYS_TYPES_H 1
| #define HAVE_LIBGEN_H 1
| #define HAVE_BASENAME 1
| #define HAVE_SYS_TYPES_H 1
| #define HAVE_SYS_TYPES_H 1
| #define HAVE_SYS_SOCKET_H 1
| #define HAVE_SYS_TYPES_H 1
| #define HAVE_UNISTD_H 1
| #define HAVE_FCNTL_H 1
| #define HAVE_FCNTL 1
| #define HAVE_FCNTL_O_NONBLOCK 1
| #define HAVE_SYS_TYPES_H 1
| #define HAVE_NETDB_H 1
| #define HAVE_FREEADDRINFO 1
| #define HAVE_SYS_TYPES_H 1
| #define HAVE_SYS_XATTR_H 1
| #define HAVE_FSETXATTR 1
| #define HAVE_FSETXATTR_5 1
| #define HAVE_FTRUNCATE 1
| #define HAVE_SYS_TYPES_H 1
| #define HAVE_GETADDRINFO 1
| /* end confdefs.h.  */
| 
| 
| 
| int main (void)
| {
| 
| #if defined(_POSIX_C_SOURCE) && (_POSIX_C_SOURCE >= 200809L)
|           return 0;
| #elif defined(_XOPEN_SOURCE) && (_XOPEN_SOURCE >= 700)
|           return 0;
| #else
|           #error force compilation error
| #endif
| 
|  ;
|  return 0;
| }
| 
configure:37917: result: yes
configure:37936: checking if gethostbyname can be linked
configure:37957: x86_64-linux-musl-gcc -o conftest -Werror-implicit-function-declaration -O2 -Wno-system-headers  -I/home/michko/runepkg/runepkg/.forge_musl/deps/include  -L/home/michko/runepkg/runepkg/.forge_musl/deps/lib conftest.c -lz  >&5
configure:37957: $? = 0
configure:37960: result: yes
configure:37975: checking if gethostbyname is prototyped
configure:37989: result: yes
configure:38005: checking if gethostbyname is compilable
configure:38026: x86_64-linux-musl-gcc -c -Werror-implicit-function-declaration -O2 -Wno-system-headers  -I/home/michko/runepkg/runepkg/.forge_musl/deps/include conftest.c >&5
configure:38026: $? = 0
configure:38029: result: yes
configure:38044: checking if gethostbyname usage allowed
configure:38047: result: yes
configure:38057: checking if gethostbyname might be used
configure:38063: result: yes
configure:38083: checking if gethostbyname_r can be linked
configure:38112: x86_64-linux-musl-gcc -o conftest -Werror-implicit-function-declaration -O2 -Wno-system-headers  -I/home/michko/runepkg/runepkg/.forge_musl/deps/include  -L/home/michko/runepkg/runepkg/.forge_musl/deps/lib conftest.c -lz  >&5
configure:38112: $? = 0
configure:38115: result: yes
configure:38130: checking if gethostbyname_r is prototyped
configure:38142: result: yes
configure:38159: checking if gethostbyname_r takes 3 args.
configure:38179: x86_64-linux-musl-gcc -c -Werror-implicit-function-declaration -O2 -Wno-system-headers  -I/home/michko/runepkg/runepkg/.forge_musl/deps/include conftest.c >&5
conftest.c: In function 'main':
conftest.c:154:19: error: too few arguments to function 'gethostbyname_r'
  154 |           if(0 != gethostbyname_r(0, 0, 0))
      |                   ^~~~~~~~~~~~~~~
In file included from conftest.c:131:
/home/michko/runepkg/runepkg/.forge_musl/toolchain/x86_64-linux-musl/include/netdb.h:133:5: note: declared here
  133 | int gethostbyname_r(const char *, struct hostent *, char *, size_t, struct hostent **, int *);
      |     ^~~~~~~~~~~~~~~
configure:38179: $? = 1
configure: failed program was:
| /* confdefs.h */
| #define PACKAGE_NAME "curl"
| #define PACKAGE_TARNAME "curl"
| #define PACKAGE_VERSION "-"
| #define PACKAGE_STRING "curl -"
| #define PACKAGE_BUGREPORT "a suitable curl mailing list: https://curl.se/mail/"
| #define PACKAGE_URL ""
| #define HAVE_STDIO_H 1
| #define HAVE_STDLIB_H 1
| #define HAVE_STRING_H 1
| #define HAVE_INTTYPES_H 1
| #define HAVE_STDINT_H 1
| #define HAVE_STRINGS_H 1
| #define HAVE_SYS_STAT_H 1
| #define HAVE_SYS_TYPES_H 1
| #define HAVE_UNISTD_H 1
| #define STDC_HEADERS 1
| #define HAVE_STDATOMIC_H 1
| #define HAVE_ATOMIC 1
| #define PACKAGE "curl"
| #define VERSION "-"
| #define OS "x86_64-pc-linux-musl"
| #define HAVE_DLFCN_H 1
| #define LT_OBJDIR ".libs/"
| #define CURL_DISABLE_LDAP 1
| #define CURL_DISABLE_LDAPS 1
| #define HAVE_SYS_TYPES_H 1
| #define HAVE_SYS_TIME_H 1
| #define HAVE_CLOCK_GETTIME_MONOTONIC 1
| #define HAVE_SYS_TYPES_H 1
| #define HAVE_SYS_TIME_H 1
| #define HAVE_CLOCK_GETTIME_MONOTONIC_RAW 1
| #define HAVE_LIBZ 1
| #define USE_IPV6 1
| #define HAVE_SOCKADDR_IN6_SIN6_SCOPE_ID 1
| #define HAVE_WRITABLE_ARGV 1
| #define HAVE_SYS_TYPES_H 1
| #define HAVE_SYS_TIME_H 1
| #define HAVE_SYS_SELECT_H 1
| #define HAVE_SYS_SOCKET_H 1
| #define HAVE_SYS_IOCTL_H 1
| #define HAVE_UNISTD_H 1
| #define HAVE_STDLIB_H 1
| #define HAVE_ARPA_INET_H 1
| #define HAVE_NET_IF_H 1
| #define HAVE_NETINET_IN_H 1
| #define HAVE_SYS_UN_H 1
| #define HAVE_LINUX_TCP_H 1
| #define HAVE_NETINET_TCP_H 1
| #define HAVE_NETINET_UDP_H 1
| #define HAVE_NETDB_H 1
| #define HAVE_SYS_STAT_H 1
| #define HAVE_SYS_PARAM_H 1
| #define HAVE_TERMIOS_H 1
| #define HAVE_FCNTL_H 1
| #define HAVE_PWD_H 1
| #define HAVE_UTIME_H 1
| #define HAVE_SYS_POLL_H 1
| #define HAVE_POLL_H 1
| #define HAVE_SYS_RESOURCE_H 1
| #define HAVE_LIBGEN_H 1
| #define HAVE_LOCALE_H 1
| #define HAVE_STDBOOL_H 1
| #define HAVE_SYS_WAIT_H 1
| #define HAVE_SYS_EVENTFD_H 1
| #define HAVE_SETJMP_H 1
| #define HAVE_SYS_TYPES_H 1
| #define HAVE_SYS_TIME_H 1
| #define HAVE_SYS_SOCKET_H 1
| #define HAVE_STRUCT_TIMEVAL 1
| #define SIZEOF_SIZE_T 8
| #define SIZEOF_LONG 8
| #define SIZEOF_INT 4
| #define SIZEOF_TIME_T 8
| #define SIZEOF_OFF_T 8
| #define SIZEOF_CURL_OFF_T 8
| #define SIZEOF_CURL_SOCKET_T 4
| #define HAVE_LONGLONG 1
| #define HAVE_BOOL_T 1
| #define CURL_SA_FAMILY_T sa_family_t
| #define HAVE_SUSECONDS_T 1
| #define HAVE_STRUCT_SOCKADDR_STORAGE 1
| #define HAVE_SYS_SELECT_H 1
| #define HAVE_SYS_SOCKET_H 1
| #define HAVE_SELECT 1
| #define HAVE_SYS_TYPES_H 1
| #define HAVE_SYS_SOCKET_H 1
| #define HAVE_RECV 1
| #define HAVE_SYS_TYPES_H 1
| #define HAVE_SYS_SOCKET_H 1
| #define HAVE_SEND 1
| #define HAVE_SYS_TYPES_H 1
| #define HAVE_SYS_SOCKET_H 1
| #define HAVE_MSG_NOSIGNAL 1
| #define HAVE_SYS_TYPES_H 1
| #define HAVE_UNISTD_H 1
| #define HAVE_ALARM 1
| #define HAVE_SYS_TYPES_H 1
| #define HAVE_STRINGS_H 1
| #define HAVE_SYS_TYPES_H 1
| #define HAVE_LIBGEN_H 1
| #define HAVE_BASENAME 1
| #define HAVE_SYS_TYPES_H 1
| #define HAVE_SYS_TYPES_H 1
| #define HAVE_SYS_SOCKET_H 1
| #define HAVE_SYS_TYPES_H 1
| #define HAVE_UNISTD_H 1
| #define HAVE_FCNTL_H 1
| #define HAVE_FCNTL 1
| #define HAVE_FCNTL_O_NONBLOCK 1
| #define HAVE_SYS_TYPES_H 1
| #define HAVE_NETDB_H 1
| #define HAVE_FREEADDRINFO 1
| #define HAVE_SYS_TYPES_H 1
| #define HAVE_SYS_XATTR_H 1
| #define HAVE_FSETXATTR 1
| #define HAVE_FSETXATTR_5 1
| #define HAVE_FTRUNCATE 1
| #define HAVE_SYS_TYPES_H 1
| #define HAVE_GETADDRINFO 1
| #define HAVE_GETADDRINFO_THREADSAFE 1
| #define HAVE_GETHOSTBYNAME 1
| /* end confdefs.h.  */
| 
| 
|           /* includes start */
| #ifdef HAVE_SYS_TYPES_H
| #  include <sys/types.h>
| #endif
| #ifdef HAVE_NETDB_H
| #  include <netdb.h>
| #endif
| /* includes end */
|           /* includes start */
| #if defined(HAVE_PROTO_BSDSOCKET_H)
| #  define __NO_NET_API
| #  define __USE_INLINE__
| #  include <proto/bsdsocket.h>
| #  ifdef HAVE_SYS_IOCTL_H
| #    include <sys/ioctl.h>
| #  endif
| #  ifdef __amigaos4__
| struct SocketIFace *ISocket = NULL;
| #  else
| struct Library *SocketBase = NULL;
| #  endif
| #  define select(a,b,c,d,e) WaitSelect(a,b,c,d,e,0)
| #endif
| /* includes end */
| 
| int main (void)
| {
| 
|           if(0 != gethostbyname_r(0, 0, 0))
|             return 1;
| 
|  ;
|  return 0;
| }
| 
configure:38189: result: no
configure:38197: checking if gethostbyname_r takes 5 args.
configure:38217: x86_64-linux-musl-gcc -c -Werror-implicit-function-declaration -O2 -Wno-system-headers  -I/home/michko/runepkg/runepkg/.forge_musl/deps/include conftest.c >&5
conftest.c: In function 'main':
conftest.c:154:19: error: too few arguments to function 'gethostbyname_r'
  154 |           if(0 != gethostbyname_r(0, 0, 0, 0, 0))
      |                   ^~~~~~~~~~~~~~~
In file included from conftest.c:131:
/home/michko/runepkg/runepkg/.forge_musl/toolchain/x86_64-linux-musl/include/netdb.h:133:5: note: declared here
  133 | int gethostbyname_r(const char *, struct hostent *, char *, size_t, struct hostent **, int *);
      |     ^~~~~~~~~~~~~~~
configure:38217: $? = 1
configure: failed program was:
| /* confdefs.h */
| #define PACKAGE_NAME "curl"
| #define PACKAGE_TARNAME "curl"
| #define PACKAGE_VERSION "-"
| #define PACKAGE_STRING "curl -"
| #define PACKAGE_BUGREPORT "a suitable curl mailing list: https://curl.se/mail/"
| #define PACKAGE_URL ""
| #define HAVE_STDIO_H 1
| #define HAVE_STDLIB_H 1
| #define HAVE_STRING_H 1
| #define HAVE_INTTYPES_H 1
| #define HAVE_STDINT_H 1
| #define HAVE_STRINGS_H 1
| #define HAVE_SYS_STAT_H 1
| #define HAVE_SYS_TYPES_H 1
| #define HAVE_UNISTD_H 1
| #define STDC_HEADERS 1
| #define HAVE_STDATOMIC_H 1
| #define HAVE_ATOMIC 1
| #define PACKAGE "curl"
| #define VERSION "-"
| #define OS "x86_64-pc-linux-musl"
| #define HAVE_DLFCN_H 1
| #define LT_OBJDIR ".libs/"
| #define CURL_DISABLE_LDAP 1
| #define CURL_DISABLE_LDAPS 1
| #define HAVE_SYS_TYPES_H 1
| #define HAVE_SYS_TIME_H 1
| #define HAVE_CLOCK_GETTIME_MONOTONIC 1
| #define HAVE_SYS_TYPES_H 1
| #define HAVE_SYS_TIME_H 1
| #define HAVE_CLOCK_GETTIME_MONOTONIC_RAW 1
| #define HAVE_LIBZ 1
| #define USE_IPV6 1
| #define HAVE_SOCKADDR_IN6_SIN6_SCOPE_ID 1
| #define HAVE_WRITABLE_ARGV 1
| #define HAVE_SYS_TYPES_H 1
| #define HAVE_SYS_TIME_H 1
| #define HAVE_SYS_SELECT_H 1
| #define HAVE_SYS_SOCKET_H 1
| #define HAVE_SYS_IOCTL_H 1
| #define HAVE_UNISTD_H 1
| #define HAVE_STDLIB_H 1
| #define HAVE_ARPA_INET_H 1
| #define HAVE_NET_IF_H 1
| #define HAVE_NETINET_IN_H 1
| #define HAVE_SYS_UN_H 1
| #define HAVE_LINUX_TCP_H 1
| #define HAVE_NETINET_TCP_H 1
| #define HAVE_NETINET_UDP_H 1
| #define HAVE_NETDB_H 1
| #define HAVE_SYS_STAT_H 1
| #define HAVE_SYS_PARAM_H 1
| #define HAVE_TERMIOS_H 1
| #define HAVE_FCNTL_H 1
| #define HAVE_PWD_H 1
| #define HAVE_UTIME_H 1
| #define HAVE_SYS_POLL_H 1
| #define HAVE_POLL_H 1
| #define HAVE_SYS_RESOURCE_H 1
| #define HAVE_LIBGEN_H 1
| #define HAVE_LOCALE_H 1
| #define HAVE_STDBOOL_H 1
| #define HAVE_SYS_WAIT_H 1
| #define HAVE_SYS_EVENTFD_H 1
| #define HAVE_SETJMP_H 1
| #define HAVE_SYS_TYPES_H 1
| #define HAVE_SYS_TIME_H 1
| #define HAVE_SYS_SOCKET_H 1
| #define HAVE_STRUCT_TIMEVAL 1
| #define SIZEOF_SIZE_T 8
| #define SIZEOF_LONG 8
| #define SIZEOF_INT 4
| #define SIZEOF_TIME_T 8
| #define SIZEOF_OFF_T 8
| #define SIZEOF_CURL_OFF_T 8
| #define SIZEOF_CURL_SOCKET_T 4
| #define HAVE_LONGLONG 1
| #define HAVE_BOOL_T 1
| #define CURL_SA_FAMILY_T sa_family_t
| #define HAVE_SUSECONDS_T 1
| #define HAVE_STRUCT_SOCKADDR_STORAGE 1
| #define HAVE_SYS_SELECT_H 1
| #define HAVE_SYS_SOCKET_H 1
| #define HAVE_SELECT 1
| #define HAVE_SYS_TYPES_H 1
| #define HAVE_SYS_SOCKET_H 1
| #define HAVE_RECV 1
| #define HAVE_SYS_TYPES_H 1
| #define HAVE_SYS_SOCKET_H 1
| #define HAVE_SEND 1
| #define HAVE_SYS_TYPES_H 1
| #define HAVE_SYS_SOCKET_H 1
| #define HAVE_MSG_NOSIGNAL 1
| #define HAVE_SYS_TYPES_H 1
| #define HAVE_UNISTD_H 1
| #define HAVE_ALARM 1
| #define HAVE_SYS_TYPES_H 1
| #define HAVE_STRINGS_H 1
| #define HAVE_SYS_TYPES_H 1
| #define HAVE_LIBGEN_H 1
| #define HAVE_BASENAME 1
| #define HAVE_SYS_TYPES_H 1
| #define HAVE_SYS_TYPES_H 1
| #define HAVE_SYS_SOCKET_H 1
| #define HAVE_SYS_TYPES_H 1
| #define HAVE_UNISTD_H 1
| #define HAVE_FCNTL_H 1
| #define HAVE_FCNTL 1
| #define HAVE_FCNTL_O_NONBLOCK 1
| #define HAVE_SYS_TYPES_H 1
| #define HAVE_NETDB_H 1
| #define HAVE_FREEADDRINFO 1
| #define HAVE_SYS_TYPES_H 1
| #define HAVE_SYS_XATTR_H 1
| #define HAVE_FSETXATTR 1
| #define HAVE_FSETXATTR_5 1
| #define HAVE_FTRUNCATE 1
| #define HAVE_SYS_TYPES_H 1
| #define HAVE_GETADDRINFO 1
| #define HAVE_GETADDRINFO_THREADSAFE 1
| #define HAVE_GETHOSTBYNAME 1
| /* end confdefs.h.  */
| 
| 
|           /* includes start */
| #ifdef HAVE_SYS_TYPES_H
| #  include <sys/types.h>
| #endif
| #ifdef HAVE_NETDB_H
| #  include <netdb.h>
| #endif
| /* includes end */
|           /* includes start */
| #if defined(HAVE_PROTO_BSDSOCKET_H)
| #  define __NO_NET_API
| #  define __USE_INLINE__
| #  include <proto/bsdsocket.h>
| #  ifdef HAVE_SYS_IOCTL_H
| #    include <sys/ioctl.h>
| #  endif
| #  ifdef __amigaos4__
| struct SocketIFace *ISocket = NULL;
| #  else
| struct Library *SocketBase = NULL;
| #  endif
| #  define select(a,b,c,d,e) WaitSelect(a,b,c,d,e,0)
| #endif
| /* includes end */
| 
| int main (void)
| {
| 
|           if(0 != gethostbyname_r(0, 0, 0, 0, 0))
|             return 1;
| 
|  ;
|  return 0;
| }
| 
configure:38227: result: no
configure:38235: checking if gethostbyname_r takes 6 args.
configure:38255: x86_64-linux-musl-gcc -c -Werror-implicit-function-declaration -O2 -Wno-system-headers  -I/home/michko/runepkg/runepkg/.forge_musl/deps/include conftest.c >&5
configure:38255: $? = 0
configure:38258: result: yes
configure:38272: checking if gethostbyname_r is compilable
configure:38275: result: yes
configure:38284: checking if gethostbyname_r usage allowed
configure:38287: result: yes
configure:38297: checking if gethostbyname_r might be used
configure:38303: result: yes
configure:38347: checking if gethostname can be linked
configure:38368: x86_64-linux-musl-gcc -o conftest -Werror-implicit-function-declaration -O2 -Wno-system-headers  -I/home/michko/runepkg/runepkg/.forge_musl/deps/include  -L/home/michko/runepkg/runepkg/.forge_musl/deps/lib conftest.c -lz  >&5
configure:38368: $? = 0
configure:38371: result: yes
configure:38386: checking if gethostname is prototyped
configure:38400: result: yes
configure:38416: checking if gethostname is compilable
configure:38437: x86_64-linux-musl-gcc -c -Werror-implicit-function-declaration -O2 -Wno-system-headers  -I/home/michko/runepkg/runepkg/.forge_musl/deps/include conftest.c >&5
configure:38437: $? = 0
configure:38440: result: yes
configure:38455: checking for gethostname arg 2 data type
configure:38482: x86_64-linux-musl-gcc -c -Werror-implicit-function-declaration -O2 -Wno-system-headers  -I/home/michko/runepkg/runepkg/.forge_musl/deps/include conftest.c >&5
conftest.c:167:38: error: conflicting types for 'gethostname'; have 'int(char *, int)'
  167 |               extern int FUNCALLCONV gethostname(char *, int);
      |                                      ^~~~~~~~~~~
In file included from conftest.c:141:
/home/michko/runepkg/runepkg/.forge_musl/toolchain/x86_64-linux-musl/include/unistd.h:120:5: note: previous declaration of 'gethostname' with type 'int(char *, size_t)' {aka 'int(char *, long unsigned int)'}
  120 | int gethostname(char *, size_t);
      |     ^~~~~~~~~~~
configure:38482: $? = 1
configure: failed program was:
| /* confdefs.h */
| #define PACKAGE_NAME "curl"
| #define PACKAGE_TARNAME "curl"
| #define PACKAGE_VERSION "-"
| #define PACKAGE_STRING "curl -"
| #define PACKAGE_BUGREPORT "a suitable curl mailing list: https://curl.se/mail/"
| #define PACKAGE_URL ""
| #define HAVE_STDIO_H 1
| #define HAVE_STDLIB_H 1
| #define HAVE_STRING_H 1
| #define HAVE_INTTYPES_H 1
| #define HAVE_STDINT_H 1
| #define HAVE_STRINGS_H 1
| #define HAVE_SYS_STAT_H 1
| #define HAVE_SYS_TYPES_H 1
| #define HAVE_UNISTD_H 1
| #define STDC_HEADERS 1
| #define HAVE_STDATOMIC_H 1
| #define HAVE_ATOMIC 1
| #define PACKAGE "curl"
| #define VERSION "-"
| #define OS "x86_64-pc-linux-musl"
| #define HAVE_DLFCN_H 1
| #define LT_OBJDIR ".libs/"
| #define CURL_DISABLE_LDAP 1
| #define CURL_DISABLE_LDAPS 1
| #define HAVE_SYS_TYPES_H 1
| #define HAVE_SYS_TIME_H 1
| #define HAVE_CLOCK_GETTIME_MONOTONIC 1
| #define HAVE_SYS_TYPES_H 1
| #define HAVE_SYS_TIME_H 1
| #define HAVE_CLOCK_GETTIME_MONOTONIC_RAW 1
| #define HAVE_LIBZ 1
| #define USE_IPV6 1
| #define HAVE_SOCKADDR_IN6_SIN6_SCOPE_ID 1
| #define HAVE_WRITABLE_ARGV 1
| #define HAVE_SYS_TYPES_H 1
| #define HAVE_SYS_TIME_H 1
| #define HAVE_SYS_SELECT_H 1
| #define HAVE_SYS_SOCKET_H 1
| #define HAVE_SYS_IOCTL_H 1
| #define HAVE_UNISTD_H 1
| #define HAVE_STDLIB_H 1
| #define HAVE_ARPA_INET_H 1
| #define HAVE_NET_IF_H 1
| #define HAVE_NETINET_IN_H 1
| #define HAVE_SYS_UN_H 1
| #define HAVE_LINUX_TCP_H 1
| #define HAVE_NETINET_TCP_H 1
| #define HAVE_NETINET_UDP_H 1
| #define HAVE_NETDB_H 1
| #define HAVE_SYS_STAT_H 1
| #define HAVE_SYS_PARAM_H 1
| #define HAVE_TERMIOS_H 1
| #define HAVE_FCNTL_H 1
| #define HAVE_PWD_H 1
| #define HAVE_UTIME_H 1
| #define HAVE_SYS_POLL_H 1
| #define HAVE_POLL_H 1
| #define HAVE_SYS_RESOURCE_H 1
| #define HAVE_LIBGEN_H 1
| #define HAVE_LOCALE_H 1
| #define HAVE_STDBOOL_H 1
| #define HAVE_SYS_WAIT_H 1
| #define HAVE_SYS_EVENTFD_H 1
| #define HAVE_SETJMP_H 1
| #define HAVE_SYS_TYPES_H 1
| #define HAVE_SYS_TIME_H 1
| #define HAVE_SYS_SOCKET_H 1
| #define HAVE_STRUCT_TIMEVAL 1
| #define SIZEOF_SIZE_T 8
| #define SIZEOF_LONG 8
| #define SIZEOF_INT 4
| #define SIZEOF_TIME_T 8
| #define SIZEOF_OFF_T 8
| #define SIZEOF_CURL_OFF_T 8
| #define SIZEOF_CURL_SOCKET_T 4
| #define HAVE_LONGLONG 1
| #define HAVE_BOOL_T 1
| #define CURL_SA_FAMILY_T sa_family_t
| #define HAVE_SUSECONDS_T 1
| #define HAVE_STRUCT_SOCKADDR_STORAGE 1
| #define HAVE_SYS_SELECT_H 1
| #define HAVE_SYS_SOCKET_H 1
| #define HAVE_SELECT 1
| #define HAVE_SYS_TYPES_H 1
| #define HAVE_SYS_SOCKET_H 1
| #define HAVE_RECV 1
| #define HAVE_SYS_TYPES_H 1
| #define HAVE_SYS_SOCKET_H 1
| #define HAVE_SEND 1
| #define HAVE_SYS_TYPES_H 1
| #define HAVE_SYS_SOCKET_H 1
| #define HAVE_MSG_NOSIGNAL 1
| #define HAVE_SYS_TYPES_H 1
| #define HAVE_UNISTD_H 1
| #define HAVE_ALARM 1
| #define HAVE_SYS_TYPES_H 1
| #define HAVE_STRINGS_H 1
| #define HAVE_SYS_TYPES_H 1
| #define HAVE_LIBGEN_H 1
| #define HAVE_BASENAME 1
| #define HAVE_SYS_TYPES_H 1
| #define HAVE_SYS_TYPES_H 1
| #define HAVE_SYS_SOCKET_H 1
| #define HAVE_SYS_TYPES_H 1
| #define HAVE_UNISTD_H 1
| #define HAVE_FCNTL_H 1
| #define HAVE_FCNTL 1
| #define HAVE_FCNTL_O_NONBLOCK 1
| #define HAVE_SYS_TYPES_H 1
| #define HAVE_NETDB_H 1
| #define HAVE_FREEADDRINFO 1
| #define HAVE_SYS_TYPES_H 1
| #define HAVE_SYS_XATTR_H 1
| #define HAVE_FSETXATTR 1
| #define HAVE_FSETXATTR_5 1
| #define HAVE_FTRUNCATE 1
| #define HAVE_SYS_TYPES_H 1
| #define HAVE_GETADDRINFO 1
| #define HAVE_GETADDRINFO_THREADSAFE 1
| #define HAVE_GETHOSTBYNAME 1
| #define HAVE_GETHOSTBYNAME_R 1
| #define HAVE_GETHOSTBYNAME_R_6 1
| /* end confdefs.h.  */
| 
| 
|               /* includes start */
| #ifdef _WIN32
| #  ifndef WIN32_LEAN_AND_MEAN
| #    define WIN32_LEAN_AND_MEAN
| #  endif
| #  include <winsock2.h>
| #endif
| /* includes end */
|               /* includes start */
| #ifdef HAVE_SYS_TYPES_H
| #  include <sys/types.h>
| #endif
| #ifdef HAVE_UNISTD_H
| #  include <unistd.h>
| #endif
| /* includes end */
|               /* includes start */
| #if defined(HAVE_PROTO_BSDSOCKET_H)
| #  define __NO_NET_API
| #  define __USE_INLINE__
| #  include <proto/bsdsocket.h>
| #  ifdef HAVE_SYS_IOCTL_H
| #    include <sys/ioctl.h>
| #  endif
| #  ifdef __amigaos4__
| struct SocketIFace *ISocket = NULL;
| #  else
| struct Library *SocketBase = NULL;
| #  endif
| #  define select(a,b,c,d,e) WaitSelect(a,b,c,d,e,0)
| #endif
| /* includes end */
|               /* preprocess start */
| #ifdef _WIN32
| #  define FUNCALLCONV __stdcall
| #else
| #  define FUNCALLCONV
| #endif
| /* preprocess end */
|               extern int FUNCALLCONV gethostname(char *, int);
| 
| int main (void)
| {
| 
|               if(0 != gethostname(0, 0))
|                 return 1;
| 
|  ;
|  return 0;
| }
| 
configure:38482: x86_64-linux-musl-gcc -c -Werror-implicit-function-declaration -O2 -Wno-system-headers  -I/home/michko/runepkg/runepkg/.forge_musl/deps/include conftest.c >&5
conftest.c:167:38: error: conflicting types for 'gethostname'; have 'int(char *, unsigned int)'
  167 |               extern int FUNCALLCONV gethostname(char *, unsigned int);
      |                                      ^~~~~~~~~~~
In file included from conftest.c:141:
/home/michko/runepkg/runepkg/.forge_musl/toolchain/x86_64-linux-musl/include/unistd.h:120:5: note: previous declaration of 'gethostname' with type 'int(char *, size_t)' {aka 'int(char *, long unsigned int)'}
  120 | int gethostname(char *, size_t);
      |     ^~~~~~~~~~~
configure:38482: $? = 1
configure: failed program was:
| /* confdefs.h */
| #define PACKAGE_NAME "curl"
| #define PACKAGE_TARNAME "curl"
| #define PACKAGE_VERSION "-"
| #define PACKAGE_STRING "curl -"
| #define PACKAGE_BUGREPORT "a suitable curl mailing list: https://curl.se/mail/"
| #define PACKAGE_URL ""
| #define HAVE_STDIO_H 1
| #define HAVE_STDLIB_H 1
| #define HAVE_STRING_H 1
| #define HAVE_INTTYPES_H 1
| #define HAVE_STDINT_H 1
| #define HAVE_STRINGS_H 1
| #define HAVE_SYS_STAT_H 1
| #define HAVE_SYS_TYPES_H 1
| #define HAVE_UNISTD_H 1
| #define STDC_HEADERS 1
| #define HAVE_STDATOMIC_H 1
| #define HAVE_ATOMIC 1
| #define PACKAGE "curl"
| #define VERSION "-"
| #define OS "x86_64-pc-linux-musl"
| #define HAVE_DLFCN_H 1
| #define LT_OBJDIR ".libs/"
| #define CURL_DISABLE_LDAP 1
| #define CURL_DISABLE_LDAPS 1
| #define HAVE_SYS_TYPES_H 1
| #define HAVE_SYS_TIME_H 1
| #define HAVE_CLOCK_GETTIME_MONOTONIC 1
| #define HAVE_SYS_TYPES_H 1
| #define HAVE_SYS_TIME_H 1
| #define HAVE_CLOCK_GETTIME_MONOTONIC_RAW 1
| #define HAVE_LIBZ 1
| #define USE_IPV6 1
| #define HAVE_SOCKADDR_IN6_SIN6_SCOPE_ID 1
| #define HAVE_WRITABLE_ARGV 1
| #define HAVE_SYS_TYPES_H 1
| #define HAVE_SYS_TIME_H 1
| #define HAVE_SYS_SELECT_H 1
| #define HAVE_SYS_SOCKET_H 1
| #define HAVE_SYS_IOCTL_H 1
| #define HAVE_UNISTD_H 1
| #define HAVE_STDLIB_H 1
| #define HAVE_ARPA_INET_H 1
| #define HAVE_NET_IF_H 1
| #define HAVE_NETINET_IN_H 1
| #define HAVE_SYS_UN_H 1
| #define HAVE_LINUX_TCP_H 1
| #define HAVE_NETINET_TCP_H 1
| #define HAVE_NETINET_UDP_H 1
| #define HAVE_NETDB_H 1
| #define HAVE_SYS_STAT_H 1
| #define HAVE_SYS_PARAM_H 1
| #define HAVE_TERMIOS_H 1
| #define HAVE_FCNTL_H 1
| #define HAVE_PWD_H 1
| #define HAVE_UTIME_H 1
| #define HAVE_SYS_POLL_H 1
| #define HAVE_POLL_H 1
| #define HAVE_SYS_RESOURCE_H 1
| #define HAVE_LIBGEN_H 1
| #define HAVE_LOCALE_H 1
| #define HAVE_STDBOOL_H 1
| #define HAVE_SYS_WAIT_H 1
| #define HAVE_SYS_EVENTFD_H 1
| #define HAVE_SETJMP_H 1
| #define HAVE_SYS_TYPES_H 1
| #define HAVE_SYS_TIME_H 1
| #define HAVE_SYS_SOCKET_H 1
| #define HAVE_STRUCT_TIMEVAL 1
| #define SIZEOF_SIZE_T 8
| #define SIZEOF_LONG 8
| #define SIZEOF_INT 4
| #define SIZEOF_TIME_T 8
| #define SIZEOF_OFF_T 8
| #define SIZEOF_CURL_OFF_T 8
| #define SIZEOF_CURL_SOCKET_T 4
| #define HAVE_LONGLONG 1
| #define HAVE_BOOL_T 1
| #define CURL_SA_FAMILY_T sa_family_t
| #define HAVE_SUSECONDS_T 1
| #define HAVE_STRUCT_SOCKADDR_STORAGE 1
| #define HAVE_SYS_SELECT_H 1
| #define HAVE_SYS_SOCKET_H 1
| #define HAVE_SELECT 1
| #define HAVE_SYS_TYPES_H 1
| #define HAVE_SYS_SOCKET_H 1
| #define HAVE_RECV 1
| #define HAVE_SYS_TYPES_H 1
| #define HAVE_SYS_SOCKET_H 1
| #define HAVE_SEND 1
| #define HAVE_SYS_TYPES_H 1
| #define HAVE_SYS_SOCKET_H 1
| #define HAVE_MSG_NOSIGNAL 1
| #define HAVE_SYS_TYPES_H 1
| #define HAVE_UNISTD_H 1
| #define HAVE_ALARM 1
| #define HAVE_SYS_TYPES_H 1
| #define HAVE_STRINGS_H 1
| #define HAVE_SYS_TYPES_H 1
| #define HAVE_LIBGEN_H 1
| #define HAVE_BASENAME 1
| #define HAVE_SYS_TYPES_H 1
| #define HAVE_SYS_TYPES_H 1
| #define HAVE_SYS_SOCKET_H 1
| #define HAVE_SYS_TYPES_H 1
| #define HAVE_UNISTD_H 1
| #define HAVE_FCNTL_H 1
| #define HAVE_FCNTL 1
| #define HAVE_FCNTL_O_NONBLOCK 1
| #define HAVE_SYS_TYPES_H 1
| #define HAVE_NETDB_H 1
| #define HAVE_FREEADDRINFO 1
| #define HAVE_SYS_TYPES_H 1
| #define HAVE_SYS_XATTR_H 1
| #define HAVE_FSETXATTR 1
| #define HAVE_FSETXATTR_5 1
| #define HAVE_FTRUNCATE 1
| #define HAVE_SYS_TYPES_H 1
| #define HAVE_GETADDRINFO 1
| #define HAVE_GETADDRINFO_THREADSAFE 1
| #define HAVE_GETHOSTBYNAME 1
| #define HAVE_GETHOSTBYNAME_R 1
| #define HAVE_GETHOSTBYNAME_R_6 1
| /* end confdefs.h.  */
| 
| 
|               /* includes start */
| #ifdef _WIN32
| #  ifndef WIN32_LEAN_AND_MEAN
| #    define WIN32_LEAN_AND_MEAN
| #  endif
| #  include <winsock2.h>
| #endif
| /* includes end */
|               /* includes start */
| #ifdef HAVE_SYS_TYPES_H
| #  include <sys/types.h>
| #endif
| #ifdef HAVE_UNISTD_H
| #  include <unistd.h>
| #endif
| /* includes end */
|               /* includes start */
| #if defined(HAVE_PROTO_BSDSOCKET_H)
| #  define __NO_NET_API
| #  define __USE_INLINE__
| #  include <proto/bsdsocket.h>
| #  ifdef HAVE_SYS_IOCTL_H
| #    include <sys/ioctl.h>
| #  endif
| #  ifdef __amigaos4__
| struct SocketIFace *ISocket = NULL;
| #  else
| struct Library *SocketBase = NULL;
| #  endif
| #  define select(a,b,c,d,e) WaitSelect(a,b,c,d,e,0)
| #endif
| /* includes end */
|               /* preprocess start */
| #ifdef _WIN32
| #  define FUNCALLCONV __stdcall
| #else
| #  define FUNCALLCONV
| #endif
| /* preprocess end */
|               extern int FUNCALLCONV gethostname(char *, unsigned int);
| 
| int main (void)
| {
| 
|               if(0 != gethostname(0, 0))
|                 return 1;
| 
|  ;
|  return 0;
| }
| 
configure:38482: x86_64-linux-musl-gcc -c -Werror-implicit-function-declaration -O2 -Wno-system-headers  -I/home/michko/runepkg/runepkg/.forge_musl/deps/include conftest.c >&5
configure:38482: $? = 0
configure:38492: result: size_t
configure:38502: checking if gethostname usage allowed
configure:38505: result: yes
configure:38515: checking if gethostname might be used
configure:38521: result: yes
configure:38540: checking if getpeername can be linked
configure:38561: x86_64-linux-musl-gcc -o conftest -Werror-implicit-function-declaration -O2 -Wno-system-headers  -I/home/michko/runepkg/runepkg/.forge_musl/deps/include  -L/home/michko/runepkg/runepkg/.forge_musl/deps/lib conftest.c -lz  >&5
configure:38561: $? = 0
configure:38564: result: yes
configure:38579: checking if getpeername is prototyped
configure:38593: result: yes
configure:38609: checking if getpeername is compilable
configure:38630: x86_64-linux-musl-gcc -c -Werror-implicit-function-declaration -O2 -Wno-system-headers  -I/home/michko/runepkg/runepkg/.forge_musl/deps/include conftest.c >&5
configure:38630: $? = 0
configure:38633: result: yes
configure:38648: checking if getpeername usage allowed
configure:38651: result: yes
configure:38661: checking if getpeername might be used
configure:38667: result: yes
configure:38686: checking if getsockname can be linked
configure:38707: x86_64-linux-musl-gcc -o conftest -Werror-implicit-function-declaration -O2 -Wno-system-headers  -I/home/michko/runepkg/runepkg/.forge_musl/deps/include  -L/home/michko/runepkg/runepkg/.forge_musl/deps/lib conftest.c -lz  >&5
configure:38707: $? = 0
configure:38710: result: yes
configure:38725: checking if getsockname is prototyped
configure:38739: result: yes
configure:38755: checking if getsockname is compilable
configure:38776: x86_64-linux-musl-gcc -c -Werror-implicit-function-declaration -O2 -Wno-system-headers  -I/home/michko/runepkg/runepkg/.forge_musl/deps/include conftest.c >&5
configure:38776: $? = 0
configure:38779: result: yes
configure:38794: checking if getsockname usage allowed
configure:38797: result: yes
configure:38807: checking if getsockname might be used
configure:38813: result: yes
configure:38832: checking for net/if.h
configure:38832: result: yes
configure:38848: checking if if_nametoindex can be linked
configure:38869: x86_64-linux-musl-gcc -o conftest -Werror-implicit-function-declaration -O2 -Wno-system-headers  -I/home/michko/runepkg/runepkg/.forge_musl/deps/include  -L/home/michko/runepkg/runepkg/.forge_musl/deps/lib conftest.c -lz  >&5
configure:38869: $? = 0
configure:38872: result: yes
configure:38887: checking if if_nametoindex is prototyped
configure:38900: result: yes
configure:38916: checking if if_nametoindex is compilable
configure:38936: x86_64-linux-musl-gcc -c -Werror-implicit-function-declaration -O2 -Wno-system-headers  -I/home/michko/runepkg/runepkg/.forge_musl/deps/include conftest.c >&5
configure:38936: $? = 0
configure:38939: result: yes
configure:38954: checking if if_nametoindex usage allowed
configure:38957: result: yes
configure:38967: checking if if_nametoindex might be used
configure:38973: result: yes
configure:39001: checking for sys/types.h
configure:39001: result: yes
configure:39008: checking for sys/socket.h
configure:39008: result: yes
configure:39015: checking for netinet/in.h
configure:39015: result: yes
configure:39022: checking for ifaddrs.h
configure:39022: x86_64-linux-musl-gcc -c -Werror-implicit-function-declaration -O2 -Wno-system-headers  -I/home/michko/runepkg/runepkg/.forge_musl/deps/include conftest.c >&5
configure:39022: $? = 0
configure:39022: result: yes
configure:39039: checking if getifaddrs can be linked
configure:39068: x86_64-linux-musl-gcc -o conftest -Werror-implicit-function-declaration -O2 -Wno-system-headers  -I/home/michko/runepkg/runepkg/.forge_musl/deps/include  -L/home/michko/runepkg/runepkg/.forge_musl/deps/lib conftest.c -lz  >&5
configure:39068: $? = 0
configure:39071: result: yes
configure:39086: checking if getifaddrs is prototyped
configure:39098: result: yes
configure:39114: checking if getifaddrs is compilable
configure:39133: x86_64-linux-musl-gcc -c -Werror-implicit-function-declaration -O2 -Wno-system-headers  -I/home/michko/runepkg/runepkg/.forge_musl/deps/include conftest.c >&5
configure:39133: $? = 0
configure:39136: result: yes
configure:39152: checking if getifaddrs seems to work
configure:39242: sh ./run-compiler -o conftest -Werror-implicit-function-declaration -O2 -Wno-system-headers  -I/home/michko/runepkg/runepkg/.forge_musl/deps/include  -L/home/michko/runepkg/runepkg/.forge_musl/deps/lib conftest.c -lz  >&5
configure:39242: $? = 0
configure:39242: ./conftest
configure:39242: $? = 0
configure:39244: result: yes
configure:39267: checking if getifaddrs usage allowed
configure:39270: result: yes
configure:39280: checking if getifaddrs might be used
configure:39287: result: yes
configure:39310: checking for sys/types.h
configure:39310: result: yes
configure:39317: checking for sys/time.h
configure:39317: result: yes
configure:39334: checking if gmtime_r can be linked
configure:39363: x86_64-linux-musl-gcc -o conftest -Werror-implicit-function-declaration -O2 -Wno-system-headers  -I/home/michko/runepkg/runepkg/.forge_musl/deps/include  -L/home/michko/runepkg/runepkg/.forge_musl/deps/lib conftest.c -lz  >&5
configure:39363: $? = 0
configure:39366: result: yes
configure:39381: checking if gmtime_r is prototyped
configure:39393: result: yes
configure:39409: checking if gmtime_r is compilable
configure:39428: x86_64-linux-musl-gcc -c -Werror-implicit-function-declaration -O2 -Wno-system-headers  -I/home/michko/runepkg/runepkg/.forge_musl/deps/include conftest.c >&5
configure:39428: $? = 0
configure:39431: result: yes
configure:39447: checking if gmtime_r seems to work
configure:39537: sh ./run-compiler -o conftest -Werror-implicit-function-declaration -O2 -Wno-system-headers  -I/home/michko/runepkg/runepkg/.forge_musl/deps/include  -L/home/michko/runepkg/runepkg/.forge_musl/deps/lib conftest.c -lz  >&5
configure:39537: $? = 0
configure:39537: ./conftest
configure:39537: $? = 0
configure:39539: result: yes
configure:39562: checking if gmtime_r usage allowed
configure:39565: result: yes
configure:39575: checking if gmtime_r might be used
configure:39582: result: yes
configure:39614: checking for sys/types.h
configure:39614: result: yes
configure:39621: checking for sys/socket.h
configure:39621: result: yes
configure:39628: checking for netinet/in.h
configure:39628: result: yes
configure:39635: checking for arpa/inet.h
configure:39635: result: yes
configure:39652: checking if inet_ntop can be linked
configure:39681: x86_64-linux-musl-gcc -o conftest -Werror-implicit-function-declaration -O2 -Wno-system-headers  -I/home/michko/runepkg/runepkg/.forge_musl/deps/include  -L/home/michko/runepkg/runepkg/.forge_musl/deps/lib conftest.c -lz  >&5
configure:39681: $? = 0
configure:39684: result: yes
configure:39699: checking if inet_ntop is prototyped
configure:39711: result: yes
configure:39727: checking if inet_ntop is compilable
configure:39746: x86_64-linux-musl-gcc -c -Werror-implicit-function-declaration -O2 -Wno-system-headers  -I/home/michko/runepkg/runepkg/.forge_musl/deps/include conftest.c >&5
configure:39746: $? = 0
configure:39749: result: yes
configure:39765: checking if inet_ntop seems to work
configure:39939: sh ./run-compiler -o conftest -Werror-implicit-function-declaration -O2 -Wno-system-headers  -I/home/michko/runepkg/runepkg/.forge_musl/deps/include  -L/home/michko/runepkg/runepkg/.forge_musl/deps/lib conftest.c -lz  >&5
conftest.c: In function 'main':
conftest.c:197:17: warning: assignment discards 'const' qualifier from pointer target type [-Wdiscarded-qualifiers]
  197 |         ipv4ptr = inet_ntop(AF_INET, ipv4a, ipv4res, sizeof(ipv4res));
      |                 ^
conftest.c:221:17: warning: assignment discards 'const' qualifier from pointer target type [-Wdiscarded-qualifiers]
  221 |         ipv6ptr = inet_ntop(AF_INET6, ipv6a, ipv6res, sizeof(ipv6res));
      |                 ^
configure:39939: $? = 0
configure:39939: ./conftest
configure:39939: $? = 0
configure:39941: result: yes
configure:39964: checking if inet_ntop usage allowed
configure:39967: result: yes
configure:39977: checking if inet_ntop might be used
configure:39984: result: yes
configure:40004: checking if inet_pton can be linked
configure:40033: x86_64-linux-musl-gcc -o conftest -Werror-implicit-function-declaration -O2 -Wno-system-headers  -I/home/michko/runepkg/runepkg/.forge_musl/deps/include  -L/home/michko/runepkg/runepkg/.forge_musl/deps/lib conftest.c -lz  >&5
configure:40033: $? = 0
configure:40036: result: yes
configure:40051: checking if inet_pton is prototyped
configure:40063: result: yes
configure:40079: checking if inet_pton is compilable
configure:40098: x86_64-linux-musl-gcc -c -Werror-implicit-function-declaration -O2 -Wno-system-headers  -I/home/michko/runepkg/runepkg/.forge_musl/deps/include conftest.c >&5
configure:40098: $? = 0
configure:40101: result: yes
configure:40117: checking if inet_pton seems to work
configure:40277: sh ./run-compiler -o conftest -Werror-implicit-function-declaration -O2 -Wno-system-headers  -I/home/michko/runepkg/runepkg/.forge_musl/deps/include  -L/home/michko/runepkg/runepkg/.forge_musl/deps/lib conftest.c -lz  >&5
configure:40277: $? = 0
configure:40277: ./conftest
configure:40277: $? = 0
configure:40279: result: yes
configure:40302: checking if inet_pton usage allowed
configure:40305: result: yes
configure:40315: checking if inet_pton might be used
configure:40322: result: yes
configure:40353: checking for sys/types.h
configure:40353: result: yes
configure:40360: checking for unistd.h
configure:40360: result: yes
configure:40367: checking for sys/socket.h
configure:40367: result: yes
configure:40374: checking for sys/ioctl.h
configure:40374: result: yes
configure:40381: checking for stropts.h
configure:40381: x86_64-linux-musl-gcc -c -Werror-implicit-function-declaration -O2 -Wno-system-headers  -I/home/michko/runepkg/runepkg/.forge_musl/deps/include conftest.c >&5
configure:40381: $? = 0
configure:40381: result: yes
configure:40397: checking if ioctl can be linked
configure:40426: x86_64-linux-musl-gcc -o conftest -Werror-implicit-function-declaration -O2 -Wno-system-headers  -I/home/michko/runepkg/runepkg/.forge_musl/deps/include  -L/home/michko/runepkg/runepkg/.forge_musl/deps/lib conftest.c -lz  >&5
configure:40426: $? = 0
configure:40429: result: yes
configure:40444: checking if ioctl is prototyped
configure:40456: result: yes
configure:40472: checking if ioctl is compilable
configure:40491: x86_64-linux-musl-gcc -c -Werror-implicit-function-declaration -O2 -Wno-system-headers  -I/home/michko/runepkg/runepkg/.forge_musl/deps/include conftest.c >&5
configure:40491: $? = 0
configure:40494: result: yes
configure:40509: checking if ioctl usage allowed
configure:40512: result: yes
configure:40522: checking if ioctl might be used
configure:40528: result: yes
configure:40540: checking if ioctl FIONBIO is compilable
configure:40560: x86_64-linux-musl-gcc -c -Werror-implicit-function-declaration -O2 -Wno-system-headers  -I/home/michko/runepkg/runepkg/.forge_musl/deps/include conftest.c >&5
configure:40560: $? = 0
configure:40563: result: yes
configure:40578: checking if ioctl FIONBIO usage allowed
configure:40581: result: yes
configure:40591: checking if ioctl FIONBIO might be used
configure:40595: result: yes
configure:40613: checking if ioctl SIOCGIFADDR is compilable
configure:40634: x86_64-linux-musl-gcc -c -Werror-implicit-function-declaration -O2 -Wno-system-headers  -I/home/michko/runepkg/runepkg/.forge_musl/deps/include conftest.c >&5
configure:40634: $? = 0
configure:40637: result: yes
configure:40652: checking if ioctl SIOCGIFADDR usage allowed
configure:40655: result: yes
configure:40665: checking if ioctl SIOCGIFADDR might be used
configure:40669: result: yes
configure:40694: checking if ioctlsocket can be linked
configure:40713: x86_64-linux-musl-gcc -o conftest -Werror-implicit-function-declaration -O2 -Wno-system-headers  -I/home/michko/runepkg/runepkg/.forge_musl/deps/include  -L/home/michko/runepkg/runepkg/.forge_musl/deps/lib conftest.c -lz  >&5
conftest.c: In function 'main':
conftest.c:168:15: error: implicit declaration of function 'ioctlsocket' [-Werror=implicit-function-declaration]
  168 |       if(0 != ioctlsocket(0, 0, 0))
      |               ^~~~~~~~~~~
cc1: some warnings being treated as errors
configure:40713: $? = 1
configure: failed program was:
| /* confdefs.h */
| #define PACKAGE_NAME "curl"
| #define PACKAGE_TARNAME "curl"
| #define PACKAGE_VERSION "-"
| #define PACKAGE_STRING "curl -"
| #define PACKAGE_BUGREPORT "a suitable curl mailing list: https://curl.se/mail/"
| #define PACKAGE_URL ""
| #define HAVE_STDIO_H 1
| #define HAVE_STDLIB_H 1
| #define HAVE_STRING_H 1
| #define HAVE_INTTYPES_H 1
| #define HAVE_STDINT_H 1
| #define HAVE_STRINGS_H 1
| #define HAVE_SYS_STAT_H 1
| #define HAVE_SYS_TYPES_H 1
| #define HAVE_UNISTD_H 1
| #define STDC_HEADERS 1
| #define HAVE_STDATOMIC_H 1
| #define HAVE_ATOMIC 1
| #define PACKAGE "curl"
| #define VERSION "-"
| #define OS "x86_64-pc-linux-musl"
| #define HAVE_DLFCN_H 1
| #define LT_OBJDIR ".libs/"
| #define CURL_DISABLE_LDAP 1
| #define CURL_DISABLE_LDAPS 1
| #define HAVE_SYS_TYPES_H 1
| #define HAVE_SYS_TIME_H 1
| #define HAVE_CLOCK_GETTIME_MONOTONIC 1
| #define HAVE_SYS_TYPES_H 1
| #define HAVE_SYS_TIME_H 1
| #define HAVE_CLOCK_GETTIME_MONOTONIC_RAW 1
| #define HAVE_LIBZ 1
| #define USE_IPV6 1
| #define HAVE_SOCKADDR_IN6_SIN6_SCOPE_ID 1
| #define HAVE_WRITABLE_ARGV 1
| #define HAVE_SYS_TYPES_H 1
| #define HAVE_SYS_TIME_H 1
| #define HAVE_SYS_SELECT_H 1
| #define HAVE_SYS_SOCKET_H 1
| #define HAVE_SYS_IOCTL_H 1
| #define HAVE_UNISTD_H 1
| #define HAVE_STDLIB_H 1
| #define HAVE_ARPA_INET_H 1
| #define HAVE_NET_IF_H 1
| #define HAVE_NETINET_IN_H 1
| #define HAVE_SYS_UN_H 1
| #define HAVE_LINUX_TCP_H 1
| #define HAVE_NETINET_TCP_H 1
| #define HAVE_NETINET_UDP_H 1
| #define HAVE_NETDB_H 1
| #define HAVE_SYS_STAT_H 1
| #define HAVE_SYS_PARAM_H 1
| #define HAVE_TERMIOS_H 1
| #define HAVE_FCNTL_H 1
| #define HAVE_PWD_H 1
| #define HAVE_UTIME_H 1
| #define HAVE_SYS_POLL_H 1
| #define HAVE_POLL_H 1
| #define HAVE_SYS_RESOURCE_H 1
| #define HAVE_LIBGEN_H 1
| #define HAVE_LOCALE_H 1
| #define HAVE_STDBOOL_H 1
| #define HAVE_SYS_WAIT_H 1
| #define HAVE_SYS_EVENTFD_H 1
| #define HAVE_SETJMP_H 1
| #define HAVE_SYS_TYPES_H 1
| #define HAVE_SYS_TIME_H 1
| #define HAVE_SYS_SOCKET_H 1
| #define HAVE_STRUCT_TIMEVAL 1
| #define SIZEOF_SIZE_T 8
| #define SIZEOF_LONG 8
| #define SIZEOF_INT 4
| #define SIZEOF_TIME_T 8
| #define SIZEOF_OFF_T 8
| #define SIZEOF_CURL_OFF_T 8
| #define SIZEOF_CURL_SOCKET_T 4
| #define HAVE_LONGLONG 1
| #define HAVE_BOOL_T 1
| #define CURL_SA_FAMILY_T sa_family_t
| #define HAVE_SUSECONDS_T 1
| #define HAVE_STRUCT_SOCKADDR_STORAGE 1
| #define HAVE_SYS_SELECT_H 1
| #define HAVE_SYS_SOCKET_H 1
| #define HAVE_SELECT 1
| #define HAVE_SYS_TYPES_H 1
| #define HAVE_SYS_SOCKET_H 1
| #define HAVE_RECV 1
| #define HAVE_SYS_TYPES_H 1
| #define HAVE_SYS_SOCKET_H 1
| #define HAVE_SEND 1
| #define HAVE_SYS_TYPES_H 1
| #define HAVE_SYS_SOCKET_H 1
| #define HAVE_MSG_NOSIGNAL 1
| #define HAVE_SYS_TYPES_H 1
| #define HAVE_UNISTD_H 1
| #define HAVE_ALARM 1
| #define HAVE_SYS_TYPES_H 1
| #define HAVE_STRINGS_H 1
| #define HAVE_SYS_TYPES_H 1
| #define HAVE_LIBGEN_H 1
| #define HAVE_BASENAME 1
| #define HAVE_SYS_TYPES_H 1
| #define HAVE_SYS_TYPES_H 1
| #define HAVE_SYS_SOCKET_H 1
| #define HAVE_SYS_TYPES_H 1
| #define HAVE_UNISTD_H 1
| #define HAVE_FCNTL_H 1
| #define HAVE_FCNTL 1
| #define HAVE_FCNTL_O_NONBLOCK 1
| #define HAVE_SYS_TYPES_H 1
| #define HAVE_NETDB_H 1
| #define HAVE_FREEADDRINFO 1
| #define HAVE_SYS_TYPES_H 1
| #define HAVE_SYS_XATTR_H 1
| #define HAVE_FSETXATTR 1
| #define HAVE_FSETXATTR_5 1
| #define HAVE_FTRUNCATE 1
| #define HAVE_SYS_TYPES_H 1
| #define HAVE_GETADDRINFO 1
| #define HAVE_GETADDRINFO_THREADSAFE 1
| #define HAVE_GETHOSTBYNAME 1
| #define HAVE_GETHOSTBYNAME_R 1
| #define HAVE_GETHOSTBYNAME_R_6 1
| #define GETHOSTNAME_TYPE_ARG2 size_t
| #define HAVE_GETHOSTNAME 1
| #define HAVE_GETPEERNAME 1
| #define HAVE_GETSOCKNAME 1
| #define HAVE_NET_IF_H 1
| #define HAVE_IF_NAMETOINDEX 1
| #define HAVE_SYS_TYPES_H 1
| #define HAVE_SYS_SOCKET_H 1
| #define HAVE_NETINET_IN_H 1
| #define HAVE_IFADDRS_H 1
| #define HAVE_GETIFADDRS 1
| #define HAVE_SYS_TYPES_H 1
| #define HAVE_SYS_TIME_H 1
| #define HAVE_GMTIME_R 1
| #define HAVE_SYS_TYPES_H 1
| #define HAVE_SYS_SOCKET_H 1
| #define HAVE_NETINET_IN_H 1
| #define HAVE_ARPA_INET_H 1
| #define HAVE_INET_NTOP 1
| #define HAVE_INET_PTON 1
| #define HAVE_SYS_TYPES_H 1
| #define HAVE_UNISTD_H 1
| #define HAVE_SYS_SOCKET_H 1
| #define HAVE_SYS_IOCTL_H 1
| #define HAVE_STROPTS_H 1
| #define HAVE_IOCTL 1
| #define HAVE_IOCTL_FIONBIO 1
| #define HAVE_IOCTL_SIOCGIFADDR 1
| /* end confdefs.h.  */
| 
| 
|       /* includes start */
| #ifdef _WIN32
| #  ifndef WIN32_LEAN_AND_MEAN
| #    define WIN32_LEAN_AND_MEAN
| #  endif
| #  include <winsock2.h>
| #endif
| /* includes end */
| 
| int main (void)
| {
| 
|       if(0 != ioctlsocket(0, 0, 0))
|         return 1;
| 
|  ;
|  return 0;
| }
| 
configure:40722: result: no
configure:40809: checking if ioctlsocket might be used
configure:40895: result: no
configure:40907: checking if IoctlSocket can be linked
configure:40925: x86_64-linux-musl-gcc -o conftest -Werror-implicit-function-declaration -O2 -Wno-system-headers  -I/home/michko/runepkg/runepkg/.forge_musl/deps/include  -L/home/michko/runepkg/runepkg/.forge_musl/deps/lib conftest.c -lz  >&5
conftest.c: In function 'main':
conftest.c:176:7: error: implicit declaration of function 'IoctlSocket' [-Werror=implicit-function-declaration]
  176 |       IoctlSocket(0, 0, 0);
      |       ^~~~~~~~~~~
cc1: some warnings being treated as errors
configure:40925: $? = 1
configure: failed program was:
| /* confdefs.h */
| #define PACKAGE_NAME "curl"
| #define PACKAGE_TARNAME "curl"
| #define PACKAGE_VERSION "-"
| #define PACKAGE_STRING "curl -"
| #define PACKAGE_BUGREPORT "a suitable curl mailing list: https://curl.se/mail/"
| #define PACKAGE_URL ""
| #define HAVE_STDIO_H 1
| #define HAVE_STDLIB_H 1
| #define HAVE_STRING_H 1
| #define HAVE_INTTYPES_H 1
| #define HAVE_STDINT_H 1
| #define HAVE_STRINGS_H 1
| #define HAVE_SYS_STAT_H 1
| #define HAVE_SYS_TYPES_H 1
| #define HAVE_UNISTD_H 1
| #define STDC_HEADERS 1
| #define HAVE_STDATOMIC_H 1
| #define HAVE_ATOMIC 1
| #define PACKAGE "curl"
| #define VERSION "-"
| #define OS "x86_64-pc-linux-musl"
| #define HAVE_DLFCN_H 1
| #define LT_OBJDIR ".libs/"
| #define CURL_DISABLE_LDAP 1
| #define CURL_DISABLE_LDAPS 1
| #define HAVE_SYS_TYPES_H 1
| #define HAVE_SYS_TIME_H 1
| #define HAVE_CLOCK_GETTIME_MONOTONIC 1
| #define HAVE_SYS_TYPES_H 1
| #define HAVE_SYS_TIME_H 1
| #define HAVE_CLOCK_GETTIME_MONOTONIC_RAW 1
| #define HAVE_LIBZ 1
| #define USE_IPV6 1
| #define HAVE_SOCKADDR_IN6_SIN6_SCOPE_ID 1
| #define HAVE_WRITABLE_ARGV 1
| #define HAVE_SYS_TYPES_H 1
| #define HAVE_SYS_TIME_H 1
| #define HAVE_SYS_SELECT_H 1
| #define HAVE_SYS_SOCKET_H 1
| #define HAVE_SYS_IOCTL_H 1
| #define HAVE_UNISTD_H 1
| #define HAVE_STDLIB_H 1
| #define HAVE_ARPA_INET_H 1
| #define HAVE_NET_IF_H 1
| #define HAVE_NETINET_IN_H 1
| #define HAVE_SYS_UN_H 1
| #define HAVE_LINUX_TCP_H 1
| #define HAVE_NETINET_TCP_H 1
| #define HAVE_NETINET_UDP_H 1
| #define HAVE_NETDB_H 1
| #define HAVE_SYS_STAT_H 1
| #define HAVE_SYS_PARAM_H 1
| #define HAVE_TERMIOS_H 1
| #define HAVE_FCNTL_H 1
| #define HAVE_PWD_H 1
| #define HAVE_UTIME_H 1
| #define HAVE_SYS_POLL_H 1
| #define HAVE_POLL_H 1
| #define HAVE_SYS_RESOURCE_H 1
| #define HAVE_LIBGEN_H 1
| #define HAVE_LOCALE_H 1
| #define HAVE_STDBOOL_H 1
| #define HAVE_SYS_WAIT_H 1
| #define HAVE_SYS_EVENTFD_H 1
| #define HAVE_SETJMP_H 1
| #define HAVE_SYS_TYPES_H 1
| #define HAVE_SYS_TIME_H 1
| #define HAVE_SYS_SOCKET_H 1
| #define HAVE_STRUCT_TIMEVAL 1
| #define SIZEOF_SIZE_T 8
| #define SIZEOF_LONG 8
| #define SIZEOF_INT 4
| #define SIZEOF_TIME_T 8
| #define SIZEOF_OFF_T 8
| #define SIZEOF_CURL_OFF_T 8
| #define SIZEOF_CURL_SOCKET_T 4
| #define HAVE_LONGLONG 1
| #define HAVE_BOOL_T 1
| #define CURL_SA_FAMILY_T sa_family_t
| #define HAVE_SUSECONDS_T 1
| #define HAVE_STRUCT_SOCKADDR_STORAGE 1
| #define HAVE_SYS_SELECT_H 1
| #define HAVE_SYS_SOCKET_H 1
| #define HAVE_SELECT 1
| #define HAVE_SYS_TYPES_H 1
| #define HAVE_SYS_SOCKET_H 1
| #define HAVE_RECV 1
| #define HAVE_SYS_TYPES_H 1
| #define HAVE_SYS_SOCKET_H 1
| #define HAVE_SEND 1
| #define HAVE_SYS_TYPES_H 1
| #define HAVE_SYS_SOCKET_H 1
| #define HAVE_MSG_NOSIGNAL 1
| #define HAVE_SYS_TYPES_H 1
| #define HAVE_UNISTD_H 1
| #define HAVE_ALARM 1
| #define HAVE_SYS_TYPES_H 1
| #define HAVE_STRINGS_H 1
| #define HAVE_SYS_TYPES_H 1
| #define HAVE_LIBGEN_H 1
| #define HAVE_BASENAME 1
| #define HAVE_SYS_TYPES_H 1
| #define HAVE_SYS_TYPES_H 1
| #define HAVE_SYS_SOCKET_H 1
| #define HAVE_SYS_TYPES_H 1
| #define HAVE_UNISTD_H 1
| #define HAVE_FCNTL_H 1
| #define HAVE_FCNTL 1
| #define HAVE_FCNTL_O_NONBLOCK 1
| #define HAVE_SYS_TYPES_H 1
| #define HAVE_NETDB_H 1
| #define HAVE_FREEADDRINFO 1
| #define HAVE_SYS_TYPES_H 1
| #define HAVE_SYS_XATTR_H 1
| #define HAVE_FSETXATTR 1
| #define HAVE_FSETXATTR_5 1
| #define HAVE_FTRUNCATE 1
| #define HAVE_SYS_TYPES_H 1
| #define HAVE_GETADDRINFO 1
| #define HAVE_GETADDRINFO_THREADSAFE 1
| #define HAVE_GETHOSTBYNAME 1
| #define HAVE_GETHOSTBYNAME_R 1
| #define HAVE_GETHOSTBYNAME_R_6 1
| #define GETHOSTNAME_TYPE_ARG2 size_t
| #define HAVE_GETHOSTNAME 1
| #define HAVE_GETPEERNAME 1
| #define HAVE_GETSOCKNAME 1
| #define HAVE_NET_IF_H 1
| #define HAVE_IF_NAMETOINDEX 1
| #define HAVE_SYS_TYPES_H 1
| #define HAVE_SYS_SOCKET_H 1
| #define HAVE_NETINET_IN_H 1
| #define HAVE_IFADDRS_H 1
| #define HAVE_GETIFADDRS 1
| #define HAVE_SYS_TYPES_H 1
| #define HAVE_SYS_TIME_H 1
| #define HAVE_GMTIME_R 1
| #define HAVE_SYS_TYPES_H 1
| #define HAVE_SYS_SOCKET_H 1
| #define HAVE_NETINET_IN_H 1
| #define HAVE_ARPA_INET_H 1
| #define HAVE_INET_NTOP 1
| #define HAVE_INET_PTON 1
| #define HAVE_SYS_TYPES_H 1
| #define HAVE_UNISTD_H 1
| #define HAVE_SYS_SOCKET_H 1
| #define HAVE_SYS_IOCTL_H 1
| #define HAVE_STROPTS_H 1
| #define HAVE_IOCTL 1
| #define HAVE_IOCTL_FIONBIO 1
| #define HAVE_IOCTL_SIOCGIFADDR 1
| /* end confdefs.h.  */
| 
| 
|       /* includes start */
| #if defined(HAVE_PROTO_BSDSOCKET_H)
| #  define __NO_NET_API
| #  define __USE_INLINE__
| #  include <proto/bsdsocket.h>
| #  ifdef HAVE_SYS_IOCTL_H
| #    include <sys/ioctl.h>
| #  endif
| #  ifdef __amigaos4__
| struct SocketIFace *ISocket = NULL;
| #  else
| struct Library *SocketBase = NULL;
| #  endif
| #  define select(a,b,c,d,e) WaitSelect(a,b,c,d,e,0)
| #endif
| /* includes end */
| 
| int main (void)
| {
| 
|       IoctlSocket(0, 0, 0);
| 
|  ;
|  return 0;
| }
| 
configure:40934: result: no
configure:41021: checking if IoctlSocket might be used
configure:41107: result: no
configure:41120: checking if memrchr can be linked
configure:41149: x86_64-linux-musl-gcc -o conftest -Werror-implicit-function-declaration -O2 -Wno-system-headers  -I/home/michko/runepkg/runepkg/.forge_musl/deps/include  -L/home/michko/runepkg/runepkg/.forge_musl/deps/lib conftest.c -lz  >&5
configure:41149: $? = 0
configure:41152: result: yes
configure:41205: checking if memrchr is prototyped
configure:41223: result: no
configure:41284: checking if memrchr might be used
configure:41297: result: no
configure:41315: checking for sys/types.h
configure:41315: result: yes
configure:41322: checking for poll.h
configure:41322: result: yes
configure:41329: checking for sys/poll.h
configure:41329: result: yes
configure:41353: checking if poll can be linked
configure:41372: x86_64-linux-musl-gcc -o conftest -Werror-implicit-function-declaration -O2 -Wno-system-headers  -I/home/michko/runepkg/runepkg/.forge_musl/deps/include  -L/home/michko/runepkg/runepkg/.forge_musl/deps/lib conftest.c -lz  >&5
In file included from conftest.c:167:
/home/michko/runepkg/runepkg/.forge_musl/toolchain/x86_64-linux-musl/include/sys/poll.h:1:2: warning: #warning redirecting incorrect #include <sys/poll.h> to <poll.h> [-Wcpp]
    1 | #warning redirecting incorrect #include <sys/poll.h> to <poll.h>
      |  ^~~~~~~
configure:41372: $? = 0
configure:41375: result: yes
configure:41390: checking if poll is prototyped
In file included from conftest.c:166:
/home/michko/runepkg/runepkg/.forge_musl/toolchain/x86_64-linux-musl/include/sys/poll.h:1:2: warning: #warning redirecting incorrect #include <sys/poll.h> to <poll.h> [-Wcpp]
    1 | #warning redirecting incorrect #include <sys/poll.h> to <poll.h>
      |  ^~~~~~~
configure:41402: result: yes
configure:41418: checking if poll is compilable
configure:41437: x86_64-linux-musl-gcc -c -Werror-implicit-function-declaration -O2 -Wno-system-headers  -I/home/michko/runepkg/runepkg/.forge_musl/deps/include conftest.c >&5
In file included from conftest.c:167:
/home/michko/runepkg/runepkg/.forge_musl/toolchain/x86_64-linux-musl/include/sys/poll.h:1:2: warning: #warning redirecting incorrect #include <sys/poll.h> to <poll.h> [-Wcpp]
    1 | #warning redirecting incorrect #include <sys/poll.h> to <poll.h>
      |  ^~~~~~~
configure:41437: $? = 0
configure:41440: result: yes
configure:41456: checking if poll seems to work
configure:41570: sh ./run-compiler -o conftest -Werror-implicit-function-declaration -O2 -Wno-system-headers  -I/home/michko/runepkg/runepkg/.forge_musl/deps/include  -L/home/michko/runepkg/runepkg/.forge_musl/deps/lib conftest.c -lz  >&5
In file included from conftest.c:173:
/home/michko/runepkg/runepkg/.forge_musl/toolchain/x86_64-linux-musl/include/sys/poll.h:1:2: warning: #warning redirecting incorrect #include <sys/poll.h> to <poll.h> [-Wcpp]
    1 | #warning redirecting incorrect #include <sys/poll.h> to <poll.h>
      |  ^~~~~~~
configure:41570: $? = 0
configure:41570: ./conftest
configure:41570: $? = 0
configure:41572: result: yes
configure:41595: checking if poll usage allowed
configure:41598: result: yes
configure:41608: checking if poll might be used
configure:41615: result: yes
configure:41635: checking for sys/types.h
configure:41635: result: yes
configure:41651: checking if sigaction can be linked
configure:41680: x86_64-linux-musl-gcc -o conftest -Werror-implicit-function-declaration -O2 -Wno-system-headers  -I/home/michko/runepkg/runepkg/.forge_musl/deps/include  -L/home/michko/runepkg/runepkg/.forge_musl/deps/lib conftest.c -lz  >&5
configure:41680: $? = 0
configure:41683: result: yes
configure:41698: checking if sigaction is prototyped
configure:41710: result: yes
configure:41726: checking if sigaction is compilable
configure:41745: x86_64-linux-musl-gcc -c -Werror-implicit-function-declaration -O2 -Wno-system-headers  -I/home/michko/runepkg/runepkg/.forge_musl/deps/include conftest.c >&5
configure:41745: $? = 0
configure:41748: result: yes
configure:41763: checking if sigaction usage allowed
configure:41766: result: yes
configure:41776: checking if sigaction might be used
configure:41782: result: yes
configure:41801: checking if siginterrupt can be linked
configure:41830: x86_64-linux-musl-gcc -o conftest -Werror-implicit-function-declaration -O2 -Wno-system-headers  -I/home/michko/runepkg/runepkg/.forge_musl/deps/include  -L/home/michko/runepkg/runepkg/.forge_musl/deps/lib conftest.c -lz  >&5
configure:41830: $? = 0
configure:41833: result: yes
configure:41848: checking if siginterrupt is prototyped
configure:41860: result: yes
configure:41876: checking if siginterrupt is compilable
configure:41895: x86_64-linux-musl-gcc -c -Werror-implicit-function-declaration -O2 -Wno-system-headers  -I/home/michko/runepkg/runepkg/.forge_musl/deps/include conftest.c >&5
configure:41895: $? = 0
configure:41898: result: yes
configure:41913: checking if siginterrupt usage allowed
configure:41916: result: yes
configure:41926: checking if siginterrupt might be used
configure:41932: result: yes
configure:41951: checking if signal can be linked
configure:41980: x86_64-linux-musl-gcc -o conftest -Werror-implicit-function-declaration -O2 -Wno-system-headers  -I/home/michko/runepkg/runepkg/.forge_musl/deps/include  -L/home/michko/runepkg/runepkg/.forge_musl/deps/lib conftest.c -lz  >&5
configure:41980: $? = 0
configure:41983: result: yes
configure:41998: checking if signal is prototyped
configure:42010: result: yes
configure:42026: checking if signal is compilable
configure:42045: x86_64-linux-musl-gcc -c -Werror-implicit-function-declaration -O2 -Wno-system-headers  -I/home/michko/runepkg/runepkg/.forge_musl/deps/include conftest.c >&5
configure:42045: $? = 0
configure:42048: result: yes
configure:42063: checking if signal usage allowed
configure:42066: result: yes
configure:42076: checking if signal might be used
configure:42082: result: yes
configure:42102: checking for sys/types.h
configure:42102: result: yes
configure:42119: checking if sigsetjmp can be linked
configure:42148: x86_64-linux-musl-gcc -o conftest -Werror-implicit-function-declaration -O2 -Wno-system-headers  -I/home/michko/runepkg/runepkg/.forge_musl/deps/include  -L/home/michko/runepkg/runepkg/.forge_musl/deps/lib conftest.c -lz  >&5
configure:42148: $? = 0
configure:42151: result: yes
configure:42205: checking if sigsetjmp is prototyped
configure:42217: result: yes
configure:42234: checking if sigsetjmp is compilable
configure:42254: x86_64-linux-musl-gcc -c -Werror-implicit-function-declaration -O2 -Wno-system-headers  -I/home/michko/runepkg/runepkg/.forge_musl/deps/include conftest.c >&5
configure:42254: $? = 0
configure:42257: result: yes
configure:42272: checking if sigsetjmp usage allowed
configure:42275: result: yes
configure:42285: checking if sigsetjmp might be used
configure:42291: result: yes
configure:42310: checking if socket can be linked
configure:42332: x86_64-linux-musl-gcc -o conftest -Werror-implicit-function-declaration -O2 -Wno-system-headers  -I/home/michko/runepkg/runepkg/.forge_musl/deps/include  -L/home/michko/runepkg/runepkg/.forge_musl/deps/lib conftest.c -lz  >&5
configure:42332: $? = 0
configure:42335: result: yes
configure:42350: checking if socket is prototyped
configure:42365: result: yes
configure:42381: checking if socket is compilable
configure:42403: x86_64-linux-musl-gcc -c -Werror-implicit-function-declaration -O2 -Wno-system-headers  -I/home/michko/runepkg/runepkg/.forge_musl/deps/include conftest.c >&5
configure:42403: $? = 0
configure:42406: result: yes
configure:42421: checking if socket usage allowed
configure:42424: result: yes
configure:42434: checking if socket might be used
configure:42440: result: yes
configure:42459: checking if socketpair can be linked
configure:42488: x86_64-linux-musl-gcc -o conftest -Werror-implicit-function-declaration -O2 -Wno-system-headers  -I/home/michko/runepkg/runepkg/.forge_musl/deps/include  -L/home/michko/runepkg/runepkg/.forge_musl/deps/lib conftest.c -lz  >&5
configure:42488: $? = 0
configure:42491: result: yes
configure:42506: checking if socketpair is prototyped
configure:42519: result: yes
configure:42535: checking if socketpair is compilable
configure:42556: x86_64-linux-musl-gcc -c -Werror-implicit-function-declaration -O2 -Wno-system-headers  -I/home/michko/runepkg/runepkg/.forge_musl/deps/include conftest.c >&5
configure:42556: $? = 0
configure:42559: result: yes
configure:42574: checking if socketpair usage allowed
configure:42577: result: yes
configure:42587: checking if socketpair might be used
configure:42593: result: yes
configure:42612: checking if strcasecmp can be linked
configure:42641: x86_64-linux-musl-gcc -o conftest -Werror-implicit-function-declaration -O2 -Wno-system-headers  -I/home/michko/runepkg/runepkg/.forge_musl/deps/include  -L/home/michko/runepkg/runepkg/.forge_musl/deps/lib conftest.c -lz  >&5
conftest.c:178:6: warning: conflicting types for built-in function 'strcasecmp'; expected 'int(const char *, const char *)' [-Wbuiltin-declaration-mismatch]
  178 | char strcasecmp ();
      |      ^~~~~~~~~~
configure:42641: $? = 0
configure:42644: result: yes
configure:42659: checking if strcasecmp is prototyped
configure:42671: result: yes
configure:42687: checking if strcasecmp is compilable
configure:42706: x86_64-linux-musl-gcc -c -Werror-implicit-function-declaration -O2 -Wno-system-headers  -I/home/michko/runepkg/runepkg/.forge_musl/deps/include conftest.c >&5
configure:42706: $? = 0
configure:42709: result: yes
configure:42724: checking if strcasecmp usage allowed
configure:42727: result: yes
configure:42737: checking if strcasecmp might be used
configure:42743: result: yes
configure:42762: checking if strcmpi can be linked
configure:42791: x86_64-linux-musl-gcc -o conftest -Werror-implicit-function-declaration -O2 -Wno-system-headers  -I/home/michko/runepkg/runepkg/.forge_musl/deps/include  -L/home/michko/runepkg/runepkg/.forge_musl/deps/lib conftest.c -lz  >&5
/home/michko/runepkg/runepkg/.forge_musl/toolchain/bin/../lib/gcc/x86_64-linux-musl/11.2.1/../../../../x86_64-linux-musl/bin/ld: /tmp/ccLcPIbh.o: in function `main':
conftest.c:(.text.startup+0x7): undefined reference to `strcmpi'
collect2: error: ld returned 1 exit status
configure:42791: $? = 1
configure: failed program was:
| /* confdefs.h */
| #define PACKAGE_NAME "curl"
| #define PACKAGE_TARNAME "curl"
| #define PACKAGE_VERSION "-"
| #define PACKAGE_STRING "curl -"
| #define PACKAGE_BUGREPORT "a suitable curl mailing list: https://curl.se/mail/"
| #define PACKAGE_URL ""
| #define HAVE_STDIO_H 1
| #define HAVE_STDLIB_H 1
| #define HAVE_STRING_H 1
| #define HAVE_INTTYPES_H 1
| #define HAVE_STDINT_H 1
| #define HAVE_STRINGS_H 1
| #define HAVE_SYS_STAT_H 1
| #define HAVE_SYS_TYPES_H 1
| #define HAVE_UNISTD_H 1
| #define STDC_HEADERS 1
| #define HAVE_STDATOMIC_H 1
| #define HAVE_ATOMIC 1
| #define PACKAGE "curl"
| #define VERSION "-"
| #define OS "x86_64-pc-linux-musl"
| #define HAVE_DLFCN_H 1
| #define LT_OBJDIR ".libs/"
| #define CURL_DISABLE_LDAP 1
| #define CURL_DISABLE_LDAPS 1
| #define HAVE_SYS_TYPES_H 1
| #define HAVE_SYS_TIME_H 1
| #define HAVE_CLOCK_GETTIME_MONOTONIC 1
| #define HAVE_SYS_TYPES_H 1
| #define HAVE_SYS_TIME_H 1
| #define HAVE_CLOCK_GETTIME_MONOTONIC_RAW 1
| #define HAVE_LIBZ 1
| #define USE_IPV6 1
| #define HAVE_SOCKADDR_IN6_SIN6_SCOPE_ID 1
| #define HAVE_WRITABLE_ARGV 1
| #define HAVE_SYS_TYPES_H 1
| #define HAVE_SYS_TIME_H 1
| #define HAVE_SYS_SELECT_H 1
| #define HAVE_SYS_SOCKET_H 1
| #define HAVE_SYS_IOCTL_H 1
| #define HAVE_UNISTD_H 1
| #define HAVE_STDLIB_H 1
| #define HAVE_ARPA_INET_H 1
| #define HAVE_NET_IF_H 1
| #define HAVE_NETINET_IN_H 1
| #define HAVE_SYS_UN_H 1
| #define HAVE_LINUX_TCP_H 1
| #define HAVE_NETINET_TCP_H 1
| #define HAVE_NETINET_UDP_H 1
| #define HAVE_NETDB_H 1
| #define HAVE_SYS_STAT_H 1
| #define HAVE_SYS_PARAM_H 1
| #define HAVE_TERMIOS_H 1
| #define HAVE_FCNTL_H 1
| #define HAVE_PWD_H 1
| #define HAVE_UTIME_H 1
| #define HAVE_SYS_POLL_H 1
| #define HAVE_POLL_H 1
| #define HAVE_SYS_RESOURCE_H 1
| #define HAVE_LIBGEN_H 1
| #define HAVE_LOCALE_H 1
| #define HAVE_STDBOOL_H 1
| #define HAVE_SYS_WAIT_H 1
| #define HAVE_SYS_EVENTFD_H 1
| #define HAVE_SETJMP_H 1
| #define HAVE_SYS_TYPES_H 1
| #define HAVE_SYS_TIME_H 1
| #define HAVE_SYS_SOCKET_H 1
| #define HAVE_STRUCT_TIMEVAL 1
| #define SIZEOF_SIZE_T 8
| #define SIZEOF_LONG 8
| #define SIZEOF_INT 4
| #define SIZEOF_TIME_T 8
| #define SIZEOF_OFF_T 8
| #define SIZEOF_CURL_OFF_T 8
| #define SIZEOF_CURL_SOCKET_T 4
| #define HAVE_LONGLONG 1
| #define HAVE_BOOL_T 1
| #define CURL_SA_FAMILY_T sa_family_t
| #define HAVE_SUSECONDS_T 1
| #define HAVE_STRUCT_SOCKADDR_STORAGE 1
| #define HAVE_SYS_SELECT_H 1
| #define HAVE_SYS_SOCKET_H 1
| #define HAVE_SELECT 1
| #define HAVE_SYS_TYPES_H 1
| #define HAVE_SYS_SOCKET_H 1
| #define HAVE_RECV 1
| #define HAVE_SYS_TYPES_H 1
| #define HAVE_SYS_SOCKET_H 1
| #define HAVE_SEND 1
| #define HAVE_SYS_TYPES_H 1
| #define HAVE_SYS_SOCKET_H 1
| #define HAVE_MSG_NOSIGNAL 1
| #define HAVE_SYS_TYPES_H 1
| #define HAVE_UNISTD_H 1
| #define HAVE_ALARM 1
| #define HAVE_SYS_TYPES_H 1
| #define HAVE_STRINGS_H 1
| #define HAVE_SYS_TYPES_H 1
| #define HAVE_LIBGEN_H 1
| #define HAVE_BASENAME 1
| #define HAVE_SYS_TYPES_H 1
| #define HAVE_SYS_TYPES_H 1
| #define HAVE_SYS_SOCKET_H 1
| #define HAVE_SYS_TYPES_H 1
| #define HAVE_UNISTD_H 1
| #define HAVE_FCNTL_H 1
| #define HAVE_FCNTL 1
| #define HAVE_FCNTL_O_NONBLOCK 1
| #define HAVE_SYS_TYPES_H 1
| #define HAVE_NETDB_H 1
| #define HAVE_FREEADDRINFO 1
| #define HAVE_SYS_TYPES_H 1
| #define HAVE_SYS_XATTR_H 1
| #define HAVE_FSETXATTR 1
| #define HAVE_FSETXATTR_5 1
| #define HAVE_FTRUNCATE 1
| #define HAVE_SYS_TYPES_H 1
| #define HAVE_GETADDRINFO 1
| #define HAVE_GETADDRINFO_THREADSAFE 1
| #define HAVE_GETHOSTBYNAME 1
| #define HAVE_GETHOSTBYNAME_R 1
| #define HAVE_GETHOSTBYNAME_R_6 1
| #define GETHOSTNAME_TYPE_ARG2 size_t
| #define HAVE_GETHOSTNAME 1
| #define HAVE_GETPEERNAME 1
| #define HAVE_GETSOCKNAME 1
| #define HAVE_NET_IF_H 1
| #define HAVE_IF_NAMETOINDEX 1
| #define HAVE_SYS_TYPES_H 1
| #define HAVE_SYS_SOCKET_H 1
| #define HAVE_NETINET_IN_H 1
| #define HAVE_IFADDRS_H 1
| #define HAVE_GETIFADDRS 1
| #define HAVE_SYS_TYPES_H 1
| #define HAVE_SYS_TIME_H 1
| #define HAVE_GMTIME_R 1
| #define HAVE_SYS_TYPES_H 1
| #define HAVE_SYS_SOCKET_H 1
| #define HAVE_NETINET_IN_H 1
| #define HAVE_ARPA_INET_H 1
| #define HAVE_INET_NTOP 1
| #define HAVE_INET_PTON 1
| #define HAVE_SYS_TYPES_H 1
| #define HAVE_UNISTD_H 1
| #define HAVE_SYS_SOCKET_H 1
| #define HAVE_SYS_IOCTL_H 1
| #define HAVE_STROPTS_H 1
| #define HAVE_IOCTL 1
| #define HAVE_IOCTL_FIONBIO 1
| #define HAVE_IOCTL_SIOCGIFADDR 1
| #define HAVE_SYS_TYPES_H 1
| #define HAVE_POLL_H 1
| #define HAVE_SYS_POLL_H 1
| #define HAVE_POLL_FINE 1
| #define HAVE_SYS_TYPES_H 1
| #define HAVE_SIGACTION 1
| #define HAVE_SIGINTERRUPT 1
| #define HAVE_SIGNAL 1
| #define HAVE_SYS_TYPES_H 1
| #define HAVE_SIGSETJMP 1
| #define HAVE_SOCKET 1
| #define HAVE_SOCKETPAIR 1
| #define HAVE_STRCASECMP 1
| /* end confdefs.h.  */
| 
| 
| #define strcmpi innocuous_strcmpi
| #ifdef __STDC__
| # include <limits.h>
| #else
| # include <assert.h>
| #endif
| #undef strcmpi
| #ifdef __cplusplus
| extern "C"
| #endif
| char strcmpi ();
| #if defined __stub_strcmpi || defined __stub___strcmpi
| choke me
| #endif
| 
| int main (void)
| {
| return strcmpi ();
|  ;
|  return 0;
| }
| 
configure:42800: result: no
configure:42887: checking if strcmpi might be used
configure:42900: result: no
configure:42912: checking if strdup can be linked
configure:42941: x86_64-linux-musl-gcc -o conftest -Werror-implicit-function-declaration -O2 -Wno-system-headers  -I/home/michko/runepkg/runepkg/.forge_musl/deps/include  -L/home/michko/runepkg/runepkg/.forge_musl/deps/lib conftest.c -lz  >&5
conftest.c:179:6: warning: conflicting types for built-in function 'strdup'; expected 'char *(const char *)' [-Wbuiltin-declaration-mismatch]
  179 | char strdup ();
      |      ^~~~~~
configure:42941: $? = 0
configure:42944: result: yes
configure:42959: checking if strdup is prototyped
configure:42971: result: yes
configure:42987: checking if strdup is compilable
configure:43006: x86_64-linux-musl-gcc -c -Werror-implicit-function-declaration -O2 -Wno-system-headers  -I/home/michko/runepkg/runepkg/.forge_musl/deps/include conftest.c >&5
configure:43006: $? = 0
configure:43009: result: yes
configure:43024: checking if strdup usage allowed
configure:43027: result: yes
configure:43037: checking if strdup might be used
configure:43043: result: yes
configure:43068: checking if strerror_r can be linked
configure:43097: x86_64-linux-musl-gcc -o conftest -Werror-implicit-function-declaration -O2 -Wno-system-headers  -I/home/michko/runepkg/runepkg/.forge_musl/deps/include  -L/home/michko/runepkg/runepkg/.forge_musl/deps/lib conftest.c -lz  >&5
configure:43097: $? = 0
configure:43100: result: yes
configure:43115: checking if strerror_r is prototyped
configure:43127: result: yes
configure:43143: checking if strerror_r is compilable
configure:43162: x86_64-linux-musl-gcc -c -Werror-implicit-function-declaration -O2 -Wno-system-headers  -I/home/michko/runepkg/runepkg/.forge_musl/deps/include conftest.c >&5
configure:43162: $? = 0
configure:43165: result: yes
configure:43180: checking if strerror_r is glibc like
configure:43203: x86_64-linux-musl-gcc -c -Werror-implicit-function-declaration -O2 -Wno-system-headers  -I/home/michko/runepkg/runepkg/.forge_musl/deps/include conftest.c >&5
conftest.c:179:19: error: conflicting types for 'strerror_r'; have 'char *(int,  char *, size_t)' {aka 'char *(int,  char *, long unsigned int)'}
  179 |             char *strerror_r(int errnum, char *workbuf, size_t bufsize);
      |                   ^~~~~~~~~~
In file included from conftest.c:174:
/home/michko/runepkg/runepkg/.forge_musl/toolchain/x86_64-linux-musl/include/string.h:64:5: note: previous declaration of 'strerror_r' with type 'int(int,  char *, size_t)' {aka 'int(int,  char *, long unsigned int)'}
   64 | int strerror_r (int, char *, size_t);
      |     ^~~~~~~~~~
configure:43203: $? = 1
configure: failed program was:
| /* confdefs.h */
| #define PACKAGE_NAME "curl"
| #define PACKAGE_TARNAME "curl"
| #define PACKAGE_VERSION "-"
| #define PACKAGE_STRING "curl -"
| #define PACKAGE_BUGREPORT "a suitable curl mailing list: https://curl.se/mail/"
| #define PACKAGE_URL ""
| #define HAVE_STDIO_H 1
| #define HAVE_STDLIB_H 1
| #define HAVE_STRING_H 1
| #define HAVE_INTTYPES_H 1
| #define HAVE_STDINT_H 1
| #define HAVE_STRINGS_H 1
| #define HAVE_SYS_STAT_H 1
| #define HAVE_SYS_TYPES_H 1
| #define HAVE_UNISTD_H 1
| #define STDC_HEADERS 1
| #define HAVE_STDATOMIC_H 1
| #define HAVE_ATOMIC 1
| #define PACKAGE "curl"
| #define VERSION "-"
| #define OS "x86_64-pc-linux-musl"
| #define HAVE_DLFCN_H 1
| #define LT_OBJDIR ".libs/"
| #define CURL_DISABLE_LDAP 1
| #define CURL_DISABLE_LDAPS 1
| #define HAVE_SYS_TYPES_H 1
| #define HAVE_SYS_TIME_H 1
| #define HAVE_CLOCK_GETTIME_MONOTONIC 1
| #define HAVE_SYS_TYPES_H 1
| #define HAVE_SYS_TIME_H 1
| #define HAVE_CLOCK_GETTIME_MONOTONIC_RAW 1
| #define HAVE_LIBZ 1
| #define USE_IPV6 1
| #define HAVE_SOCKADDR_IN6_SIN6_SCOPE_ID 1
| #define HAVE_WRITABLE_ARGV 1
| #define HAVE_SYS_TYPES_H 1
| #define HAVE_SYS_TIME_H 1
| #define HAVE_SYS_SELECT_H 1
| #define HAVE_SYS_SOCKET_H 1
| #define HAVE_SYS_IOCTL_H 1
| #define HAVE_UNISTD_H 1
| #define HAVE_STDLIB_H 1
| #define HAVE_ARPA_INET_H 1
| #define HAVE_NET_IF_H 1
| #define HAVE_NETINET_IN_H 1
| #define HAVE_SYS_UN_H 1
| #define HAVE_LINUX_TCP_H 1
| #define HAVE_NETINET_TCP_H 1
| #define HAVE_NETINET_UDP_H 1
| #define HAVE_NETDB_H 1
| #define HAVE_SYS_STAT_H 1
| #define HAVE_SYS_PARAM_H 1
| #define HAVE_TERMIOS_H 1
| #define HAVE_FCNTL_H 1
| #define HAVE_PWD_H 1
| #define HAVE_UTIME_H 1
| #define HAVE_SYS_POLL_H 1
| #define HAVE_POLL_H 1
| #define HAVE_SYS_RESOURCE_H 1
| #define HAVE_LIBGEN_H 1
| #define HAVE_LOCALE_H 1
| #define HAVE_STDBOOL_H 1
| #define HAVE_SYS_WAIT_H 1
| #define HAVE_SYS_EVENTFD_H 1
| #define HAVE_SETJMP_H 1
| #define HAVE_SYS_TYPES_H 1
| #define HAVE_SYS_TIME_H 1
| #define HAVE_SYS_SOCKET_H 1
| #define HAVE_STRUCT_TIMEVAL 1
| #define SIZEOF_SIZE_T 8
| #define SIZEOF_LONG 8
| #define SIZEOF_INT 4
| #define SIZEOF_TIME_T 8
| #define SIZEOF_OFF_T 8
| #define SIZEOF_CURL_OFF_T 8
| #define SIZEOF_CURL_SOCKET_T 4
| #define HAVE_LONGLONG 1
| #define HAVE_BOOL_T 1
| #define CURL_SA_FAMILY_T sa_family_t
| #define HAVE_SUSECONDS_T 1
| #define HAVE_STRUCT_SOCKADDR_STORAGE 1
| #define HAVE_SYS_SELECT_H 1
| #define HAVE_SYS_SOCKET_H 1
| #define HAVE_SELECT 1
| #define HAVE_SYS_TYPES_H 1
| #define HAVE_SYS_SOCKET_H 1
| #define HAVE_RECV 1
| #define HAVE_SYS_TYPES_H 1
| #define HAVE_SYS_SOCKET_H 1
| #define HAVE_SEND 1
| #define HAVE_SYS_TYPES_H 1
| #define HAVE_SYS_SOCKET_H 1
| #define HAVE_MSG_NOSIGNAL 1
| #define HAVE_SYS_TYPES_H 1
| #define HAVE_UNISTD_H 1
| #define HAVE_ALARM 1
| #define HAVE_SYS_TYPES_H 1
| #define HAVE_STRINGS_H 1
| #define HAVE_SYS_TYPES_H 1
| #define HAVE_LIBGEN_H 1
| #define HAVE_BASENAME 1
| #define HAVE_SYS_TYPES_H 1
| #define HAVE_SYS_TYPES_H 1
| #define HAVE_SYS_SOCKET_H 1
| #define HAVE_SYS_TYPES_H 1
| #define HAVE_UNISTD_H 1
| #define HAVE_FCNTL_H 1
| #define HAVE_FCNTL 1
| #define HAVE_FCNTL_O_NONBLOCK 1
| #define HAVE_SYS_TYPES_H 1
| #define HAVE_NETDB_H 1
| #define HAVE_FREEADDRINFO 1
| #define HAVE_SYS_TYPES_H 1
| #define HAVE_SYS_XATTR_H 1
| #define HAVE_FSETXATTR 1
| #define HAVE_FSETXATTR_5 1
| #define HAVE_FTRUNCATE 1
| #define HAVE_SYS_TYPES_H 1
| #define HAVE_GETADDRINFO 1
| #define HAVE_GETADDRINFO_THREADSAFE 1
| #define HAVE_GETHOSTBYNAME 1
| #define HAVE_GETHOSTBYNAME_R 1
| #define HAVE_GETHOSTBYNAME_R_6 1
| #define GETHOSTNAME_TYPE_ARG2 size_t
| #define HAVE_GETHOSTNAME 1
| #define HAVE_GETPEERNAME 1
| #define HAVE_GETSOCKNAME 1
| #define HAVE_NET_IF_H 1
| #define HAVE_IF_NAMETOINDEX 1
| #define HAVE_SYS_TYPES_H 1
| #define HAVE_SYS_SOCKET_H 1
| #define HAVE_NETINET_IN_H 1
| #define HAVE_IFADDRS_H 1
| #define HAVE_GETIFADDRS 1
| #define HAVE_SYS_TYPES_H 1
| #define HAVE_SYS_TIME_H 1
| #define HAVE_GMTIME_R 1
| #define HAVE_SYS_TYPES_H 1
| #define HAVE_SYS_SOCKET_H 1
| #define HAVE_NETINET_IN_H 1
| #define HAVE_ARPA_INET_H 1
| #define HAVE_INET_NTOP 1
| #define HAVE_INET_PTON 1
| #define HAVE_SYS_TYPES_H 1
| #define HAVE_UNISTD_H 1
| #define HAVE_SYS_SOCKET_H 1
| #define HAVE_SYS_IOCTL_H 1
| #define HAVE_STROPTS_H 1
| #define HAVE_IOCTL 1
| #define HAVE_IOCTL_FIONBIO 1
| #define HAVE_IOCTL_SIOCGIFADDR 1
| #define HAVE_SYS_TYPES_H 1
| #define HAVE_POLL_H 1
| #define HAVE_SYS_POLL_H 1
| #define HAVE_POLL_FINE 1
| #define HAVE_SYS_TYPES_H 1
| #define HAVE_SIGACTION 1
| #define HAVE_SIGINTERRUPT 1
| #define HAVE_SIGNAL 1
| #define HAVE_SYS_TYPES_H 1
| #define HAVE_SIGSETJMP 1
| #define HAVE_SOCKET 1
| #define HAVE_SOCKETPAIR 1
| #define HAVE_STRCASECMP 1
| #define HAVE_STRDUP 1
| /* end confdefs.h.  */
| 
| 
|             /* includes start */
| #ifdef HAVE_SYS_TYPES_H
| #  include <sys/types.h>
| #endif
| #include <string.h>
| #ifdef HAVE_STRINGS_H
| #  include <strings.h>
| #endif
| /* includes end */
|             char *strerror_r(int errnum, char *workbuf, size_t bufsize);
| 
| int main (void)
| {
| 
|             if(0 != strerror_r(0, 0, 0))
|               return 1;
| 
|  ;
|  return 0;
| }
| 
configure:43203: x86_64-linux-musl-gcc -c -Werror-implicit-function-declaration -O2 -Wno-system-headers  -I/home/michko/runepkg/runepkg/.forge_musl/deps/include conftest.c >&5
conftest.c:179:19: error: conflicting types for 'strerror_r'; have 'char *(int,  char *, int)'
  179 |             char *strerror_r(int errnum, char *workbuf, int bufsize);
      |                   ^~~~~~~~~~
In file included from conftest.c:174:
/home/michko/runepkg/runepkg/.forge_musl/toolchain/x86_64-linux-musl/include/string.h:64:5: note: previous declaration of 'strerror_r' with type 'int(int,  char *, size_t)' {aka 'int(int,  char *, long unsigned int)'}
   64 | int strerror_r (int, char *, size_t);
      |     ^~~~~~~~~~
configure:43203: $? = 1
configure: failed program was:
| /* confdefs.h */
| #define PACKAGE_NAME "curl"
| #define PACKAGE_TARNAME "curl"
| #define PACKAGE_VERSION "-"
| #define PACKAGE_STRING "curl -"
| #define PACKAGE_BUGREPORT "a suitable curl mailing list: https://curl.se/mail/"
| #define PACKAGE_URL ""
| #define HAVE_STDIO_H 1
| #define HAVE_STDLIB_H 1
| #define HAVE_STRING_H 1
| #define HAVE_INTTYPES_H 1
| #define HAVE_STDINT_H 1
| #define HAVE_STRINGS_H 1
| #define HAVE_SYS_STAT_H 1
| #define HAVE_SYS_TYPES_H 1
| #define HAVE_UNISTD_H 1
| #define STDC_HEADERS 1
| #define HAVE_STDATOMIC_H 1
| #define HAVE_ATOMIC 1
| #define PACKAGE "curl"
| #define VERSION "-"
| #define OS "x86_64-pc-linux-musl"
| #define HAVE_DLFCN_H 1
| #define LT_OBJDIR ".libs/"
| #define CURL_DISABLE_LDAP 1
| #define CURL_DISABLE_LDAPS 1
| #define HAVE_SYS_TYPES_H 1
| #define HAVE_SYS_TIME_H 1
| #define HAVE_CLOCK_GETTIME_MONOTONIC 1
| #define HAVE_SYS_TYPES_H 1
| #define HAVE_SYS_TIME_H 1
| #define HAVE_CLOCK_GETTIME_MONOTONIC_RAW 1
| #define HAVE_LIBZ 1
| #define USE_IPV6 1
| #define HAVE_SOCKADDR_IN6_SIN6_SCOPE_ID 1
| #define HAVE_WRITABLE_ARGV 1
| #define HAVE_SYS_TYPES_H 1
| #define HAVE_SYS_TIME_H 1
| #define HAVE_SYS_SELECT_H 1
| #define HAVE_SYS_SOCKET_H 1
| #define HAVE_SYS_IOCTL_H 1
| #define HAVE_UNISTD_H 1
| #define HAVE_STDLIB_H 1
| #define HAVE_ARPA_INET_H 1
| #define HAVE_NET_IF_H 1
| #define HAVE_NETINET_IN_H 1
| #define HAVE_SYS_UN_H 1
| #define HAVE_LINUX_TCP_H 1
| #define HAVE_NETINET_TCP_H 1
| #define HAVE_NETINET_UDP_H 1
| #define HAVE_NETDB_H 1
| #define HAVE_SYS_STAT_H 1
| #define HAVE_SYS_PARAM_H 1
| #define HAVE_TERMIOS_H 1
| #define HAVE_FCNTL_H 1
| #define HAVE_PWD_H 1
| #define HAVE_UTIME_H 1
| #define HAVE_SYS_POLL_H 1
| #define HAVE_POLL_H 1
| #define HAVE_SYS_RESOURCE_H 1
| #define HAVE_LIBGEN_H 1
| #define HAVE_LOCALE_H 1
| #define HAVE_STDBOOL_H 1
| #define HAVE_SYS_WAIT_H 1
| #define HAVE_SYS_EVENTFD_H 1
| #define HAVE_SETJMP_H 1
| #define HAVE_SYS_TYPES_H 1
| #define HAVE_SYS_TIME_H 1
| #define HAVE_SYS_SOCKET_H 1
| #define HAVE_STRUCT_TIMEVAL 1
| #define SIZEOF_SIZE_T 8
| #define SIZEOF_LONG 8
| #define SIZEOF_INT 4
| #define SIZEOF_TIME_T 8
| #define SIZEOF_OFF_T 8
| #define SIZEOF_CURL_OFF_T 8
| #define SIZEOF_CURL_SOCKET_T 4
| #define HAVE_LONGLONG 1
| #define HAVE_BOOL_T 1
| #define CURL_SA_FAMILY_T sa_family_t
| #define HAVE_SUSECONDS_T 1
| #define HAVE_STRUCT_SOCKADDR_STORAGE 1
| #define HAVE_SYS_SELECT_H 1
| #define HAVE_SYS_SOCKET_H 1
| #define HAVE_SELECT 1
| #define HAVE_SYS_TYPES_H 1
| #define HAVE_SYS_SOCKET_H 1
| #define HAVE_RECV 1
| #define HAVE_SYS_TYPES_H 1
| #define HAVE_SYS_SOCKET_H 1
| #define HAVE_SEND 1
| #define HAVE_SYS_TYPES_H 1
| #define HAVE_SYS_SOCKET_H 1
| #define HAVE_MSG_NOSIGNAL 1
| #define HAVE_SYS_TYPES_H 1
| #define HAVE_UNISTD_H 1
| #define HAVE_ALARM 1
| #define HAVE_SYS_TYPES_H 1
| #define HAVE_STRINGS_H 1
| #define HAVE_SYS_TYPES_H 1
| #define HAVE_LIBGEN_H 1
| #define HAVE_BASENAME 1
| #define HAVE_SYS_TYPES_H 1
| #define HAVE_SYS_TYPES_H 1
| #define HAVE_SYS_SOCKET_H 1
| #define HAVE_SYS_TYPES_H 1
| #define HAVE_UNISTD_H 1
| #define HAVE_FCNTL_H 1
| #define HAVE_FCNTL 1
| #define HAVE_FCNTL_O_NONBLOCK 1
| #define HAVE_SYS_TYPES_H 1
| #define HAVE_NETDB_H 1
| #define HAVE_FREEADDRINFO 1
| #define HAVE_SYS_TYPES_H 1
| #define HAVE_SYS_XATTR_H 1
| #define HAVE_FSETXATTR 1
| #define HAVE_FSETXATTR_5 1
| #define HAVE_FTRUNCATE 1
| #define HAVE_SYS_TYPES_H 1
| #define HAVE_GETADDRINFO 1
| #define HAVE_GETADDRINFO_THREADSAFE 1
| #define HAVE_GETHOSTBYNAME 1
| #define HAVE_GETHOSTBYNAME_R 1
| #define HAVE_GETHOSTBYNAME_R_6 1
| #define GETHOSTNAME_TYPE_ARG2 size_t
| #define HAVE_GETHOSTNAME 1
| #define HAVE_GETPEERNAME 1
| #define HAVE_GETSOCKNAME 1
| #define HAVE_NET_IF_H 1
| #define HAVE_IF_NAMETOINDEX 1
| #define HAVE_SYS_TYPES_H 1
| #define HAVE_SYS_SOCKET_H 1
| #define HAVE_NETINET_IN_H 1
| #define HAVE_IFADDRS_H 1
| #define HAVE_GETIFADDRS 1
| #define HAVE_SYS_TYPES_H 1
| #define HAVE_SYS_TIME_H 1
| #define HAVE_GMTIME_R 1
| #define HAVE_SYS_TYPES_H 1
| #define HAVE_SYS_SOCKET_H 1
| #define HAVE_NETINET_IN_H 1
| #define HAVE_ARPA_INET_H 1
| #define HAVE_INET_NTOP 1
| #define HAVE_INET_PTON 1
| #define HAVE_SYS_TYPES_H 1
| #define HAVE_UNISTD_H 1
| #define HAVE_SYS_SOCKET_H 1
| #define HAVE_SYS_IOCTL_H 1
| #define HAVE_STROPTS_H 1
| #define HAVE_IOCTL 1
| #define HAVE_IOCTL_FIONBIO 1
| #define HAVE_IOCTL_SIOCGIFADDR 1
| #define HAVE_SYS_TYPES_H 1
| #define HAVE_POLL_H 1
| #define HAVE_SYS_POLL_H 1
| #define HAVE_POLL_FINE 1
| #define HAVE_SYS_TYPES_H 1
| #define HAVE_SIGACTION 1
| #define HAVE_SIGINTERRUPT 1
| #define HAVE_SIGNAL 1
| #define HAVE_SYS_TYPES_H 1
| #define HAVE_SIGSETJMP 1
| #define HAVE_SOCKET 1
| #define HAVE_SOCKETPAIR 1
| #define HAVE_STRCASECMP 1
| #define HAVE_STRDUP 1
| /* end confdefs.h.  */
| 
| 
|             /* includes start */
| #ifdef HAVE_SYS_TYPES_H
| #  include <sys/types.h>
| #endif
| #include <string.h>
| #ifdef HAVE_STRINGS_H
| #  include <strings.h>
| #endif
| /* includes end */
|             char *strerror_r(int errnum, char *workbuf, int bufsize);
| 
| int main (void)
| {
| 
|             if(0 != strerror_r(0, 0, 0))
|               return 1;
| 
|  ;
|  return 0;
| }
| 
configure:43203: x86_64-linux-musl-gcc -c -Werror-implicit-function-declaration -O2 -Wno-system-headers  -I/home/michko/runepkg/runepkg/.forge_musl/deps/include conftest.c >&5
conftest.c:179:19: error: conflicting types for 'strerror_r'; have 'char *(int,  char *, unsigned int)'
  179 |             char *strerror_r(int errnum, char *workbuf, unsigned int bufsize);
      |                   ^~~~~~~~~~
In file included from conftest.c:174:
/home/michko/runepkg/runepkg/.forge_musl/toolchain/x86_64-linux-musl/include/string.h:64:5: note: previous declaration of 'strerror_r' with type 'int(int,  char *, size_t)' {aka 'int(int,  char *, long unsigned int)'}
   64 | int strerror_r (int, char *, size_t);
      |     ^~~~~~~~~~
configure:43203: $? = 1
configure: failed program was:
| /* confdefs.h */
| #define PACKAGE_NAME "curl"
| #define PACKAGE_TARNAME "curl"
| #define PACKAGE_VERSION "-"
| #define PACKAGE_STRING "curl -"
| #define PACKAGE_BUGREPORT "a suitable curl mailing list: https://curl.se/mail/"
| #define PACKAGE_URL ""
| #define HAVE_STDIO_H 1
| #define HAVE_STDLIB_H 1
| #define HAVE_STRING_H 1
| #define HAVE_INTTYPES_H 1
| #define HAVE_STDINT_H 1
| #define HAVE_STRINGS_H 1
| #define HAVE_SYS_STAT_H 1
| #define HAVE_SYS_TYPES_H 1
| #define HAVE_UNISTD_H 1
| #define STDC_HEADERS 1
| #define HAVE_STDATOMIC_H 1
| #define HAVE_ATOMIC 1
| #define PACKAGE "curl"
| #define VERSION "-"
| #define OS "x86_64-pc-linux-musl"
| #define HAVE_DLFCN_H 1
| #define LT_OBJDIR ".libs/"
| #define CURL_DISABLE_LDAP 1
| #define CURL_DISABLE_LDAPS 1
| #define HAVE_SYS_TYPES_H 1
| #define HAVE_SYS_TIME_H 1
| #define HAVE_CLOCK_GETTIME_MONOTONIC 1
| #define HAVE_SYS_TYPES_H 1
| #define HAVE_SYS_TIME_H 1
| #define HAVE_CLOCK_GETTIME_MONOTONIC_RAW 1
| #define HAVE_LIBZ 1
| #define USE_IPV6 1
| #define HAVE_SOCKADDR_IN6_SIN6_SCOPE_ID 1
| #define HAVE_WRITABLE_ARGV 1
| #define HAVE_SYS_TYPES_H 1
| #define HAVE_SYS_TIME_H 1
| #define HAVE_SYS_SELECT_H 1
| #define HAVE_SYS_SOCKET_H 1
| #define HAVE_SYS_IOCTL_H 1
| #define HAVE_UNISTD_H 1
| #define HAVE_STDLIB_H 1
| #define HAVE_ARPA_INET_H 1
| #define HAVE_NET_IF_H 1
| #define HAVE_NETINET_IN_H 1
| #define HAVE_SYS_UN_H 1
| #define HAVE_LINUX_TCP_H 1
| #define HAVE_NETINET_TCP_H 1
| #define HAVE_NETINET_UDP_H 1
| #define HAVE_NETDB_H 1
| #define HAVE_SYS_STAT_H 1
| #define HAVE_SYS_PARAM_H 1
| #define HAVE_TERMIOS_H 1
| #define HAVE_FCNTL_H 1
| #define HAVE_PWD_H 1
| #define HAVE_UTIME_H 1
| #define HAVE_SYS_POLL_H 1
| #define HAVE_POLL_H 1
| #define HAVE_SYS_RESOURCE_H 1
| #define HAVE_LIBGEN_H 1
| #define HAVE_LOCALE_H 1
| #define HAVE_STDBOOL_H 1
| #define HAVE_SYS_WAIT_H 1
| #define HAVE_SYS_EVENTFD_H 1
| #define HAVE_SETJMP_H 1
| #define HAVE_SYS_TYPES_H 1
| #define HAVE_SYS_TIME_H 1
| #define HAVE_SYS_SOCKET_H 1
| #define HAVE_STRUCT_TIMEVAL 1
| #define SIZEOF_SIZE_T 8
| #define SIZEOF_LONG 8
| #define SIZEOF_INT 4
| #define SIZEOF_TIME_T 8
| #define SIZEOF_OFF_T 8
| #define SIZEOF_CURL_OFF_T 8
| #define SIZEOF_CURL_SOCKET_T 4
| #define HAVE_LONGLONG 1
| #define HAVE_BOOL_T 1
| #define CURL_SA_FAMILY_T sa_family_t
| #define HAVE_SUSECONDS_T 1
| #define HAVE_STRUCT_SOCKADDR_STORAGE 1
| #define HAVE_SYS_SELECT_H 1
| #define HAVE_SYS_SOCKET_H 1
| #define HAVE_SELECT 1
| #define HAVE_SYS_TYPES_H 1
| #define HAVE_SYS_SOCKET_H 1
| #define HAVE_RECV 1
| #define HAVE_SYS_TYPES_H 1
| #define HAVE_SYS_SOCKET_H 1
| #define HAVE_SEND 1
| #define HAVE_SYS_TYPES_H 1
| #define HAVE_SYS_SOCKET_H 1
| #define HAVE_MSG_NOSIGNAL 1
| #define HAVE_SYS_TYPES_H 1
| #define HAVE_UNISTD_H 1
| #define HAVE_ALARM 1
| #define HAVE_SYS_TYPES_H 1
| #define HAVE_STRINGS_H 1
| #define HAVE_SYS_TYPES_H 1
| #define HAVE_LIBGEN_H 1
| #define HAVE_BASENAME 1
| #define HAVE_SYS_TYPES_H 1
| #define HAVE_SYS_TYPES_H 1
| #define HAVE_SYS_SOCKET_H 1
| #define HAVE_SYS_TYPES_H 1
| #define HAVE_UNISTD_H 1
| #define HAVE_FCNTL_H 1
| #define HAVE_FCNTL 1
| #define HAVE_FCNTL_O_NONBLOCK 1
| #define HAVE_SYS_TYPES_H 1
| #define HAVE_NETDB_H 1
| #define HAVE_FREEADDRINFO 1
| #define HAVE_SYS_TYPES_H 1
| #define HAVE_SYS_XATTR_H 1
| #define HAVE_FSETXATTR 1
| #define HAVE_FSETXATTR_5 1
| #define HAVE_FTRUNCATE 1
| #define HAVE_SYS_TYPES_H 1
| #define HAVE_GETADDRINFO 1
| #define HAVE_GETADDRINFO_THREADSAFE 1
| #define HAVE_GETHOSTBYNAME 1
| #define HAVE_GETHOSTBYNAME_R 1
| #define HAVE_GETHOSTBYNAME_R_6 1
| #define GETHOSTNAME_TYPE_ARG2 size_t
| #define HAVE_GETHOSTNAME 1
| #define HAVE_GETPEERNAME 1
| #define HAVE_GETSOCKNAME 1
| #define HAVE_NET_IF_H 1
| #define HAVE_IF_NAMETOINDEX 1
| #define HAVE_SYS_TYPES_H 1
| #define HAVE_SYS_SOCKET_H 1
| #define HAVE_NETINET_IN_H 1
| #define HAVE_IFADDRS_H 1
| #define HAVE_GETIFADDRS 1
| #define HAVE_SYS_TYPES_H 1
| #define HAVE_SYS_TIME_H 1
| #define HAVE_GMTIME_R 1
| #define HAVE_SYS_TYPES_H 1
| #define HAVE_SYS_SOCKET_H 1
| #define HAVE_NETINET_IN_H 1
| #define HAVE_ARPA_INET_H 1
| #define HAVE_INET_NTOP 1
| #define HAVE_INET_PTON 1
| #define HAVE_SYS_TYPES_H 1
| #define HAVE_UNISTD_H 1
| #define HAVE_SYS_SOCKET_H 1
| #define HAVE_SYS_IOCTL_H 1
| #define HAVE_STROPTS_H 1
| #define HAVE_IOCTL 1
| #define HAVE_IOCTL_FIONBIO 1
| #define HAVE_IOCTL_SIOCGIFADDR 1
| #define HAVE_SYS_TYPES_H 1
| #define HAVE_POLL_H 1
| #define HAVE_SYS_POLL_H 1
| #define HAVE_POLL_FINE 1
| #define HAVE_SYS_TYPES_H 1
| #define HAVE_SIGACTION 1
| #define HAVE_SIGINTERRUPT 1
| #define HAVE_SIGNAL 1
| #define HAVE_SYS_TYPES_H 1
| #define HAVE_SIGSETJMP 1
| #define HAVE_SOCKET 1
| #define HAVE_SOCKETPAIR 1
| #define HAVE_STRCASECMP 1
| #define HAVE_STRDUP 1
| /* end confdefs.h.  */
| 
| 
|             /* includes start */
| #ifdef HAVE_SYS_TYPES_H
| #  include <sys/types.h>
| #endif
| #include <string.h>
| #ifdef HAVE_STRINGS_H
| #  include <strings.h>
| #endif
| /* includes end */
|             char *strerror_r(int errnum, char *workbuf, unsigned int bufsize);
| 
| int main (void)
| {
| 
|             if(0 != strerror_r(0, 0, 0))
|               return 1;
| 
|  ;
|  return 0;
| }
| 
configure:43214: result: no
configure:43349: checking if strerror_r is POSIX like
configure:43372: x86_64-linux-musl-gcc -c -Werror-implicit-function-declaration -O2 -Wno-system-headers  -I/home/michko/runepkg/runepkg/.forge_musl/deps/include conftest.c >&5
configure:43372: $? = 0
configure:43388: result: yes
configure:43397: checking if strerror_r seems to work
configure:43493: sh ./run-compiler -o conftest -Werror-implicit-function-declaration -O2 -Wno-system-headers  -I/home/michko/runepkg/runepkg/.forge_musl/deps/include  -L/home/michko/runepkg/runepkg/.forge_musl/deps/lib conftest.c -lz  >&5
configure:43493: $? = 0
configure:43493: ./conftest
configure:43493: $? = 0
configure:43495: result: yes
configure:43533: checking if strerror_r usage allowed
configure:43536: result: yes
configure:43546: checking if strerror_r might be used
configure:43552: result: yes
configure:43591: checking if stricmp can be linked
configure:43620: x86_64-linux-musl-gcc -o conftest -Werror-implicit-function-declaration -O2 -Wno-system-headers  -I/home/michko/runepkg/runepkg/.forge_musl/deps/include  -L/home/michko/runepkg/runepkg/.forge_musl/deps/lib conftest.c -lz  >&5
/home/michko/runepkg/runepkg/.forge_musl/toolchain/bin/../lib/gcc/x86_64-linux-musl/11.2.1/../../../../x86_64-linux-musl/bin/ld: /tmp/cckngAck.o: in function `main':
conftest.c:(.text.startup+0x7): undefined reference to `stricmp'
collect2: error: ld returned 1 exit status
configure:43620: $? = 1
configure: failed program was:
| /* confdefs.h */
| #define PACKAGE_NAME "curl"
| #define PACKAGE_TARNAME "curl"
| #define PACKAGE_VERSION "-"
| #define PACKAGE_STRING "curl -"
| #define PACKAGE_BUGREPORT "a suitable curl mailing list: https://curl.se/mail/"
| #define PACKAGE_URL ""
| #define HAVE_STDIO_H 1
| #define HAVE_STDLIB_H 1
| #define HAVE_STRING_H 1
| #define HAVE_INTTYPES_H 1
| #define HAVE_STDINT_H 1
| #define HAVE_STRINGS_H 1
| #define HAVE_SYS_STAT_H 1
| #define HAVE_SYS_TYPES_H 1
| #define HAVE_UNISTD_H 1
| #define STDC_HEADERS 1
| #define HAVE_STDATOMIC_H 1
| #define HAVE_ATOMIC 1
| #define PACKAGE "curl"
| #define VERSION "-"
| #define OS "x86_64-pc-linux-musl"
| #define HAVE_DLFCN_H 1
| #define LT_OBJDIR ".libs/"
| #define CURL_DISABLE_LDAP 1
| #define CURL_DISABLE_LDAPS 1
| #define HAVE_SYS_TYPES_H 1
| #define HAVE_SYS_TIME_H 1
| #define HAVE_CLOCK_GETTIME_MONOTONIC 1
| #define HAVE_SYS_TYPES_H 1
| #define HAVE_SYS_TIME_H 1
| #define HAVE_CLOCK_GETTIME_MONOTONIC_RAW 1
| #define HAVE_LIBZ 1
| #define USE_IPV6 1
| #define HAVE_SOCKADDR_IN6_SIN6_SCOPE_ID 1
| #define HAVE_WRITABLE_ARGV 1
| #define HAVE_SYS_TYPES_H 1
| #define HAVE_SYS_TIME_H 1
| #define HAVE_SYS_SELECT_H 1
| #define HAVE_SYS_SOCKET_H 1
| #define HAVE_SYS_IOCTL_H 1
| #define HAVE_UNISTD_H 1
| #define HAVE_STDLIB_H 1
| #define HAVE_ARPA_INET_H 1
| #define HAVE_NET_IF_H 1
| #define HAVE_NETINET_IN_H 1
| #define HAVE_SYS_UN_H 1
| #define HAVE_LINUX_TCP_H 1
| #define HAVE_NETINET_TCP_H 1
| #define HAVE_NETINET_UDP_H 1
| #define HAVE_NETDB_H 1
| #define HAVE_SYS_STAT_H 1
| #define HAVE_SYS_PARAM_H 1
| #define HAVE_TERMIOS_H 1
| #define HAVE_FCNTL_H 1
| #define HAVE_PWD_H 1
| #define HAVE_UTIME_H 1
| #define HAVE_SYS_POLL_H 1
| #define HAVE_POLL_H 1
| #define HAVE_SYS_RESOURCE_H 1
| #define HAVE_LIBGEN_H 1
| #define HAVE_LOCALE_H 1
| #define HAVE_STDBOOL_H 1
| #define HAVE_SYS_WAIT_H 1
| #define HAVE_SYS_EVENTFD_H 1
| #define HAVE_SETJMP_H 1
| #define HAVE_SYS_TYPES_H 1
| #define HAVE_SYS_TIME_H 1
| #define HAVE_SYS_SOCKET_H 1
| #define HAVE_STRUCT_TIMEVAL 1
| #define SIZEOF_SIZE_T 8
| #define SIZEOF_LONG 8
| #define SIZEOF_INT 4
| #define SIZEOF_TIME_T 8
| #define SIZEOF_OFF_T 8
| #define SIZEOF_CURL_OFF_T 8
| #define SIZEOF_CURL_SOCKET_T 4
| #define HAVE_LONGLONG 1
| #define HAVE_BOOL_T 1
| #define CURL_SA_FAMILY_T sa_family_t
| #define HAVE_SUSECONDS_T 1
| #define HAVE_STRUCT_SOCKADDR_STORAGE 1
| #define HAVE_SYS_SELECT_H 1
| #define HAVE_SYS_SOCKET_H 1
| #define HAVE_SELECT 1
| #define HAVE_SYS_TYPES_H 1
| #define HAVE_SYS_SOCKET_H 1
| #define HAVE_RECV 1
| #define HAVE_SYS_TYPES_H 1
| #define HAVE_SYS_SOCKET_H 1
| #define HAVE_SEND 1
| #define HAVE_SYS_TYPES_H 1
| #define HAVE_SYS_SOCKET_H 1
| #define HAVE_MSG_NOSIGNAL 1
| #define HAVE_SYS_TYPES_H 1
| #define HAVE_UNISTD_H 1
| #define HAVE_ALARM 1
| #define HAVE_SYS_TYPES_H 1
| #define HAVE_STRINGS_H 1
| #define HAVE_SYS_TYPES_H 1
| #define HAVE_LIBGEN_H 1
| #define HAVE_BASENAME 1
| #define HAVE_SYS_TYPES_H 1
| #define HAVE_SYS_TYPES_H 1
| #define HAVE_SYS_SOCKET_H 1
| #define HAVE_SYS_TYPES_H 1
| #define HAVE_UNISTD_H 1
| #define HAVE_FCNTL_H 1
| #define HAVE_FCNTL 1
| #define HAVE_FCNTL_O_NONBLOCK 1
| #define HAVE_SYS_TYPES_H 1
| #define HAVE_NETDB_H 1
| #define HAVE_FREEADDRINFO 1
| #define HAVE_SYS_TYPES_H 1
| #define HAVE_SYS_XATTR_H 1
| #define HAVE_FSETXATTR 1
| #define HAVE_FSETXATTR_5 1
| #define HAVE_FTRUNCATE 1
| #define HAVE_SYS_TYPES_H 1
| #define HAVE_GETADDRINFO 1
| #define HAVE_GETADDRINFO_THREADSAFE 1
| #define HAVE_GETHOSTBYNAME 1
| #define HAVE_GETHOSTBYNAME_R 1
| #define HAVE_GETHOSTBYNAME_R_6 1
| #define GETHOSTNAME_TYPE_ARG2 size_t
| #define HAVE_GETHOSTNAME 1
| #define HAVE_GETPEERNAME 1
| #define HAVE_GETSOCKNAME 1
| #define HAVE_NET_IF_H 1
| #define HAVE_IF_NAMETOINDEX 1
| #define HAVE_SYS_TYPES_H 1
| #define HAVE_SYS_SOCKET_H 1
| #define HAVE_NETINET_IN_H 1
| #define HAVE_IFADDRS_H 1
| #define HAVE_GETIFADDRS 1
| #define HAVE_SYS_TYPES_H 1
| #define HAVE_SYS_TIME_H 1
| #define HAVE_GMTIME_R 1
| #define HAVE_SYS_TYPES_H 1
| #define HAVE_SYS_SOCKET_H 1
| #define HAVE_NETINET_IN_H 1
| #define HAVE_ARPA_INET_H 1
| #define HAVE_INET_NTOP 1
| #define HAVE_INET_PTON 1
| #define HAVE_SYS_TYPES_H 1
| #define HAVE_UNISTD_H 1
| #define HAVE_SYS_SOCKET_H 1
| #define HAVE_SYS_IOCTL_H 1
| #define HAVE_STROPTS_H 1
| #define HAVE_IOCTL 1
| #define HAVE_IOCTL_FIONBIO 1
| #define HAVE_IOCTL_SIOCGIFADDR 1
| #define HAVE_SYS_TYPES_H 1
| #define HAVE_POLL_H 1
| #define HAVE_SYS_POLL_H 1
| #define HAVE_POLL_FINE 1
| #define HAVE_SYS_TYPES_H 1
| #define HAVE_SIGACTION 1
| #define HAVE_SIGINTERRUPT 1
| #define HAVE_SIGNAL 1
| #define HAVE_SYS_TYPES_H 1
| #define HAVE_SIGSETJMP 1
| #define HAVE_SOCKET 1
| #define HAVE_SOCKETPAIR 1
| #define HAVE_STRCASECMP 1
| #define HAVE_STRDUP 1
| #define HAVE_STRERROR_R 1
| #define HAVE_POSIX_STRERROR_R 1
| /* end confdefs.h.  */
| 
| 
| #define stricmp innocuous_stricmp
| #ifdef __STDC__
| # include <limits.h>
| #else
| # include <assert.h>
| #endif
| #undef stricmp
| #ifdef __cplusplus
| extern "C"
| #endif
| char stricmp ();
| #if defined __stub_stricmp || defined __stub___stricmp
| choke me
| #endif
| 
| int main (void)
| {
| return stricmp ();
|  ;
|  return 0;
| }
| 
configure:43629: result: no
configure:43716: checking if stricmp might be used
configure:43729: result: no
configure:43741: checking if strtok_r can be linked
configure:43770: x86_64-linux-musl-gcc -o conftest -Werror-implicit-function-declaration -O2 -Wno-system-headers  -I/home/michko/runepkg/runepkg/.forge_musl/deps/include  -L/home/michko/runepkg/runepkg/.forge_musl/deps/lib conftest.c -lz  >&5
configure:43770: $? = 0
configure:43773: result: yes
configure:43788: checking if strtok_r is prototyped
configure:43800: result: yes
configure:43816: checking if strtok_r is compilable
configure:43835: x86_64-linux-musl-gcc -c -Werror-implicit-function-declaration -O2 -Wno-system-headers  -I/home/michko/runepkg/runepkg/.forge_musl/deps/include conftest.c >&5
configure:43835: $? = 0
configure:43838: result: yes
configure:43853: checking if strtok_r usage allowed
configure:43856: result: yes
configure:43866: checking if strtok_r might be used
configure:43872: result: yes
configure:43891: checking if strtoll can be linked
configure:43920: x86_64-linux-musl-gcc -o conftest -Werror-implicit-function-declaration -O2 -Wno-system-headers  -I/home/michko/runepkg/runepkg/.forge_musl/deps/include  -L/home/michko/runepkg/runepkg/.forge_musl/deps/lib conftest.c -lz  >&5
configure:43920: $? = 0
configure:43923: result: yes
configure:43938: checking if strtoll is prototyped
configure:43950: result: yes
configure:43966: checking if strtoll is compilable
configure:43985: x86_64-linux-musl-gcc -c -Werror-implicit-function-declaration -O2 -Wno-system-headers  -I/home/michko/runepkg/runepkg/.forge_musl/deps/include conftest.c >&5
configure:43985: $? = 0
configure:43988: result: yes
configure:44003: checking if strtoll usage allowed
configure:44006: result: yes
configure:44016: checking if strtoll might be used
configure:44022: result: yes
configure:44044: checking for x86_64-linux-musl-gcc options needed to detect all undeclared functions
configure:44065: x86_64-linux-musl-gcc -c -Werror-implicit-function-declaration -O2 -Wno-system-headers   -I/home/michko/runepkg/runepkg/.forge_musl/deps/include conftest.c >&5
conftest.c: In function 'main':
conftest.c:175:8: error: 'strchr' undeclared (first use in this function)
  175 | (void) strchr;
      |        ^~~~~~
conftest.c:1:1: note: 'strchr' is defined in header '<string.h>'; did you forget to '#include <string.h>'?
    1 | /* confdefs.h */
conftest.c:175:8: note: each undeclared identifier is reported only once for each function it appears in
  175 | (void) strchr;
      |        ^~~~~~
configure:44065: $? = 1
configure: failed program was:
| /* confdefs.h */
| #define PACKAGE_NAME "curl"
| #define PACKAGE_TARNAME "curl"
| #define PACKAGE_VERSION "-"
| #define PACKAGE_STRING "curl -"
| #define PACKAGE_BUGREPORT "a suitable curl mailing list: https://curl.se/mail/"
| #define PACKAGE_URL ""
| #define HAVE_STDIO_H 1
| #define HAVE_STDLIB_H 1
| #define HAVE_STRING_H 1
| #define HAVE_INTTYPES_H 1
| #define HAVE_STDINT_H 1
| #define HAVE_STRINGS_H 1
| #define HAVE_SYS_STAT_H 1
| #define HAVE_SYS_TYPES_H 1
| #define HAVE_UNISTD_H 1
| #define STDC_HEADERS 1
| #define HAVE_STDATOMIC_H 1
| #define HAVE_ATOMIC 1
| #define PACKAGE "curl"
| #define VERSION "-"
| #define OS "x86_64-pc-linux-musl"
| #define HAVE_DLFCN_H 1
| #define LT_OBJDIR ".libs/"
| #define CURL_DISABLE_LDAP 1
| #define CURL_DISABLE_LDAPS 1
| #define HAVE_SYS_TYPES_H 1
| #define HAVE_SYS_TIME_H 1
| #define HAVE_CLOCK_GETTIME_MONOTONIC 1
| #define HAVE_SYS_TYPES_H 1
| #define HAVE_SYS_TIME_H 1
| #define HAVE_CLOCK_GETTIME_MONOTONIC_RAW 1
| #define HAVE_LIBZ 1
| #define USE_IPV6 1
| #define HAVE_SOCKADDR_IN6_SIN6_SCOPE_ID 1
| #define HAVE_WRITABLE_ARGV 1
| #define HAVE_SYS_TYPES_H 1
| #define HAVE_SYS_TIME_H 1
| #define HAVE_SYS_SELECT_H 1
| #define HAVE_SYS_SOCKET_H 1
| #define HAVE_SYS_IOCTL_H 1
| #define HAVE_UNISTD_H 1
| #define HAVE_STDLIB_H 1
| #define HAVE_ARPA_INET_H 1
| #define HAVE_NET_IF_H 1
| #define HAVE_NETINET_IN_H 1
| #define HAVE_SYS_UN_H 1
| #define HAVE_LINUX_TCP_H 1
| #define HAVE_NETINET_TCP_H 1
| #define HAVE_NETINET_UDP_H 1
| #define HAVE_NETDB_H 1
| #define HAVE_SYS_STAT_H 1
| #define HAVE_SYS_PARAM_H 1
| #define HAVE_TERMIOS_H 1
| #define HAVE_FCNTL_H 1
| #define HAVE_PWD_H 1
| #define HAVE_UTIME_H 1
| #define HAVE_SYS_POLL_H 1
| #define HAVE_POLL_H 1
| #define HAVE_SYS_RESOURCE_H 1
| #define HAVE_LIBGEN_H 1
| #define HAVE_LOCALE_H 1
| #define HAVE_STDBOOL_H 1
| #define HAVE_SYS_WAIT_H 1
| #define HAVE_SYS_EVENTFD_H 1
| #define HAVE_SETJMP_H 1
| #define HAVE_SYS_TYPES_H 1
| #define HAVE_SYS_TIME_H 1
| #define HAVE_SYS_SOCKET_H 1
| #define HAVE_STRUCT_TIMEVAL 1
| #define SIZEOF_SIZE_T 8
| #define SIZEOF_LONG 8
| #define SIZEOF_INT 4
| #define SIZEOF_TIME_T 8
| #define SIZEOF_OFF_T 8
| #define SIZEOF_CURL_OFF_T 8
| #define SIZEOF_CURL_SOCKET_T 4
| #define HAVE_LONGLONG 1
| #define HAVE_BOOL_T 1
| #define CURL_SA_FAMILY_T sa_family_t
| #define HAVE_SUSECONDS_T 1
| #define HAVE_STRUCT_SOCKADDR_STORAGE 1
| #define HAVE_SYS_SELECT_H 1
| #define HAVE_SYS_SOCKET_H 1
| #define HAVE_SELECT 1
| #define HAVE_SYS_TYPES_H 1
| #define HAVE_SYS_SOCKET_H 1
| #define HAVE_RECV 1
| #define HAVE_SYS_TYPES_H 1
| #define HAVE_SYS_SOCKET_H 1
| #define HAVE_SEND 1
| #define HAVE_SYS_TYPES_H 1
| #define HAVE_SYS_SOCKET_H 1
| #define HAVE_MSG_NOSIGNAL 1
| #define HAVE_SYS_TYPES_H 1
| #define HAVE_UNISTD_H 1
| #define HAVE_ALARM 1
| #define HAVE_SYS_TYPES_H 1
| #define HAVE_STRINGS_H 1
| #define HAVE_SYS_TYPES_H 1
| #define HAVE_LIBGEN_H 1
| #define HAVE_BASENAME 1
| #define HAVE_SYS_TYPES_H 1
| #define HAVE_SYS_TYPES_H 1
| #define HAVE_SYS_SOCKET_H 1
| #define HAVE_SYS_TYPES_H 1
| #define HAVE_UNISTD_H 1
| #define HAVE_FCNTL_H 1
| #define HAVE_FCNTL 1
| #define HAVE_FCNTL_O_NONBLOCK 1
| #define HAVE_SYS_TYPES_H 1
| #define HAVE_NETDB_H 1
| #define HAVE_FREEADDRINFO 1
| #define HAVE_SYS_TYPES_H 1
| #define HAVE_SYS_XATTR_H 1
| #define HAVE_FSETXATTR 1
| #define HAVE_FSETXATTR_5 1
| #define HAVE_FTRUNCATE 1
| #define HAVE_SYS_TYPES_H 1
| #define HAVE_GETADDRINFO 1
| #define HAVE_GETADDRINFO_THREADSAFE 1
| #define HAVE_GETHOSTBYNAME 1
| #define HAVE_GETHOSTBYNAME_R 1
| #define HAVE_GETHOSTBYNAME_R_6 1
| #define GETHOSTNAME_TYPE_ARG2 size_t
| #define HAVE_GETHOSTNAME 1
| #define HAVE_GETPEERNAME 1
| #define HAVE_GETSOCKNAME 1
| #define HAVE_NET_IF_H 1
| #define HAVE_IF_NAMETOINDEX 1
| #define HAVE_SYS_TYPES_H 1
| #define HAVE_SYS_SOCKET_H 1
| #define HAVE_NETINET_IN_H 1
| #define HAVE_IFADDRS_H 1
| #define HAVE_GETIFADDRS 1
| #define HAVE_SYS_TYPES_H 1
| #define HAVE_SYS_TIME_H 1
| #define HAVE_GMTIME_R 1
| #define HAVE_SYS_TYPES_H 1
| #define HAVE_SYS_SOCKET_H 1
| #define HAVE_NETINET_IN_H 1
| #define HAVE_ARPA_INET_H 1
| #define HAVE_INET_NTOP 1
| #define HAVE_INET_PTON 1
| #define HAVE_SYS_TYPES_H 1
| #define HAVE_UNISTD_H 1
| #define HAVE_SYS_SOCKET_H 1
| #define HAVE_SYS_IOCTL_H 1
| #define HAVE_STROPTS_H 1
| #define HAVE_IOCTL 1
| #define HAVE_IOCTL_FIONBIO 1
| #define HAVE_IOCTL_SIOCGIFADDR 1
| #define HAVE_SYS_TYPES_H 1
| #define HAVE_POLL_H 1
| #define HAVE_SYS_POLL_H 1
| #define HAVE_POLL_FINE 1
| #define HAVE_SYS_TYPES_H 1
| #define HAVE_SIGACTION 1
| #define HAVE_SIGINTERRUPT 1
| #define HAVE_SIGNAL 1
| #define HAVE_SYS_TYPES_H 1
| #define HAVE_SIGSETJMP 1
| #define HAVE_SOCKET 1
| #define HAVE_SOCKETPAIR 1
| #define HAVE_STRCASECMP 1
| #define HAVE_STRDUP 1
| #define HAVE_STRERROR_R 1
| #define HAVE_POSIX_STRERROR_R 1
| #define HAVE_STRTOK_R 1
| #define HAVE_STRTOLL 1
| /* end confdefs.h.  */
| 
| int main (void)
| {
| (void) strchr;
|  ;
|  return 0;
| }
configure:44091: x86_64-linux-musl-gcc -c -Werror-implicit-function-declaration -O2 -Wno-system-headers   -I/home/michko/runepkg/runepkg/.forge_musl/deps/include conftest.c >&5
configure:44091: $? = 0
configure:44108: result: none needed
configure:44122: checking whether getpwuid_r is declared
configure:44122: x86_64-linux-musl-gcc -c -Werror-implicit-function-declaration -O2 -Wno-system-headers   -I/home/michko/runepkg/runepkg/.forge_musl/deps/include conftest.c >&5
configure:44122: $? = 0
configure:44122: result: yes
configure:44142: checking for _fseeki64
configure:44142: x86_64-linux-musl-gcc -o conftest -Werror-implicit-function-declaration -O2 -Wno-system-headers  -I/home/michko/runepkg/runepkg/.forge_musl/deps/include  -L/home/michko/runepkg/runepkg/.forge_musl/deps/lib conftest.c -lz  >&5
/home/michko/runepkg/runepkg/.forge_musl/toolchain/bin/../lib/gcc/x86_64-linux-musl/11.2.1/../../../../x86_64-linux-musl/bin/ld: /tmp/ccPFhBfb.o: in function `main':
conftest.c:(.text.startup+0x7): undefined reference to `_fseeki64'
collect2: error: ld returned 1 exit status
configure:44142: $? = 1
configure: failed program was:
| /* confdefs.h */
| #define PACKAGE_NAME "curl"
| #define PACKAGE_TARNAME "curl"
| #define PACKAGE_VERSION "-"
| #define PACKAGE_STRING "curl -"
| #define PACKAGE_BUGREPORT "a suitable curl mailing list: https://curl.se/mail/"
| #define PACKAGE_URL ""
| #define HAVE_STDIO_H 1
| #define HAVE_STDLIB_H 1
| #define HAVE_STRING_H 1
| #define HAVE_INTTYPES_H 1
| #define HAVE_STDINT_H 1
| #define HAVE_STRINGS_H 1
| #define HAVE_SYS_STAT_H 1
| #define HAVE_SYS_TYPES_H 1
| #define HAVE_UNISTD_H 1
| #define STDC_HEADERS 1
| #define HAVE_STDATOMIC_H 1
| #define HAVE_ATOMIC 1
| #define PACKAGE "curl"
| #define VERSION "-"
| #define OS "x86_64-pc-linux-musl"
| #define HAVE_DLFCN_H 1
| #define LT_OBJDIR ".libs/"
| #define CURL_DISABLE_LDAP 1
| #define CURL_DISABLE_LDAPS 1
| #define HAVE_SYS_TYPES_H 1
| #define HAVE_SYS_TIME_H 1
| #define HAVE_CLOCK_GETTIME_MONOTONIC 1
| #define HAVE_SYS_TYPES_H 1
| #define HAVE_SYS_TIME_H 1
| #define HAVE_CLOCK_GETTIME_MONOTONIC_RAW 1
| #define HAVE_LIBZ 1
| #define USE_IPV6 1
| #define HAVE_SOCKADDR_IN6_SIN6_SCOPE_ID 1
| #define HAVE_WRITABLE_ARGV 1
| #define HAVE_SYS_TYPES_H 1
| #define HAVE_SYS_TIME_H 1
| #define HAVE_SYS_SELECT_H 1
| #define HAVE_SYS_SOCKET_H 1
| #define HAVE_SYS_IOCTL_H 1
| #define HAVE_UNISTD_H 1
| #define HAVE_STDLIB_H 1
| #define HAVE_ARPA_INET_H 1
| #define HAVE_NET_IF_H 1
| #define HAVE_NETINET_IN_H 1
| #define HAVE_SYS_UN_H 1
| #define HAVE_LINUX_TCP_H 1
| #define HAVE_NETINET_TCP_H 1
| #define HAVE_NETINET_UDP_H 1
| #define HAVE_NETDB_H 1
| #define HAVE_SYS_STAT_H 1
| #define HAVE_SYS_PARAM_H 1
| #define HAVE_TERMIOS_H 1
| #define HAVE_FCNTL_H 1
| #define HAVE_PWD_H 1
| #define HAVE_UTIME_H 1
| #define HAVE_SYS_POLL_H 1
| #define HAVE_POLL_H 1
| #define HAVE_SYS_RESOURCE_H 1
| #define HAVE_LIBGEN_H 1
| #define HAVE_LOCALE_H 1
| #define HAVE_STDBOOL_H 1
| #define HAVE_SYS_WAIT_H 1
| #define HAVE_SYS_EVENTFD_H 1
| #define HAVE_SETJMP_H 1
| #define HAVE_SYS_TYPES_H 1
| #define HAVE_SYS_TIME_H 1
| #define HAVE_SYS_SOCKET_H 1
| #define HAVE_STRUCT_TIMEVAL 1
| #define SIZEOF_SIZE_T 8
| #define SIZEOF_LONG 8
| #define SIZEOF_INT 4
| #define SIZEOF_TIME_T 8
| #define SIZEOF_OFF_T 8
| #define SIZEOF_CURL_OFF_T 8
| #define SIZEOF_CURL_SOCKET_T 4
| #define HAVE_LONGLONG 1
| #define HAVE_BOOL_T 1
| #define CURL_SA_FAMILY_T sa_family_t
| #define HAVE_SUSECONDS_T 1
| #define HAVE_STRUCT_SOCKADDR_STORAGE 1
| #define HAVE_SYS_SELECT_H 1
| #define HAVE_SYS_SOCKET_H 1
| #define HAVE_SELECT 1
| #define HAVE_SYS_TYPES_H 1
| #define HAVE_SYS_SOCKET_H 1
| #define HAVE_RECV 1
| #define HAVE_SYS_TYPES_H 1
| #define HAVE_SYS_SOCKET_H 1
| #define HAVE_SEND 1
| #define HAVE_SYS_TYPES_H 1
| #define HAVE_SYS_SOCKET_H 1
| #define HAVE_MSG_NOSIGNAL 1
| #define HAVE_SYS_TYPES_H 1
| #define HAVE_UNISTD_H 1
| #define HAVE_ALARM 1
| #define HAVE_SYS_TYPES_H 1
| #define HAVE_STRINGS_H 1
| #define HAVE_SYS_TYPES_H 1
| #define HAVE_LIBGEN_H 1
| #define HAVE_BASENAME 1
| #define HAVE_SYS_TYPES_H 1
| #define HAVE_SYS_TYPES_H 1
| #define HAVE_SYS_SOCKET_H 1
| #define HAVE_SYS_TYPES_H 1
| #define HAVE_UNISTD_H 1
| #define HAVE_FCNTL_H 1
| #define HAVE_FCNTL 1
| #define HAVE_FCNTL_O_NONBLOCK 1
| #define HAVE_SYS_TYPES_H 1
| #define HAVE_NETDB_H 1
| #define HAVE_FREEADDRINFO 1
| #define HAVE_SYS_TYPES_H 1
| #define HAVE_SYS_XATTR_H 1
| #define HAVE_FSETXATTR 1
| #define HAVE_FSETXATTR_5 1
| #define HAVE_FTRUNCATE 1
| #define HAVE_SYS_TYPES_H 1
| #define HAVE_GETADDRINFO 1
| #define HAVE_GETADDRINFO_THREADSAFE 1
| #define HAVE_GETHOSTBYNAME 1
| #define HAVE_GETHOSTBYNAME_R 1
| #define HAVE_GETHOSTBYNAME_R_6 1
| #define GETHOSTNAME_TYPE_ARG2 size_t
| #define HAVE_GETHOSTNAME 1
| #define HAVE_GETPEERNAME 1
| #define HAVE_GETSOCKNAME 1
| #define HAVE_NET_IF_H 1
| #define HAVE_IF_NAMETOINDEX 1
| #define HAVE_SYS_TYPES_H 1
| #define HAVE_SYS_SOCKET_H 1
| #define HAVE_NETINET_IN_H 1
| #define HAVE_IFADDRS_H 1
| #define HAVE_GETIFADDRS 1
| #define HAVE_SYS_TYPES_H 1
| #define HAVE_SYS_TIME_H 1
| #define HAVE_GMTIME_R 1
| #define HAVE_SYS_TYPES_H 1
| #define HAVE_SYS_SOCKET_H 1
| #define HAVE_NETINET_IN_H 1
| #define HAVE_ARPA_INET_H 1
| #define HAVE_INET_NTOP 1
| #define HAVE_INET_PTON 1
| #define HAVE_SYS_TYPES_H 1
| #define HAVE_UNISTD_H 1
| #define HAVE_SYS_SOCKET_H 1
| #define HAVE_SYS_IOCTL_H 1
| #define HAVE_STROPTS_H 1
| #define HAVE_IOCTL 1
| #define HAVE_IOCTL_FIONBIO 1
| #define HAVE_IOCTL_SIOCGIFADDR 1
| #define HAVE_SYS_TYPES_H 1
| #define HAVE_POLL_H 1
| #define HAVE_SYS_POLL_H 1
| #define HAVE_POLL_FINE 1
| #define HAVE_SYS_TYPES_H 1
| #define HAVE_SIGACTION 1
| #define HAVE_SIGINTERRUPT 1
| #define HAVE_SIGNAL 1
| #define HAVE_SYS_TYPES_H 1
| #define HAVE_SIGSETJMP 1
| #define HAVE_SOCKET 1
| #define HAVE_SOCKETPAIR 1
| #define HAVE_STRCASECMP 1
| #define HAVE_STRDUP 1
| #define HAVE_STRERROR_R 1
| #define HAVE_POSIX_STRERROR_R 1
| #define HAVE_STRTOK_R 1
| #define HAVE_STRTOLL 1
| #define HAVE_DECL_GETPWUID_R 1
| /* end confdefs.h.  */
| 
| #define _fseeki64 innocuous__fseeki64
| #ifdef __STDC__
| # include <limits.h>
| #else
| # include <assert.h>
| #endif
| #undef _fseeki64
| #ifdef __cplusplus
| extern "C"
| #endif
| char _fseeki64 ();
| #if defined __stub__fseeki64 || defined __stub____fseeki64
| choke me
| #endif
| 
| int main (void)
| {
| return _fseeki64 ();
|  ;
|  return 0;
| }
configure:44142: result: no
configure:44148: checking for arc4random
configure:44148: x86_64-linux-musl-gcc -o conftest -Werror-implicit-function-declaration -O2 -Wno-system-headers  -I/home/michko/runepkg/runepkg/.forge_musl/deps/include  -L/home/michko/runepkg/runepkg/.forge_musl/deps/lib conftest.c -lz  >&5
/home/michko/runepkg/runepkg/.forge_musl/toolchain/bin/../lib/gcc/x86_64-linux-musl/11.2.1/../../../../x86_64-linux-musl/bin/ld: /tmp/ccbfgeEf.o: in function `main':
conftest.c:(.text.startup+0x7): undefined reference to `arc4random'
collect2: error: ld returned 1 exit status
configure:44148: $? = 1
configure: failed program was:
| /* confdefs.h */
| #define PACKAGE_NAME "curl"
| #define PACKAGE_TARNAME "curl"
| #define PACKAGE_VERSION "-"
| #define PACKAGE_STRING "curl -"
| #define PACKAGE_BUGREPORT "a suitable curl mailing list: https://curl.se/mail/"
| #define PACKAGE_URL ""
| #define HAVE_STDIO_H 1
| #define HAVE_STDLIB_H 1
| #define HAVE_STRING_H 1
| #define HAVE_INTTYPES_H 1
| #define HAVE_STDINT_H 1
| #define HAVE_STRINGS_H 1
| #define HAVE_SYS_STAT_H 1
| #define HAVE_SYS_TYPES_H 1
| #define HAVE_UNISTD_H 1
| #define STDC_HEADERS 1
| #define HAVE_STDATOMIC_H 1
| #define HAVE_ATOMIC 1
| #define PACKAGE "curl"
| #define VERSION "-"
| #define OS "x86_64-pc-linux-musl"
| #define HAVE_DLFCN_H 1
| #define LT_OBJDIR ".libs/"
| #define CURL_DISABLE_LDAP 1
| #define CURL_DISABLE_LDAPS 1
| #define HAVE_SYS_TYPES_H 1
| #define HAVE_SYS_TIME_H 1
| #define HAVE_CLOCK_GETTIME_MONOTONIC 1
| #define HAVE_SYS_TYPES_H 1
| #define HAVE_SYS_TIME_H 1
| #define HAVE_CLOCK_GETTIME_MONOTONIC_RAW 1
| #define HAVE_LIBZ 1
| #define USE_IPV6 1
| #define HAVE_SOCKADDR_IN6_SIN6_SCOPE_ID 1
| #define HAVE_WRITABLE_ARGV 1
| #define HAVE_SYS_TYPES_H 1
| #define HAVE_SYS_TIME_H 1
| #define HAVE_SYS_SELECT_H 1
| #define HAVE_SYS_SOCKET_H 1
| #define HAVE_SYS_IOCTL_H 1
| #define HAVE_UNISTD_H 1
| #define HAVE_STDLIB_H 1
| #define HAVE_ARPA_INET_H 1
| #define HAVE_NET_IF_H 1
| #define HAVE_NETINET_IN_H 1
| #define HAVE_SYS_UN_H 1
| #define HAVE_LINUX_TCP_H 1
| #define HAVE_NETINET_TCP_H 1
| #define HAVE_NETINET_UDP_H 1
| #define HAVE_NETDB_H 1
| #define HAVE_SYS_STAT_H 1
| #define HAVE_SYS_PARAM_H 1
| #define HAVE_TERMIOS_H 1
| #define HAVE_FCNTL_H 1
| #define HAVE_PWD_H 1
| #define HAVE_UTIME_H 1
| #define HAVE_SYS_POLL_H 1
| #define HAVE_POLL_H 1
| #define HAVE_SYS_RESOURCE_H 1
| #define HAVE_LIBGEN_H 1
| #define HAVE_LOCALE_H 1
| #define HAVE_STDBOOL_H 1
| #define HAVE_SYS_WAIT_H 1
| #define HAVE_SYS_EVENTFD_H 1
| #define HAVE_SETJMP_H 1
| #define HAVE_SYS_TYPES_H 1
| #define HAVE_SYS_TIME_H 1
| #define HAVE_SYS_SOCKET_H 1
| #define HAVE_STRUCT_TIMEVAL 1
| #define SIZEOF_SIZE_T 8
| #define SIZEOF_LONG 8
| #define SIZEOF_INT 4
| #define SIZEOF_TIME_T 8
| #define SIZEOF_OFF_T 8
| #define SIZEOF_CURL_OFF_T 8
| #define SIZEOF_CURL_SOCKET_T 4
| #define HAVE_LONGLONG 1
| #define HAVE_BOOL_T 1
| #define CURL_SA_FAMILY_T sa_family_t
| #define HAVE_SUSECONDS_T 1
| #define HAVE_STRUCT_SOCKADDR_STORAGE 1
| #define HAVE_SYS_SELECT_H 1
| #define HAVE_SYS_SOCKET_H 1
| #define HAVE_SELECT 1
| #define HAVE_SYS_TYPES_H 1
| #define HAVE_SYS_SOCKET_H 1
| #define HAVE_RECV 1
| #define HAVE_SYS_TYPES_H 1
| #define HAVE_SYS_SOCKET_H 1
| #define HAVE_SEND 1
| #define HAVE_SYS_TYPES_H 1
| #define HAVE_SYS_SOCKET_H 1
| #define HAVE_MSG_NOSIGNAL 1
| #define HAVE_SYS_TYPES_H 1
| #define HAVE_UNISTD_H 1
| #define HAVE_ALARM 1
| #define HAVE_SYS_TYPES_H 1
| #define HAVE_STRINGS_H 1
| #define HAVE_SYS_TYPES_H 1
| #define HAVE_LIBGEN_H 1
| #define HAVE_BASENAME 1
| #define HAVE_SYS_TYPES_H 1
| #define HAVE_SYS_TYPES_H 1
| #define HAVE_SYS_SOCKET_H 1
| #define HAVE_SYS_TYPES_H 1
| #define HAVE_UNISTD_H 1
| #define HAVE_FCNTL_H 1
| #define HAVE_FCNTL 1
| #define HAVE_FCNTL_O_NONBLOCK 1
| #define HAVE_SYS_TYPES_H 1
| #define HAVE_NETDB_H 1
| #define HAVE_FREEADDRINFO 1
| #define HAVE_SYS_TYPES_H 1
| #define HAVE_SYS_XATTR_H 1
| #define HAVE_FSETXATTR 1
| #define HAVE_FSETXATTR_5 1
| #define HAVE_FTRUNCATE 1
| #define HAVE_SYS_TYPES_H 1
| #define HAVE_GETADDRINFO 1
| #define HAVE_GETADDRINFO_THREADSAFE 1
| #define HAVE_GETHOSTBYNAME 1
| #define HAVE_GETHOSTBYNAME_R 1
| #define HAVE_GETHOSTBYNAME_R_6 1
| #define GETHOSTNAME_TYPE_ARG2 size_t
| #define HAVE_GETHOSTNAME 1
| #define HAVE_GETPEERNAME 1
| #define HAVE_GETSOCKNAME 1
| #define HAVE_NET_IF_H 1
| #define HAVE_IF_NAMETOINDEX 1
| #define HAVE_SYS_TYPES_H 1
| #define HAVE_SYS_SOCKET_H 1
| #define HAVE_NETINET_IN_H 1
| #define HAVE_IFADDRS_H 1
| #define HAVE_GETIFADDRS 1
| #define HAVE_SYS_TYPES_H 1
| #define HAVE_SYS_TIME_H 1
| #define HAVE_GMTIME_R 1
| #define HAVE_SYS_TYPES_H 1
| #define HAVE_SYS_SOCKET_H 1
| #define HAVE_NETINET_IN_H 1
| #define HAVE_ARPA_INET_H 1
| #define HAVE_INET_NTOP 1
| #define HAVE_INET_PTON 1
| #define HAVE_SYS_TYPES_H 1
| #define HAVE_UNISTD_H 1
| #define HAVE_SYS_SOCKET_H 1
| #define HAVE_SYS_IOCTL_H 1
| #define HAVE_STROPTS_H 1
| #define HAVE_IOCTL 1
| #define HAVE_IOCTL_FIONBIO 1
| #define HAVE_IOCTL_SIOCGIFADDR 1
| #define HAVE_SYS_TYPES_H 1
| #define HAVE_POLL_H 1
| #define HAVE_SYS_POLL_H 1
| #define HAVE_POLL_FINE 1
| #define HAVE_SYS_TYPES_H 1
| #define HAVE_SIGACTION 1
| #define HAVE_SIGINTERRUPT 1
| #define HAVE_SIGNAL 1
| #define HAVE_SYS_TYPES_H 1
| #define HAVE_SIGSETJMP 1
| #define HAVE_SOCKET 1
| #define HAVE_SOCKETPAIR 1
| #define HAVE_STRCASECMP 1
| #define HAVE_STRDUP 1
| #define HAVE_STRERROR_R 1
| #define HAVE_POSIX_STRERROR_R 1
| #define HAVE_STRTOK_R 1
| #define HAVE_STRTOLL 1
| #define HAVE_DECL_GETPWUID_R 1
| /* end confdefs.h.  */
| 
| #define arc4random innocuous_arc4random
| #ifdef __STDC__
| # include <limits.h>
| #else
| # include <assert.h>
| #endif
| #undef arc4random
| #ifdef __cplusplus
| extern "C"
| #endif
| char arc4random ();
| #if defined __stub_arc4random || defined __stub___arc4random
| choke me
| #endif
| 
| int main (void)
| {
| return arc4random ();
|  ;
|  return 0;
| }
configure:44148: result: no
configure:44154: checking for eventfd
configure:44154: x86_64-linux-musl-gcc -o conftest -Werror-implicit-function-declaration -O2 -Wno-system-headers  -I/home/michko/runepkg/runepkg/.forge_musl/deps/include  -L/home/michko/runepkg/runepkg/.forge_musl/deps/lib conftest.c -lz  >&5
configure:44154: $? = 0
configure:44154: result: yes
configure:44160: checking for fnmatch
configure:44160: x86_64-linux-musl-gcc -o conftest -Werror-implicit-function-declaration -O2 -Wno-system-headers  -I/home/michko/runepkg/runepkg/.forge_musl/deps/include  -L/home/michko/runepkg/runepkg/.forge_musl/deps/lib conftest.c -lz  >&5
configure:44160: $? = 0
configure:44160: result: yes
configure:44166: checking for fseeko
configure:44166: x86_64-linux-musl-gcc -o conftest -Werror-implicit-function-declaration -O2 -Wno-system-headers  -I/home/michko/runepkg/runepkg/.forge_musl/deps/include  -L/home/michko/runepkg/runepkg/.forge_musl/deps/lib conftest.c -lz  >&5
configure:44166: $? = 0
configure:44166: result: yes
configure:44172: checking for geteuid
configure:44172: x86_64-linux-musl-gcc -o conftest -Werror-implicit-function-declaration -O2 -Wno-system-headers  -I/home/michko/runepkg/runepkg/.forge_musl/deps/include  -L/home/michko/runepkg/runepkg/.forge_musl/deps/lib conftest.c -lz  >&5
configure:44172: $? = 0
configure:44172: result: yes
configure:44178: checking for getpass_r
configure:44178: x86_64-linux-musl-gcc -o conftest -Werror-implicit-function-declaration -O2 -Wno-system-headers  -I/home/michko/runepkg/runepkg/.forge_musl/deps/include  -L/home/michko/runepkg/runepkg/.forge_musl/deps/lib conftest.c -lz  >&5
/home/michko/runepkg/runepkg/.forge_musl/toolchain/bin/../lib/gcc/x86_64-linux-musl/11.2.1/../../../../x86_64-linux-musl/bin/ld: /tmp/cccACGeP.o: in function `main':
conftest.c:(.text.startup+0x7): undefined reference to `getpass_r'
collect2: error: ld returned 1 exit status
configure:44178: $? = 1
configure: failed program was:
| /* confdefs.h */
| #define PACKAGE_NAME "curl"
| #define PACKAGE_TARNAME "curl"
| #define PACKAGE_VERSION "-"
| #define PACKAGE_STRING "curl -"
| #define PACKAGE_BUGREPORT "a suitable curl mailing list: https://curl.se/mail/"
| #define PACKAGE_URL ""
| #define HAVE_STDIO_H 1
| #define HAVE_STDLIB_H 1
| #define HAVE_STRING_H 1
| #define HAVE_INTTYPES_H 1
| #define HAVE_STDINT_H 1
| #define HAVE_STRINGS_H 1
| #define HAVE_SYS_STAT_H 1
| #define HAVE_SYS_TYPES_H 1
| #define HAVE_UNISTD_H 1
| #define STDC_HEADERS 1
| #define HAVE_STDATOMIC_H 1
| #define HAVE_ATOMIC 1
| #define PACKAGE "curl"
| #define VERSION "-"
| #define OS "x86_64-pc-linux-musl"
| #define HAVE_DLFCN_H 1
| #define LT_OBJDIR ".libs/"
| #define CURL_DISABLE_LDAP 1
| #define CURL_DISABLE_LDAPS 1
| #define HAVE_SYS_TYPES_H 1
| #define HAVE_SYS_TIME_H 1
| #define HAVE_CLOCK_GETTIME_MONOTONIC 1
| #define HAVE_SYS_TYPES_H 1
| #define HAVE_SYS_TIME_H 1
| #define HAVE_CLOCK_GETTIME_MONOTONIC_RAW 1
| #define HAVE_LIBZ 1
| #define USE_IPV6 1
| #define HAVE_SOCKADDR_IN6_SIN6_SCOPE_ID 1
| #define HAVE_WRITABLE_ARGV 1
| #define HAVE_SYS_TYPES_H 1
| #define HAVE_SYS_TIME_H 1
| #define HAVE_SYS_SELECT_H 1
| #define HAVE_SYS_SOCKET_H 1
| #define HAVE_SYS_IOCTL_H 1
| #define HAVE_UNISTD_H 1
| #define HAVE_STDLIB_H 1
| #define HAVE_ARPA_INET_H 1
| #define HAVE_NET_IF_H 1
| #define HAVE_NETINET_IN_H 1
| #define HAVE_SYS_UN_H 1
| #define HAVE_LINUX_TCP_H 1
| #define HAVE_NETINET_TCP_H 1
| #define HAVE_NETINET_UDP_H 1
| #define HAVE_NETDB_H 1
| #define HAVE_SYS_STAT_H 1
| #define HAVE_SYS_PARAM_H 1
| #define HAVE_TERMIOS_H 1
| #define HAVE_FCNTL_H 1
| #define HAVE_PWD_H 1
| #define HAVE_UTIME_H 1
| #define HAVE_SYS_POLL_H 1
| #define HAVE_POLL_H 1
| #define HAVE_SYS_RESOURCE_H 1
| #define HAVE_LIBGEN_H 1
| #define HAVE_LOCALE_H 1
| #define HAVE_STDBOOL_H 1
| #define HAVE_SYS_WAIT_H 1
| #define HAVE_SYS_EVENTFD_H 1
| #define HAVE_SETJMP_H 1
| #define HAVE_SYS_TYPES_H 1
| #define HAVE_SYS_TIME_H 1
| #define HAVE_SYS_SOCKET_H 1
| #define HAVE_STRUCT_TIMEVAL 1
| #define SIZEOF_SIZE_T 8
| #define SIZEOF_LONG 8
| #define SIZEOF_INT 4
| #define SIZEOF_TIME_T 8
| #define SIZEOF_OFF_T 8
| #define SIZEOF_CURL_OFF_T 8
| #define SIZEOF_CURL_SOCKET_T 4
| #define HAVE_LONGLONG 1
| #define HAVE_BOOL_T 1
| #define CURL_SA_FAMILY_T sa_family_t
| #define HAVE_SUSECONDS_T 1
| #define HAVE_STRUCT_SOCKADDR_STORAGE 1
| #define HAVE_SYS_SELECT_H 1
| #define HAVE_SYS_SOCKET_H 1
| #define HAVE_SELECT 1
| #define HAVE_SYS_TYPES_H 1
| #define HAVE_SYS_SOCKET_H 1
| #define HAVE_RECV 1
| #define HAVE_SYS_TYPES_H 1
| #define HAVE_SYS_SOCKET_H 1
| #define HAVE_SEND 1
| #define HAVE_SYS_TYPES_H 1
| #define HAVE_SYS_SOCKET_H 1
| #define HAVE_MSG_NOSIGNAL 1
| #define HAVE_SYS_TYPES_H 1
| #define HAVE_UNISTD_H 1
| #define HAVE_ALARM 1
| #define HAVE_SYS_TYPES_H 1
| #define HAVE_STRINGS_H 1
| #define HAVE_SYS_TYPES_H 1
| #define HAVE_LIBGEN_H 1
| #define HAVE_BASENAME 1
| #define HAVE_SYS_TYPES_H 1
| #define HAVE_SYS_TYPES_H 1
| #define HAVE_SYS_SOCKET_H 1
| #define HAVE_SYS_TYPES_H 1
| #define HAVE_UNISTD_H 1
| #define HAVE_FCNTL_H 1
| #define HAVE_FCNTL 1
| #define HAVE_FCNTL_O_NONBLOCK 1
| #define HAVE_SYS_TYPES_H 1
| #define HAVE_NETDB_H 1
| #define HAVE_FREEADDRINFO 1
| #define HAVE_SYS_TYPES_H 1
| #define HAVE_SYS_XATTR_H 1
| #define HAVE_FSETXATTR 1
| #define HAVE_FSETXATTR_5 1
| #define HAVE_FTRUNCATE 1
| #define HAVE_SYS_TYPES_H 1
| #define HAVE_GETADDRINFO 1
| #define HAVE_GETADDRINFO_THREADSAFE 1
| #define HAVE_GETHOSTBYNAME 1
| #define HAVE_GETHOSTBYNAME_R 1
| #define HAVE_GETHOSTBYNAME_R_6 1
| #define GETHOSTNAME_TYPE_ARG2 size_t
| #define HAVE_GETHOSTNAME 1
| #define HAVE_GETPEERNAME 1
| #define HAVE_GETSOCKNAME 1
| #define HAVE_NET_IF_H 1
| #define HAVE_IF_NAMETOINDEX 1
| #define HAVE_SYS_TYPES_H 1
| #define HAVE_SYS_SOCKET_H 1
| #define HAVE_NETINET_IN_H 1
| #define HAVE_IFADDRS_H 1
| #define HAVE_GETIFADDRS 1
| #define HAVE_SYS_TYPES_H 1
| #define HAVE_SYS_TIME_H 1
| #define HAVE_GMTIME_R 1
| #define HAVE_SYS_TYPES_H 1
| #define HAVE_SYS_SOCKET_H 1
| #define HAVE_NETINET_IN_H 1
| #define HAVE_ARPA_INET_H 1
| #define HAVE_INET_NTOP 1
| #define HAVE_INET_PTON 1
| #define HAVE_SYS_TYPES_H 1
| #define HAVE_UNISTD_H 1
| #define HAVE_SYS_SOCKET_H 1
| #define HAVE_SYS_IOCTL_H 1
| #define HAVE_STROPTS_H 1
| #define HAVE_IOCTL 1
| #define HAVE_IOCTL_FIONBIO 1
| #define HAVE_IOCTL_SIOCGIFADDR 1
| #define HAVE_SYS_TYPES_H 1
| #define HAVE_POLL_H 1
| #define HAVE_SYS_POLL_H 1
| #define HAVE_POLL_FINE 1
| #define HAVE_SYS_TYPES_H 1
| #define HAVE_SIGACTION 1
| #define HAVE_SIGINTERRUPT 1
| #define HAVE_SIGNAL 1
| #define HAVE_SYS_TYPES_H 1
| #define HAVE_SIGSETJMP 1
| #define HAVE_SOCKET 1
| #define HAVE_SOCKETPAIR 1
| #define HAVE_STRCASECMP 1
| #define HAVE_STRDUP 1
| #define HAVE_STRERROR_R 1
| #define HAVE_POSIX_STRERROR_R 1
| #define HAVE_STRTOK_R 1
| #define HAVE_STRTOLL 1
| #define HAVE_DECL_GETPWUID_R 1
| #define HAVE_EVENTFD 1
| #define HAVE_FNMATCH 1
| #define HAVE_FSEEKO 1
| #define HAVE_GETEUID 1
| /* end confdefs.h.  */
| 
| #define getpass_r innocuous_getpass_r
| #ifdef __STDC__
| # include <limits.h>
| #else
| # include <assert.h>
| #endif
| #undef getpass_r
| #ifdef __cplusplus
| extern "C"
| #endif
| char getpass_r ();
| #if defined __stub_getpass_r || defined __stub___getpass_r
| choke me
| #endif
| 
| int main (void)
| {
| return getpass_r ();
|  ;
|  return 0;
| }
configure:44178: result: no
configure:44184: checking for getppid
configure:44184: x86_64-linux-musl-gcc -o conftest -Werror-implicit-function-declaration -O2 -Wno-system-headers  -I/home/michko/runepkg/runepkg/.forge_musl/deps/include  -L/home/michko/runepkg/runepkg/.forge_musl/deps/lib conftest.c -lz  >&5
configure:44184: $? = 0
configure:44184: result: yes
configure:44190: checking for getpwuid
configure:44190: x86_64-linux-musl-gcc -o conftest -Werror-implicit-function-declaration -O2 -Wno-system-headers  -I/home/michko/runepkg/runepkg/.forge_musl/deps/include  -L/home/michko/runepkg/runepkg/.forge_musl/deps/lib conftest.c -lz  >&5
configure:44190: $? = 0
configure:44190: result: yes
configure:44196: checking for getpwuid_r
configure:44196: x86_64-linux-musl-gcc -o conftest -Werror-implicit-function-declaration -O2 -Wno-system-headers  -I/home/michko/runepkg/runepkg/.forge_musl/deps/include  -L/home/michko/runepkg/runepkg/.forge_musl/deps/lib conftest.c -lz  >&5
configure:44196: $? = 0
configure:44196: result: yes
configure:44202: checking for getrlimit
configure:44202: x86_64-linux-musl-gcc -o conftest -Werror-implicit-function-declaration -O2 -Wno-system-headers  -I/home/michko/runepkg/runepkg/.forge_musl/deps/include  -L/home/michko/runepkg/runepkg/.forge_musl/deps/lib conftest.c -lz  >&5
configure:44202: $? = 0
configure:44202: result: yes
configure:44208: checking for gettimeofday
configure:44208: x86_64-linux-musl-gcc -o conftest -Werror-implicit-function-declaration -O2 -Wno-system-headers  -I/home/michko/runepkg/runepkg/.forge_musl/deps/include  -L/home/michko/runepkg/runepkg/.forge_musl/deps/lib conftest.c -lz  >&5
configure:44208: $? = 0
configure:44208: result: yes
configure:44214: checking for if_nametoindex
configure:44214: x86_64-linux-musl-gcc -o conftest -Werror-implicit-function-declaration -O2 -Wno-system-headers  -I/home/michko/runepkg/runepkg/.forge_musl/deps/include  -L/home/michko/runepkg/runepkg/.forge_musl/deps/lib conftest.c -lz  >&5
configure:44214: $? = 0
configure:44214: result: yes
configure:44220: checking for mach_absolute_time
configure:44220: x86_64-linux-musl-gcc -o conftest -Werror-implicit-function-declaration -O2 -Wno-system-headers  -I/home/michko/runepkg/runepkg/.forge_musl/deps/include  -L/home/michko/runepkg/runepkg/.forge_musl/deps/lib conftest.c -lz  >&5
/home/michko/runepkg/runepkg/.forge_musl/toolchain/bin/../lib/gcc/x86_64-linux-musl/11.2.1/../../../../x86_64-linux-musl/bin/ld: /tmp/ccOfpkah.o: in function `main':
conftest.c:(.text.startup+0x7): undefined reference to `mach_absolute_time'
collect2: error: ld returned 1 exit status
configure:44220: $? = 1
configure: failed program was:
| /* confdefs.h */
| #define PACKAGE_NAME "curl"
| #define PACKAGE_TARNAME "curl"
| #define PACKAGE_VERSION "-"
| #define PACKAGE_STRING "curl -"
| #define PACKAGE_BUGREPORT "a suitable curl mailing list: https://curl.se/mail/"
| #define PACKAGE_URL ""
| #define HAVE_STDIO_H 1
| #define HAVE_STDLIB_H 1
| #define HAVE_STRING_H 1
| #define HAVE_INTTYPES_H 1
| #define HAVE_STDINT_H 1
| #define HAVE_STRINGS_H 1
| #define HAVE_SYS_STAT_H 1
| #define HAVE_SYS_TYPES_H 1
| #define HAVE_UNISTD_H 1
| #define STDC_HEADERS 1
| #define HAVE_STDATOMIC_H 1
| #define HAVE_ATOMIC 1
| #define PACKAGE "curl"
| #define VERSION "-"
| #define OS "x86_64-pc-linux-musl"
| #define HAVE_DLFCN_H 1
| #define LT_OBJDIR ".libs/"
| #define CURL_DISABLE_LDAP 1
| #define CURL_DISABLE_LDAPS 1
| #define HAVE_SYS_TYPES_H 1
| #define HAVE_SYS_TIME_H 1
| #define HAVE_CLOCK_GETTIME_MONOTONIC 1
| #define HAVE_SYS_TYPES_H 1
| #define HAVE_SYS_TIME_H 1
| #define HAVE_CLOCK_GETTIME_MONOTONIC_RAW 1
| #define HAVE_LIBZ 1
| #define USE_IPV6 1
| #define HAVE_SOCKADDR_IN6_SIN6_SCOPE_ID 1
| #define HAVE_WRITABLE_ARGV 1
| #define HAVE_SYS_TYPES_H 1
| #define HAVE_SYS_TIME_H 1
| #define HAVE_SYS_SELECT_H 1
| #define HAVE_SYS_SOCKET_H 1
| #define HAVE_SYS_IOCTL_H 1
| #define HAVE_UNISTD_H 1
| #define HAVE_STDLIB_H 1
| #define HAVE_ARPA_INET_H 1
| #define HAVE_NET_IF_H 1
| #define HAVE_NETINET_IN_H 1
| #define HAVE_SYS_UN_H 1
| #define HAVE_LINUX_TCP_H 1
| #define HAVE_NETINET_TCP_H 1
| #define HAVE_NETINET_UDP_H 1
| #define HAVE_NETDB_H 1
| #define HAVE_SYS_STAT_H 1
| #define HAVE_SYS_PARAM_H 1
| #define HAVE_TERMIOS_H 1
| #define HAVE_FCNTL_H 1
| #define HAVE_PWD_H 1
| #define HAVE_UTIME_H 1
| #define HAVE_SYS_POLL_H 1
| #define HAVE_POLL_H 1
| #define HAVE_SYS_RESOURCE_H 1
| #define HAVE_LIBGEN_H 1
| #define HAVE_LOCALE_H 1
| #define HAVE_STDBOOL_H 1
| #define HAVE_SYS_WAIT_H 1
| #define HAVE_SYS_EVENTFD_H 1
| #define HAVE_SETJMP_H 1
| #define HAVE_SYS_TYPES_H 1
| #define HAVE_SYS_TIME_H 1
| #define HAVE_SYS_SOCKET_H 1
| #define HAVE_STRUCT_TIMEVAL 1
| #define SIZEOF_SIZE_T 8
| #define SIZEOF_LONG 8
| #define SIZEOF_INT 4
| #define SIZEOF_TIME_T 8
| #define SIZEOF_OFF_T 8
| #define SIZEOF_CURL_OFF_T 8
| #define SIZEOF_CURL_SOCKET_T 4
| #define HAVE_LONGLONG 1
| #define HAVE_BOOL_T 1
| #define CURL_SA_FAMILY_T sa_family_t
| #define HAVE_SUSECONDS_T 1
| #define HAVE_STRUCT_SOCKADDR_STORAGE 1
| #define HAVE_SYS_SELECT_H 1
| #define HAVE_SYS_SOCKET_H 1
| #define HAVE_SELECT 1
| #define HAVE_SYS_TYPES_H 1
| #define HAVE_SYS_SOCKET_H 1
| #define HAVE_RECV 1
| #define HAVE_SYS_TYPES_H 1
| #define HAVE_SYS_SOCKET_H 1
| #define HAVE_SEND 1
| #define HAVE_SYS_TYPES_H 1
| #define HAVE_SYS_SOCKET_H 1
| #define HAVE_MSG_NOSIGNAL 1
| #define HAVE_SYS_TYPES_H 1
| #define HAVE_UNISTD_H 1
| #define HAVE_ALARM 1
| #define HAVE_SYS_TYPES_H 1
| #define HAVE_STRINGS_H 1
| #define HAVE_SYS_TYPES_H 1
| #define HAVE_LIBGEN_H 1
| #define HAVE_BASENAME 1
| #define HAVE_SYS_TYPES_H 1
| #define HAVE_SYS_TYPES_H 1
| #define HAVE_SYS_SOCKET_H 1
| #define HAVE_SYS_TYPES_H 1
| #define HAVE_UNISTD_H 1
| #define HAVE_FCNTL_H 1
| #define HAVE_FCNTL 1
| #define HAVE_FCNTL_O_NONBLOCK 1
| #define HAVE_SYS_TYPES_H 1
| #define HAVE_NETDB_H 1
| #define HAVE_FREEADDRINFO 1
| #define HAVE_SYS_TYPES_H 1
| #define HAVE_SYS_XATTR_H 1
| #define HAVE_FSETXATTR 1
| #define HAVE_FSETXATTR_5 1
| #define HAVE_FTRUNCATE 1
| #define HAVE_SYS_TYPES_H 1
| #define HAVE_GETADDRINFO 1
| #define HAVE_GETADDRINFO_THREADSAFE 1
| #define HAVE_GETHOSTBYNAME 1
| #define HAVE_GETHOSTBYNAME_R 1
| #define HAVE_GETHOSTBYNAME_R_6 1
| #define GETHOSTNAME_TYPE_ARG2 size_t
| #define HAVE_GETHOSTNAME 1
| #define HAVE_GETPEERNAME 1
| #define HAVE_GETSOCKNAME 1
| #define HAVE_NET_IF_H 1
| #define HAVE_IF_NAMETOINDEX 1
| #define HAVE_SYS_TYPES_H 1
| #define HAVE_SYS_SOCKET_H 1
| #define HAVE_NETINET_IN_H 1
| #define HAVE_IFADDRS_H 1
| #define HAVE_GETIFADDRS 1
| #define HAVE_SYS_TYPES_H 1
| #define HAVE_SYS_TIME_H 1
| #define HAVE_GMTIME_R 1
| #define HAVE_SYS_TYPES_H 1
| #define HAVE_SYS_SOCKET_H 1
| #define HAVE_NETINET_IN_H 1
| #define HAVE_ARPA_INET_H 1
| #define HAVE_INET_NTOP 1
| #define HAVE_INET_PTON 1
| #define HAVE_SYS_TYPES_H 1
| #define HAVE_UNISTD_H 1
| #define HAVE_SYS_SOCKET_H 1
| #define HAVE_SYS_IOCTL_H 1
| #define HAVE_STROPTS_H 1
| #define HAVE_IOCTL 1
| #define HAVE_IOCTL_FIONBIO 1
| #define HAVE_IOCTL_SIOCGIFADDR 1
| #define HAVE_SYS_TYPES_H 1
| #define HAVE_POLL_H 1
| #define HAVE_SYS_POLL_H 1
| #define HAVE_POLL_FINE 1
| #define HAVE_SYS_TYPES_H 1
| #define HAVE_SIGACTION 1
| #define HAVE_SIGINTERRUPT 1
| #define HAVE_SIGNAL 1
| #define HAVE_SYS_TYPES_H 1
| #define HAVE_SIGSETJMP 1
| #define HAVE_SOCKET 1
| #define HAVE_SOCKETPAIR 1
| #define HAVE_STRCASECMP 1
| #define HAVE_STRDUP 1
| #define HAVE_STRERROR_R 1
| #define HAVE_POSIX_STRERROR_R 1
| #define HAVE_STRTOK_R 1
| #define HAVE_STRTOLL 1
| #define HAVE_DECL_GETPWUID_R 1
| #define HAVE_EVENTFD 1
| #define HAVE_FNMATCH 1
| #define HAVE_FSEEKO 1
| #define HAVE_GETEUID 1
| #define HAVE_GETPPID 1
| #define HAVE_GETPWUID 1
| #define HAVE_GETPWUID_R 1
| #define HAVE_GETRLIMIT 1
| #define HAVE_GETTIMEOFDAY 1
| #define HAVE_IF_NAMETOINDEX 1
| /* end confdefs.h.  */
| 
| #define mach_absolute_time innocuous_mach_absolute_time
| #ifdef __STDC__
| # include <limits.h>
| #else
| # include <assert.h>
| #endif
| #undef mach_absolute_time
| #ifdef __cplusplus
| extern "C"
| #endif
| char mach_absolute_time ();
| #if defined __stub_mach_absolute_time || defined __stub___mach_absolute_time
| choke me
| #endif
| 
| int main (void)
| {
| return mach_absolute_time ();
|  ;
|  return 0;
| }
configure:44220: result: no
configure:44226: checking for pipe
configure:44226: x86_64-linux-musl-gcc -o conftest -Werror-implicit-function-declaration -O2 -Wno-system-headers  -I/home/michko/runepkg/runepkg/.forge_musl/deps/include  -L/home/michko/runepkg/runepkg/.forge_musl/deps/lib conftest.c -lz  >&5
configure:44226: $? = 0
configure:44226: result: yes
configure:44232: checking for sched_yield
configure:44232: x86_64-linux-musl-gcc -o conftest -Werror-implicit-function-declaration -O2 -Wno-system-headers  -I/home/michko/runepkg/runepkg/.forge_musl/deps/include  -L/home/michko/runepkg/runepkg/.forge_musl/deps/lib conftest.c -lz  >&5
configure:44232: $? = 0
configure:44232: result: yes
configure:44238: checking for sendmsg
configure:44238: x86_64-linux-musl-gcc -o conftest -Werror-implicit-function-declaration -O2 -Wno-system-headers  -I/home/michko/runepkg/runepkg/.forge_musl/deps/include  -L/home/michko/runepkg/runepkg/.forge_musl/deps/lib conftest.c -lz  >&5
configure:44238: $? = 0
configure:44238: result: yes
configure:44244: checking for setlocale
configure:44244: x86_64-linux-musl-gcc -o conftest -Werror-implicit-function-declaration -O2 -Wno-system-headers  -I/home/michko/runepkg/runepkg/.forge_musl/deps/include  -L/home/michko/runepkg/runepkg/.forge_musl/deps/lib conftest.c -lz  >&5
configure:44244: $? = 0
configure:44244: result: yes
configure:44250: checking for setmode
configure:44250: x86_64-linux-musl-gcc -o conftest -Werror-implicit-function-declaration -O2 -Wno-system-headers  -I/home/michko/runepkg/runepkg/.forge_musl/deps/include  -L/home/michko/runepkg/runepkg/.forge_musl/deps/lib conftest.c -lz  >&5
/home/michko/runepkg/runepkg/.forge_musl/toolchain/bin/../lib/gcc/x86_64-linux-musl/11.2.1/../../../../x86_64-linux-musl/bin/ld: /tmp/ccoaBkOC.o: in function `main':
conftest.c:(.text.startup+0x7): undefined reference to `setmode'
collect2: error: ld returned 1 exit status
configure:44250: $? = 1
configure: failed program was:
| /* confdefs.h */
| #define PACKAGE_NAME "curl"
| #define PACKAGE_TARNAME "curl"
| #define PACKAGE_VERSION "-"
| #define PACKAGE_STRING "curl -"
| #define PACKAGE_BUGREPORT "a suitable curl mailing list: https://curl.se/mail/"
| #define PACKAGE_URL ""
| #define HAVE_STDIO_H 1
| #define HAVE_STDLIB_H 1
| #define HAVE_STRING_H 1
| #define HAVE_INTTYPES_H 1
| #define HAVE_STDINT_H 1
| #define HAVE_STRINGS_H 1
| #define HAVE_SYS_STAT_H 1
| #define HAVE_SYS_TYPES_H 1
| #define HAVE_UNISTD_H 1
| #define STDC_HEADERS 1
| #define HAVE_STDATOMIC_H 1
| #define HAVE_ATOMIC 1
| #define PACKAGE "curl"
| #define VERSION "-"
| #define OS "x86_64-pc-linux-musl"
| #define HAVE_DLFCN_H 1
| #define LT_OBJDIR ".libs/"
| #define CURL_DISABLE_LDAP 1
| #define CURL_DISABLE_LDAPS 1
| #define HAVE_SYS_TYPES_H 1
| #define HAVE_SYS_TIME_H 1
| #define HAVE_CLOCK_GETTIME_MONOTONIC 1
| #define HAVE_SYS_TYPES_H 1
| #define HAVE_SYS_TIME_H 1
| #define HAVE_CLOCK_GETTIME_MONOTONIC_RAW 1
| #define HAVE_LIBZ 1
| #define USE_IPV6 1
| #define HAVE_SOCKADDR_IN6_SIN6_SCOPE_ID 1
| #define HAVE_WRITABLE_ARGV 1
| #define HAVE_SYS_TYPES_H 1
| #define HAVE_SYS_TIME_H 1
| #define HAVE_SYS_SELECT_H 1
| #define HAVE_SYS_SOCKET_H 1
| #define HAVE_SYS_IOCTL_H 1
| #define HAVE_UNISTD_H 1
| #define HAVE_STDLIB_H 1
| #define HAVE_ARPA_INET_H 1
| #define HAVE_NET_IF_H 1
| #define HAVE_NETINET_IN_H 1
| #define HAVE_SYS_UN_H 1
| #define HAVE_LINUX_TCP_H 1
| #define HAVE_NETINET_TCP_H 1
| #define HAVE_NETINET_UDP_H 1
| #define HAVE_NETDB_H 1
| #define HAVE_SYS_STAT_H 1
| #define HAVE_SYS_PARAM_H 1
| #define HAVE_TERMIOS_H 1
| #define HAVE_FCNTL_H 1
| #define HAVE_PWD_H 1
| #define HAVE_UTIME_H 1
| #define HAVE_SYS_POLL_H 1
| #define HAVE_POLL_H 1
| #define HAVE_SYS_RESOURCE_H 1
| #define HAVE_LIBGEN_H 1
| #define HAVE_LOCALE_H 1
| #define HAVE_STDBOOL_H 1
| #define HAVE_SYS_WAIT_H 1
| #define HAVE_SYS_EVENTFD_H 1
| #define HAVE_SETJMP_H 1
| #define HAVE_SYS_TYPES_H 1
| #define HAVE_SYS_TIME_H 1
| #define HAVE_SYS_SOCKET_H 1
| #define HAVE_STRUCT_TIMEVAL 1
| #define SIZEOF_SIZE_T 8
| #define SIZEOF_LONG 8
| #define SIZEOF_INT 4
| #define SIZEOF_TIME_T 8
| #define SIZEOF_OFF_T 8
| #define SIZEOF_CURL_OFF_T 8
| #define SIZEOF_CURL_SOCKET_T 4
| #define HAVE_LONGLONG 1
| #define HAVE_BOOL_T 1
| #define CURL_SA_FAMILY_T sa_family_t
| #define HAVE_SUSECONDS_T 1
| #define HAVE_STRUCT_SOCKADDR_STORAGE 1
| #define HAVE_SYS_SELECT_H 1
| #define HAVE_SYS_SOCKET_H 1
| #define HAVE_SELECT 1
| #define HAVE_SYS_TYPES_H 1
| #define HAVE_SYS_SOCKET_H 1
| #define HAVE_RECV 1
| #define HAVE_SYS_TYPES_H 1
| #define HAVE_SYS_SOCKET_H 1
| #define HAVE_SEND 1
| #define HAVE_SYS_TYPES_H 1
| #define HAVE_SYS_SOCKET_H 1
| #define HAVE_MSG_NOSIGNAL 1
| #define HAVE_SYS_TYPES_H 1
| #define HAVE_UNISTD_H 1
| #define HAVE_ALARM 1
| #define HAVE_SYS_TYPES_H 1
| #define HAVE_STRINGS_H 1
| #define HAVE_SYS_TYPES_H 1
| #define HAVE_LIBGEN_H 1
| #define HAVE_BASENAME 1
| #define HAVE_SYS_TYPES_H 1
| #define HAVE_SYS_TYPES_H 1
| #define HAVE_SYS_SOCKET_H 1
| #define HAVE_SYS_TYPES_H 1
| #define HAVE_UNISTD_H 1
| #define HAVE_FCNTL_H 1
| #define HAVE_FCNTL 1
| #define HAVE_FCNTL_O_NONBLOCK 1
| #define HAVE_SYS_TYPES_H 1
| #define HAVE_NETDB_H 1
| #define HAVE_FREEADDRINFO 1
| #define HAVE_SYS_TYPES_H 1
| #define HAVE_SYS_XATTR_H 1
| #define HAVE_FSETXATTR 1
| #define HAVE_FSETXATTR_5 1
| #define HAVE_FTRUNCATE 1
| #define HAVE_SYS_TYPES_H 1
| #define HAVE_GETADDRINFO 1
| #define HAVE_GETADDRINFO_THREADSAFE 1
| #define HAVE_GETHOSTBYNAME 1
| #define HAVE_GETHOSTBYNAME_R 1
| #define HAVE_GETHOSTBYNAME_R_6 1
| #define GETHOSTNAME_TYPE_ARG2 size_t
| #define HAVE_GETHOSTNAME 1
| #define HAVE_GETPEERNAME 1
| #define HAVE_GETSOCKNAME 1
| #define HAVE_NET_IF_H 1
| #define HAVE_IF_NAMETOINDEX 1
| #define HAVE_SYS_TYPES_H 1
| #define HAVE_SYS_SOCKET_H 1
| #define HAVE_NETINET_IN_H 1
| #define HAVE_IFADDRS_H 1
| #define HAVE_GETIFADDRS 1
| #define HAVE_SYS_TYPES_H 1
| #define HAVE_SYS_TIME_H 1
| #define HAVE_GMTIME_R 1
| #define HAVE_SYS_TYPES_H 1
| #define HAVE_SYS_SOCKET_H 1
| #define HAVE_NETINET_IN_H 1
| #define HAVE_ARPA_INET_H 1
| #define HAVE_INET_NTOP 1
| #define HAVE_INET_PTON 1
| #define HAVE_SYS_TYPES_H 1
| #define HAVE_UNISTD_H 1
| #define HAVE_SYS_SOCKET_H 1
| #define HAVE_SYS_IOCTL_H 1
| #define HAVE_STROPTS_H 1
| #define HAVE_IOCTL 1
| #define HAVE_IOCTL_FIONBIO 1
| #define HAVE_IOCTL_SIOCGIFADDR 1
| #define HAVE_SYS_TYPES_H 1
| #define HAVE_POLL_H 1
| #define HAVE_SYS_POLL_H 1
| #define HAVE_POLL_FINE 1
| #define HAVE_SYS_TYPES_H 1
| #define HAVE_SIGACTION 1
| #define HAVE_SIGINTERRUPT 1
| #define HAVE_SIGNAL 1
| #define HAVE_SYS_TYPES_H 1
| #define HAVE_SIGSETJMP 1
| #define HAVE_SOCKET 1
| #define HAVE_SOCKETPAIR 1
| #define HAVE_STRCASECMP 1
| #define HAVE_STRDUP 1
| #define HAVE_STRERROR_R 1
| #define HAVE_POSIX_STRERROR_R 1
| #define HAVE_STRTOK_R 1
| #define HAVE_STRTOLL 1
| #define HAVE_DECL_GETPWUID_R 1
| #define HAVE_EVENTFD 1
| #define HAVE_FNMATCH 1
| #define HAVE_FSEEKO 1
| #define HAVE_GETEUID 1
| #define HAVE_GETPPID 1
| #define HAVE_GETPWUID 1
| #define HAVE_GETPWUID_R 1
| #define HAVE_GETRLIMIT 1
| #define HAVE_GETTIMEOFDAY 1
| #define HAVE_IF_NAMETOINDEX 1
| #define HAVE_PIPE 1
| #define HAVE_SCHED_YIELD 1
| #define HAVE_SENDMSG 1
| #define HAVE_SETLOCALE 1
| /* end confdefs.h.  */
| 
| #define setmode innocuous_setmode
| #ifdef __STDC__
| # include <limits.h>
| #else
| # include <assert.h>
| #endif
| #undef setmode
| #ifdef __cplusplus
| extern "C"
| #endif
| char setmode ();
| #if defined __stub_setmode || defined __stub___setmode
| choke me
| #endif
| 
| int main (void)
| {
| return setmode ();
|  ;
|  return 0;
| }
configure:44250: result: no
configure:44256: checking for setrlimit
configure:44256: x86_64-linux-musl-gcc -o conftest -Werror-implicit-function-declaration -O2 -Wno-system-headers  -I/home/michko/runepkg/runepkg/.forge_musl/deps/include  -L/home/michko/runepkg/runepkg/.forge_musl/deps/lib conftest.c -lz  >&5
configure:44256: $? = 0
configure:44256: result: yes
configure:44262: checking for snprintf
configure:44262: x86_64-linux-musl-gcc -o conftest -Werror-implicit-function-declaration -O2 -Wno-system-headers  -I/home/michko/runepkg/runepkg/.forge_musl/deps/include  -L/home/michko/runepkg/runepkg/.forge_musl/deps/lib conftest.c -lz  >&5
conftest.c:199:6: warning: conflicting types for built-in function 'snprintf'; expected 'int(char *, long unsigned int,  const char *, ...)' [-Wbuiltin-declaration-mismatch]
  199 | char snprintf ();
      |      ^~~~~~~~
conftest.c:192:1: note: 'snprintf' is declared in header '<stdio.h>'
  191 | # include <limits.h>
  192 | #else
configure:44262: $? = 0
configure:44262: result: yes
configure:44268: checking for utime
configure:44268: x86_64-linux-musl-gcc -o conftest -Werror-implicit-function-declaration -O2 -Wno-system-headers  -I/home/michko/runepkg/runepkg/.forge_musl/deps/include  -L/home/michko/runepkg/runepkg/.forge_musl/deps/lib conftest.c -lz  >&5
configure:44268: $? = 0
configure:44268: result: yes
configure:44274: checking for utimes
configure:44274: x86_64-linux-musl-gcc -o conftest -Werror-implicit-function-declaration -O2 -Wno-system-headers  -I/home/michko/runepkg/runepkg/.forge_musl/deps/include  -L/home/michko/runepkg/runepkg/.forge_musl/deps/lib conftest.c -lz  >&5
configure:44274: $? = 0
configure:44274: result: yes
configure:44282: checking whether fseeko is declared
configure:44282: x86_64-linux-musl-gcc -c -Werror-implicit-function-declaration -O2 -Wno-system-headers   -I/home/michko/runepkg/runepkg/.forge_musl/deps/include conftest.c >&5
configure:44282: $? = 0
configure:44282: result: yes
configure:44295: checking how to set a socket into non-blocking mode
configure:44308: result: fcntl O_NONBLOCK
configure:44319: checking for perl
configure:44343: found /usr/bin/perl
configure:44355: result: /usr/bin/perl
configure:44813: checking whether to enable the threaded resolver
configure:44830: result: yes
configure:44836: checking whether to link macOS CoreFoundation, CoreServices, and SystemConfiguration frameworks
configure:44882: result: no
configure:44889: checking whether to use POSIX threads for threaded resolver
configure:44906: result: auto
configure:44932: checking for pthread.h
configure:44932: x86_64-linux-musl-gcc -c -Werror-implicit-function-declaration -O2 -Wno-system-headers  -I/home/michko/runepkg/runepkg/.forge_musl/deps/include conftest.c >&5
configure:44932: $? = 0
configure:44932: result: yes
configure:44942: checking for pthread_create
configure:44942: x86_64-linux-musl-gcc -o conftest -Werror-implicit-function-declaration -O2 -Wno-system-headers  -I/home/michko/runepkg/runepkg/.forge_musl/deps/include  -L/home/michko/runepkg/runepkg/.forge_musl/deps/lib conftest.c  >&5
configure:44942: $? = 0
configure:44942: result: yes
configure:45050: checking for dirent.h
configure:45050: x86_64-linux-musl-gcc -c -Werror-implicit-function-declaration -O2 -Wno-system-headers  -I/home/michko/runepkg/runepkg/.forge_musl/deps/include conftest.c >&5
configure:45050: $? = 0
configure:45050: result: yes
configure:45056: checking for opendir
configure:45056: x86_64-linux-musl-gcc -o conftest -Werror-implicit-function-declaration -O2 -Wno-system-headers  -I/home/michko/runepkg/runepkg/.forge_musl/deps/include  -L/home/michko/runepkg/runepkg/.forge_musl/deps/lib conftest.c -lz  >&5
configure:45056: $? = 0
configure:45056: result: yes
configure:45070: checking convert -I options to -isystem
configure:45074: result: yes
configure:45112: checking whether to enable verbose strings
configure:45131: result: yes
configure:45137: checking whether to enable SSPI support (Windows native builds only)
configure:45177: result: no
configure:45184: checking whether to enable basic authentication method
configure:45203: result: yes
configure:45209: checking whether to enable bearer authentication method
configure:45228: result: yes
configure:45234: checking whether to enable digest authentication method
configure:45253: result: yes
configure:45259: checking whether to enable kerberos authentication method
configure:45278: result: yes
configure:45284: checking whether to enable negotiate authentication method
configure:45303: result: yes
configure:45310: checking whether to enable aws sig methods
configure:45329: result: yes
configure:45335: checking whether to support NTLM
configure:45354: result: yes
configure:45360: checking whether to enable TLS-SRP authentication
configure:45377: result: yes
configure:45392: checking whether to enable Unix domain sockets
configure:45409: result: auto
configure:45424: checking for struct sockaddr_un.sun_path
configure:45424: x86_64-linux-musl-gcc -c -Werror-implicit-function-declaration -O2 -Wno-system-headers -isystem /home/michko/runepkg/runepkg/.forge_musl/deps/include conftest.c >&5
configure:45424: $? = 0
configure:45424: result: yes
configure:45449: checking whether to support cookies
configure:45467: result: yes
configure:45473: checking whether to support socketpair
configure:45491: result: yes
configure:45497: checking whether to support HTTP authentication
configure:45515: result: yes
configure:45521: checking whether to support DoH
configure:45539: result: yes
configure:45545: checking whether to support the MIME API
configure:45563: result: yes
configure:45569: checking whether to support binding connections locally
configure:45587: result: yes
configure:45593: checking whether to support the form API
configure:45621: result: yes
configure:45628: checking whether to support date parsing
configure:45646: result: yes
configure:45652: checking whether to support netrc parsing
configure:45670: result: yes
configure:45676: checking whether to support progress-meter
configure:45694: result: yes
configure:45700: checking whether to support DNS shuffling
configure:45718: result: yes
configure:45724: checking whether to support curl_easy_option*
configure:45742: result: yes
configure:45748: checking whether to support alt-svc
configure:45768: result: yes
configure:45774: checking whether to support headers-api
configure:45793: result: yes
configure:45822: disables HSTS due to lack of SSL
configure:45919: checking whether to support WebSockets
configure:45951: result: no
configure:45959: checking whether hiding of library internal symbols will actually happen
configure:45970: result: yes
configure:46126: checking if this build supports HTTPS-proxy
configure:46146: result: no
configure:46616: checking that generated files are newer than configure
configure:46622: result: done
configure:46733: creating ./config.status

## ---------------------- ##
## Running config.status. ##
## ---------------------- ##

This file was extended by curl config.status -, which was
generated by GNU Autoconf 2.71.  Invocation command line was

  CONFIG_FILES    = 
  CONFIG_HEADERS  = 
  CONFIG_LINKS    = 
  CONFIG_COMMANDS = 
  $ ./config.status 

on zypherus

config.status:1475: creating Makefile
config.status:1475: creating docs/Makefile
config.status:1475: creating docs/examples/Makefile
config.status:1475: creating docs/libcurl/Makefile
config.status:1475: creating docs/libcurl/opts/Makefile
config.status:1475: creating docs/cmdline-opts/Makefile
config.status:1475: creating include/Makefile
config.status:1475: creating include/curl/Makefile
config.status:1475: creating src/Makefile
config.status:1475: creating lib/Makefile
config.status:1475: creating scripts/Makefile
config.status:1475: creating lib/libcurl.vers
config.status:1475: creating tests/Makefile
config.status:1475: creating tests/config
config.status:1475: creating tests/certs/Makefile
config.status:1475: creating tests/certs/scripts/Makefile
config.status:1475: creating tests/data/Makefile
config.status:1475: creating tests/server/Makefile
config.status:1475: creating tests/libtest/Makefile
config.status:1475: creating tests/unit/Makefile
config.status:1475: creating tests/http/config.ini
config.status:1475: creating tests/http/Makefile
config.status:1475: creating tests/http/clients/Makefile
config.status:1475: creating packages/Makefile
config.status:1475: creating packages/vms/Makefile
config.status:1475: creating curl-config
config.status:1475: creating libcurl.pc
config.status:1475: creating lib/curl_config.h
config.status:1704: executing depfiles commands
config.status:1779: cd docs/examples       && sed -e '/# am--include-marker/d' Makefile         | make -f - am--depfiles
make[1]: Entering directory '/home/michko/runepkg/runepkg/.forge_musl/build/curl-8.9.1/docs/examples'
make[1]: Leaving directory '/home/michko/runepkg/runepkg/.forge_musl/build/curl-8.9.1/docs/examples'
config.status:1786: $? = 0
config.status:1779: cd src       && sed -e '/# am--include-marker/d' Makefile         | make -f - am--depfiles
make[1]: Entering directory '/home/michko/runepkg/runepkg/.forge_musl/build/curl-8.9.1/src'
make[1]: Leaving directory '/home/michko/runepkg/runepkg/.forge_musl/build/curl-8.9.1/src'
config.status:1786: $? = 0
config.status:1779: cd lib       && sed -e '/# am--include-marker/d' Makefile         | make -f - am--depfiles
make[1]: Entering directory '/home/michko/runepkg/runepkg/.forge_musl/build/curl-8.9.1/lib'
make[1]: Leaving directory '/home/michko/runepkg/runepkg/.forge_musl/build/curl-8.9.1/lib'
config.status:1786: $? = 0
config.status:1779: cd tests/server       && sed -e '/# am--include-marker/d' Makefile         | make -f - am--depfiles
make[1]: Entering directory '/home/michko/runepkg/runepkg/.forge_musl/build/curl-8.9.1/tests/server'
make[1]: Leaving directory '/home/michko/runepkg/runepkg/.forge_musl/build/curl-8.9.1/tests/server'
config.status:1786: $? = 0
config.status:1779: cd tests/libtest       && sed -e '/# am--include-marker/d' Makefile         | make -f - am--depfiles
make[1]: Entering directory '/home/michko/runepkg/runepkg/.forge_musl/build/curl-8.9.1/tests/libtest'
make[1]: Leaving directory '/home/michko/runepkg/runepkg/.forge_musl/build/curl-8.9.1/tests/libtest'
config.status:1786: $? = 0
config.status:1779: cd tests/unit       && sed -e '/# am--include-marker/d' Makefile         | make -f - am--depfiles
make[1]: Entering directory '/home/michko/runepkg/runepkg/.forge_musl/build/curl-8.9.1/tests/unit'
make[1]: Leaving directory '/home/michko/runepkg/runepkg/.forge_musl/build/curl-8.9.1/tests/unit'
config.status:1786: $? = 0
config.status:1779: cd tests/http/clients       && sed -e '/# am--include-marker/d' Makefile         | make -f - am--depfiles
make[1]: Entering directory '/home/michko/runepkg/runepkg/.forge_musl/build/curl-8.9.1/tests/http/clients'
make[1]: Leaving directory '/home/michko/runepkg/runepkg/.forge_musl/build/curl-8.9.1/tests/http/clients'
config.status:1786: $? = 0
config.status:1704: executing libtool commands
configure:49153: Configured to build curl/libcurl:

  Host setup:       x86_64-pc-linux-musl
  Install prefix:   /home/michko/runepkg/runepkg/.forge_musl/deps
  Compiler:         x86_64-linux-musl-gcc
   CFLAGS:          -Werror-implicit-function-declaration -O2 -Wno-system-headers
   CFLAGS extras:   
   CPPFLAGS:        -isystem /home/michko/runepkg/runepkg/.forge_musl/deps/include
   LDFLAGS:         -L/home/michko/runepkg/runepkg/.forge_musl/deps/lib
   LIBS:            -lz

  curl version:     8.9.1
  SSL:              no      (--with-{openssl,gnutls,mbedtls,wolfssl,schannel,secure-transport,amissl,bearssl,rustls} )
  SSH:              no      (--with-{libssh,libssh2})
  zlib:             enabled
  brotli:           no      (--with-brotli)
  zstd:             no      (--with-zstd)
  GSS-API:          no      (--with-gssapi)
  GSASL:            no      (libgsasl not found)
  TLS-SRP:          no      (--enable-tls-srp)
  resolver:         POSIX threaded
  IPv6:             enabled
  Unix sockets:     enabled
  IDN:              no      (--with-{libidn2,winidn})
  Build docs:       enabled (--disable-docs)
  Build libcurl:    Shared=no, Static=yes
  Built-in manual:  enabled
  --libcurl option: enabled (--disable-libcurl-option)
  Verbose errors:   enabled (--disable-verbose)
  Code coverage:    disabled
  SSPI:             no      (--enable-sspi)
  ca cert bundle:   no
  ca cert path:     
  ca fallback:      
  LDAP:             no      (--enable-ldap / --with-ldap-lib / --with-lber-lib)
  LDAPS:            no      (--enable-ldaps)
  RTSP:             enabled
  RTMP:             no      (--with-librtmp)
  PSL:              no      (--with-libpsl)
  Alt-svc:          enabled (--disable-alt-svc)
  Headers API:      enabled (--disable-headers-api)
  HSTS:             no      (--enable-hsts)
  HTTP1:            enabled (internal)
  HTTP2:            no      (--with-nghttp2)
  HTTP3:            no      (--with-ngtcp2 --with-nghttp3, --with-quiche, --with-openssl-quic, --with-msh3)
  ECH:              no      (--enable-ech)
  WebSockets:       no      (--enable-websockets)
  Protocols:        dict file ftp gopher http imap ipfs ipns mqtt pop3 rtsp smtp telnet tftp
  Features:         alt-svc AsynchDNS IPv6 Largefile libz threadsafe UnixSockets


## ---------------- ##
## Cache variables. ##
## ---------------- ##

ac_cv_build=x86_64-pc-linux-musl
ac_cv_c_compiler_gnu=yes
ac_cv_c_const=yes
ac_cv_c_undeclared_builtin_options='none needed'
ac_cv_env_CC_set=set
ac_cv_env_CC_value=x86_64-linux-musl-gcc
ac_cv_env_CFLAGS_set=
ac_cv_env_CFLAGS_value=
ac_cv_env_CPPFLAGS_set=
ac_cv_env_CPPFLAGS_value=
ac_cv_env_CPP_set=
ac_cv_env_CPP_value=
ac_cv_env_LDFLAGS_set=
ac_cv_env_LDFLAGS_value=
ac_cv_env_LIBS_set=
ac_cv_env_LIBS_value=
ac_cv_env_LT_SYS_LIBRARY_PATH_set=
ac_cv_env_LT_SYS_LIBRARY_PATH_value=
ac_cv_env_build_alias_set=
ac_cv_env_build_alias_value=
ac_cv_env_host_alias_set=set
ac_cv_env_host_alias_value=x86_64-linux-musl
ac_cv_env_target_alias_set=
ac_cv_env_target_alias_value=
ac_cv_func__fseeki64=no
ac_cv_func_arc4random=no
ac_cv_func_eventfd=yes
ac_cv_func_fnmatch=yes
ac_cv_func_fseeko=yes
ac_cv_func_geteuid=yes
ac_cv_func_gethostbyname=yes
ac_cv_func_getpass_r=no
ac_cv_func_getppid=yes
ac_cv_func_getpwuid=yes
ac_cv_func_getpwuid_r=yes
ac_cv_func_getrlimit=yes
ac_cv_func_gettimeofday=yes
ac_cv_func_if_nametoindex=yes
ac_cv_func_mach_absolute_time=no
ac_cv_func_opendir=yes
ac_cv_func_pipe=yes
ac_cv_func_pthread_create=yes
ac_cv_func_sched_yield=yes
ac_cv_func_sendmsg=yes
ac_cv_func_setlocale=yes
ac_cv_func_setmode=no
ac_cv_func_setrlimit=yes
ac_cv_func_snprintf=yes
ac_cv_func_utime=yes
ac_cv_func_utimes=yes
ac_cv_have_decl_fseeko=yes
ac_cv_have_decl_getpwuid_r=yes
ac_cv_header_arpa_inet_h=yes
ac_cv_header_brotli_decode_h=no
ac_cv_header_dirent_h=yes
ac_cv_header_dlfcn_h=yes
ac_cv_header_fcntl_h=yes
ac_cv_header_idn2_h=no
ac_cv_header_ifaddrs_h=yes
ac_cv_header_inttypes_h=yes
ac_cv_header_io_h=no
ac_cv_header_libgen_h=yes
ac_cv_header_linux_tcp_h=yes
ac_cv_header_locale_h=yes
ac_cv_header_net_if_h=yes
ac_cv_header_netdb_h=yes
ac_cv_header_netinet_in6_h=no
ac_cv_header_netinet_in_h=yes
ac_cv_header_netinet_tcp_h=yes
ac_cv_header_netinet_udp_h=yes
ac_cv_header_poll_h=yes
ac_cv_header_proto_bsdsocket_h=no
ac_cv_header_pthread_h=yes
ac_cv_header_pwd_h=yes
ac_cv_header_setjmp_h=yes
ac_cv_header_socket_h=no
ac_cv_header_stdatomic_h=yes
ac_cv_header_stdbool_h=yes
ac_cv_header_stdint_h=yes
ac_cv_header_stdio_h=yes
ac_cv_header_stdlib_h=yes
ac_cv_header_string_h=yes
ac_cv_header_strings_h=yes
ac_cv_header_stropts_h=yes
ac_cv_header_sys_eventfd_h=yes
ac_cv_header_sys_filio_h=no
ac_cv_header_sys_ioctl_h=yes
ac_cv_header_sys_param_h=yes
ac_cv_header_sys_poll_h=yes
ac_cv_header_sys_resource_h=yes
ac_cv_header_sys_select_h=yes
ac_cv_header_sys_socket_h=yes
ac_cv_header_sys_sockio_h=no
ac_cv_header_sys_stat_h=yes
ac_cv_header_sys_time_h=yes
ac_cv_header_sys_types_h=yes
ac_cv_header_sys_un_h=yes
ac_cv_header_sys_utime_h=no
ac_cv_header_sys_wait_h=yes
ac_cv_header_sys_xattr_h=yes
ac_cv_header_termio_h=no
ac_cv_header_termios_h=yes
ac_cv_header_unistd_h=yes
ac_cv_header_utime_h=yes
ac_cv_header_zlib_h=yes
ac_cv_header_zstd_h=no
ac_cv_host=x86_64-pc-linux-musl
ac_cv_lib_brotlidec_BrotliDecoderDecompress=no
ac_cv_lib_nghttp2_nghttp2_session_get_stream_local_window_size=no
ac_cv_lib_rtmp_RTMP_Init=no
ac_cv_lib_z_gzread=yes
ac_cv_lib_zstd_ZSTD_createDStream=no
ac_cv_member_struct_sockaddr_un_sun_path=yes
ac_cv_objext=o
ac_cv_path_CADDY=/usr/bin/caddy
ac_cv_path_EGREP='/usr/bin/grep -E'
ac_cv_path_FGREP='/usr/bin/grep -F'
ac_cv_path_GREP=/usr/bin/grep
ac_cv_path_PERL=/usr/bin/perl
ac_cv_path_PKGCONFIG=/usr/bin/pkg-config
ac_cv_path_SED=/usr/bin/sed
ac_cv_path_ac_pt_PKGCONFIG=/usr/bin/pkg-config
ac_cv_path_install='/usr/bin/install -c'
ac_cv_path_lt_DD=/usr/bin/dd
ac_cv_path_mkdir=/usr/bin/mkdir
ac_cv_prog_AR=x86_64-linux-musl-ar
ac_cv_prog_AWK=gawk
ac_cv_prog_CC=x86_64-linux-musl-gcc
ac_cv_prog_CPP='x86_64-linux-musl-gcc -E'
ac_cv_prog_OBJDUMP=x86_64-linux-musl-objdump
ac_cv_prog_RANLIB=x86_64-linux-musl-ranlib
ac_cv_prog_STRIP=x86_64-linux-musl-strip
ac_cv_prog_ac_ct_FILECMD=file
ac_cv_prog_ac_ct_MANIFEST_TOOL=mt
ac_cv_prog_cc_c11=
ac_cv_prog_cc_g=yes
ac_cv_prog_cc_stdc=
ac_cv_prog_make_make_set=yes
ac_cv_search_gsasl_init=no
ac_cv_sizeof_curl_off_t=8
ac_cv_sizeof_curl_socket_t=4
ac_cv_sizeof_int=4
ac_cv_sizeof_long=8
ac_cv_sizeof_off_t=8
ac_cv_sizeof_size_t=8
ac_cv_sizeof_time_t=8
ac_cv_sys_file_offset_bits=no
ac_cv_sys_largefile_CC=no
ac_cv_type_bool=yes
ac_cv_type_in_addr_t=yes
ac_cv_type_long_long=yes
ac_cv_type_sa_family_t=yes
ac_cv_type_size_t=yes
ac_cv_type_ssize_t=yes
ac_cv_type_struct_sockaddr_storage=yes
ac_cv_type_suseconds_t=yes
am_cv_CC_dependencies_compiler_type=gcc3
am_cv_make_support_nested_variables=yes
am_cv_prog_cc_c_o=yes
curl_cv_def___GNUC__=11
curl_cv_func_alarm=yes
curl_cv_func_basename=yes
curl_cv_func_closesocket=no
curl_cv_func_closesocket_camel=no
curl_cv_func_fcntl=yes
curl_cv_func_fcntl_o_nonblock=yes
curl_cv_func_freeaddrinfo=yes
curl_cv_func_fsetxattr=yes
curl_cv_func_ftruncate=yes
curl_cv_func_getaddrinfo=yes
curl_cv_func_getaddrinfo_threadsafe=yes
curl_cv_func_gethostbyname=yes
curl_cv_func_gethostbyname_r=yes
curl_cv_func_gethostname=yes
curl_cv_func_getifaddrs=yes
curl_cv_func_getpeername=yes
curl_cv_func_getsockname=yes
curl_cv_func_gmtime_r=yes
curl_cv_func_if_nametoindex=yes
curl_cv_func_inet_ntop=yes
curl_cv_func_inet_pton=yes
curl_cv_func_ioctl=yes
curl_cv_func_ioctl_fionbio=yes
curl_cv_func_ioctl_siocgifaddr=yes
curl_cv_func_ioctlsocket=no
curl_cv_func_ioctlsocket_camel=no
curl_cv_func_memrchr=no
curl_cv_func_poll=yes
curl_cv_func_recv=yes
curl_cv_func_select=yes
curl_cv_func_send=yes
curl_cv_func_sigaction=yes
curl_cv_func_siginterrupt=yes
curl_cv_func_signal=yes
curl_cv_func_sigsetjmp=yes
curl_cv_func_socket=yes
curl_cv_func_socketpair=yes
curl_cv_func_strcasecmp=yes
curl_cv_func_strcmpi=no
curl_cv_func_strdup=yes
curl_cv_func_strerror_r=yes
curl_cv_func_stricmp=no
curl_cv_func_strtok_r=yes
curl_cv_func_strtoll=yes
curl_cv_gclk_LIBS=
curl_cv_have_def___DECC=no
curl_cv_have_def___DECC_VER=no
curl_cv_have_def___GNUC__=yes
curl_cv_have_def___HP_cc=no
curl_cv_have_def___IBMC__=no
curl_cv_have_def___INTEL_COMPILER=no
curl_cv_have_def___SUNPRO_C=no
curl_cv_have_def___TINYC__=no
curl_cv_have_def___clang__=no
curl_cv_have_def_h_errno=yes
curl_cv_msg_nosignal=yes
curl_cv_native_windows=no
curl_cv_recv=yes
curl_cv_save_LIBS=
curl_cv_select=yes
curl_cv_send=yes
curl_cv_struct_timeval=yes
curl_cv_writable_argv=yes
lt_cv_ar_at_file=@
lt_cv_deplibs_check_method=pass_all
lt_cv_file_magic_cmd='$MAGIC_CMD'
lt_cv_file_magic_test_file=
lt_cv_ld_reload_flag=-r
lt_cv_nm_interface='BSD nm'
lt_cv_objdir=.libs
lt_cv_path_LD=/home/michko/runepkg/runepkg/.forge_musl/toolchain/x86_64-linux-musl/bin/ld
lt_cv_path_NM='/home/michko/runepkg/runepkg/.forge_musl/toolchain/bin/x86_64-linux-musl-nm -B'
lt_cv_path_mainfest_tool=no
lt_cv_prog_compiler_c_o=yes
lt_cv_prog_compiler_c_o_RC=yes
lt_cv_prog_compiler_pic='-fPIC -DPIC'
lt_cv_prog_compiler_pic_works=yes
lt_cv_prog_compiler_rtti_exceptions=no
lt_cv_prog_compiler_static_works=yes
lt_cv_prog_gnu_ld=yes
lt_cv_sharedlib_from_linklib_cmd='printf %s\n'
lt_cv_shlibpath_overrides_runpath=no
lt_cv_sys_global_symbol_pipe='/usr/bin/sed -n -e '\''s/^.*[	 ]\([ABCDGIRSTW][ABCDGIRSTW]*\)[	 ][	 ]*\([_A-Za-z][_A-Za-z0-9]*\)$/\1 \2 \2/p'\'' | /usr/bin/sed '\''/ __gnu_lto/d'\'''
lt_cv_sys_global_symbol_to_c_name_address='/usr/bin/sed -n -e '\''s/^: \(.*\) .*$/  {"\1", (void *) 0},/p'\'' -e '\''s/^[ABCDGIRSTW][ABCDGIRSTW]* .* \(.*\)$/  {"\1", (void *) \&\1},/p'\'''
lt_cv_sys_global_symbol_to_c_name_address_lib_prefix='/usr/bin/sed -n -e '\''s/^: \(.*\) .*$/  {"\1", (void *) 0},/p'\'' -e '\''s/^[ABCDGIRSTW][ABCDGIRSTW]* .* \(lib.*\)$/  {"\1", (void *) \&\1},/p'\'' -e '\''s/^[ABCDGIRSTW][ABCDGIRSTW]* .* \(.*\)$/  {"lib\1", (void *) \&\1},/p'\'''
lt_cv_sys_global_symbol_to_cdecl='/usr/bin/sed -n -e '\''s/^T .* \(.*\)$/extern int \1();/p'\'' -e '\''s/^[ABCDGIRSTW][ABCDGIRSTW]* .* \(.*\)$/extern char \1;/p'\'''
lt_cv_sys_global_symbol_to_import=
lt_cv_sys_max_cmd_len=1572864
lt_cv_to_host_file_cmd=func_convert_file_noop
lt_cv_to_tool_file_cmd=func_convert_file_noop
lt_cv_truncate_bin='/usr/bin/dd bs=4096 count=1'

## ----------------- ##
## Output variables. ##
## ----------------- ##

ACLOCAL='${SHELL} '\''/home/michko/runepkg/runepkg/.forge_musl/build/curl-8.9.1/missing'\'' aclocal-1.16'
AMDEPBACKSLASH='\'
AMDEP_FALSE='#'
AMDEP_TRUE=''
AMTAR='$${TAR-tar}'
AM_BACKSLASH='\'
AM_DEFAULT_V='$(AM_DEFAULT_VERBOSITY)'
AM_DEFAULT_VERBOSITY='0'
AM_V='$(V)'
APACHECTL=''
APXS=''
AR='x86_64-linux-musl-ar'
AR_FLAGS='cr'
AS='as'
AUTOCONF='${SHELL} '\''/home/michko/runepkg/runepkg/.forge_musl/build/curl-8.9.1/missing'\'' autoconf'
AUTOHEADER='${SHELL} '\''/home/michko/runepkg/runepkg/.forge_musl/build/curl-8.9.1/missing'\'' autoheader'
AUTOMAKE='${SHELL} '\''/home/michko/runepkg/runepkg/.forge_musl/build/curl-8.9.1/missing'\'' automake-1.16'
AWK='gawk'
BLANK_AT_MAKETIME=''
BUILD_DOCS_FALSE='#'
BUILD_DOCS_TRUE=''
BUILD_LIBHOSTNAME_FALSE=''
BUILD_LIBHOSTNAME_TRUE='#'
BUILD_STUB_GSS_FALSE=''
BUILD_STUB_GSS_TRUE='#'
BUILD_UNITTESTS_FALSE=''
BUILD_UNITTESTS_TRUE='#'
CADDY='/usr/bin/caddy'
CC='x86_64-linux-musl-gcc'
CCDEPMODE='depmode=gcc3'
CFLAGS='-Werror-implicit-function-declaration -O2 -Wno-system-headers'
CFLAG_CURL_SYMBOL_HIDING='-fvisibility=hidden'
CONFIGURE_OPTIONS='" '\''--host=x86_64-linux-musl'\'' '\''--prefix=/home/michko/runepkg/runepkg/.forge_musl/deps'\'' '\''--enable-static'\'' '\''--disable-shared'\'' '\''--disable-ldap'\'' '\''--disable-ldaps'\'' '\''--with-zlib=/home/michko/runepkg/runepkg/.forge_musl/deps'\'' '\''--without-ssl'\'' '\''--without-libpsl'\'' '\''host_alias=x86_64-linux-musl'\'' '\''CC=x86_64-linux-musl-gcc'\''"'
CPP='x86_64-linux-musl-gcc -E'
CPPFLAGS='-isystem /home/michko/runepkg/runepkg/.forge_musl/deps/include'
CPPFLAG_CURL_STATICLIB='-DCURL_STATICLIB'
CROSSCOMPILING_FALSE=''
CROSSCOMPILING_TRUE='#'
CSCOPE='cscope'
CTAGS='ctags'
CURLVERSION='8.9.1'
CURL_CA_BUNDLE=''
CURL_CFLAG_EXTRAS=''
CURL_DISABLE_DICT=''
CURL_DISABLE_FILE=''
CURL_DISABLE_FTP=''
CURL_DISABLE_GOPHER=''
CURL_DISABLE_HTTP=''
CURL_DISABLE_IMAP=''
CURL_DISABLE_LDAP='1'
CURL_DISABLE_LDAPS='1'
CURL_DISABLE_MQTT=''
CURL_DISABLE_POP3=''
CURL_DISABLE_PROXY=''
CURL_DISABLE_RTSP=''
CURL_DISABLE_SMB=''
CURL_DISABLE_SMTP=''
CURL_DISABLE_TELNET=''
CURL_DISABLE_TFTP=''
CURL_LT_SHLIB_USE_MIMPURE_TEXT_FALSE=''
CURL_LT_SHLIB_USE_MIMPURE_TEXT_TRUE='#'
CURL_LT_SHLIB_USE_NO_UNDEFINED_FALSE=''
CURL_LT_SHLIB_USE_NO_UNDEFINED_TRUE='#'
CURL_LT_SHLIB_USE_VERSIONED_SYMBOLS_FALSE=''
CURL_LT_SHLIB_USE_VERSIONED_SYMBOLS_TRUE='#'
CURL_LT_SHLIB_USE_VERSION_INFO_FALSE='#'
CURL_LT_SHLIB_USE_VERSION_INFO_TRUE=''
CURL_LT_SHLIB_VERSIONED_FLAVOUR=''
CURL_NETWORK_AND_TIME_LIBS=''
CURL_NETWORK_LIBS=''
CURL_WITH_MULTI_SSL=''
CYGPATH_W='echo'
DEBUGBUILD_FALSE=''
DEBUGBUILD_TRUE='#'
DEFAULT_SSL_BACKEND='no'
DEFS='-DHAVE_CONFIG_H'
DEPDIR='.deps'
DLLTOOL='false'
DOING_CURL_SYMBOL_HIDING_FALSE='#'
DOING_CURL_SYMBOL_HIDING_TRUE=''
DOING_NATIVE_WINDOWS_FALSE=''
DOING_NATIVE_WINDOWS_TRUE='#'
DSYMUTIL=''
DUMPBIN=''
ECHO_C=''
ECHO_N='-n'
ECHO_T=''
EGREP='/usr/bin/grep -E'
ENABLE_SHARED='no'
ENABLE_STATIC='yes'
ETAGS='etags'
EXEEXT=''
FGREP='/usr/bin/grep -F'
FILECMD='file'
FISH_FUNCTIONS_DIR=''
GCOV=''
GREP='/usr/bin/grep'
HAVE_BROTLI=''
HAVE_GNUTLS_SRP=''
HAVE_LDAP_SSL=''
HAVE_LIBZ='1'
HAVE_LIBZ_FALSE='#'
HAVE_LIBZ_TRUE=''
HAVE_OPENSSL_QUIC=''
HAVE_OPENSSL_SRP=''
HAVE_PROTO_BSDSOCKET_H=''
HAVE_WINDRES_FALSE=''
HAVE_WINDRES_TRUE='#'
HAVE_ZSTD=''
HTTPD=''
HTTPD_NGHTTPX=''
IDN_ENABLED=''
INSTALL_DATA='${INSTALL} -m 644'
INSTALL_PROGRAM='${INSTALL}'
INSTALL_SCRIPT='${INSTALL}'
INSTALL_STRIP_PROGRAM='$(install_sh) -c -s'
IPV6_ENABLED='1'
LCOV=''
LD='/home/michko/runepkg/runepkg/.forge_musl/toolchain/x86_64-linux-musl/bin/ld -m elf_x86_64'
LDFLAGS='-L/home/michko/runepkg/runepkg/.forge_musl/deps/lib'
LIBCURL_LIBS='-lz'
LIBCURL_NO_SHARED='-lz '
LIBCURL_PC_REQUIRES='zlib'
LIBCURL_PC_REQUIRES_PRIVATE='zlib'
LIBOBJS=''
LIBS='-lz'
LIBTOOL='$(SHELL) $(top_builddir)/libtool'
LIPO=''
LN_S='ln -s'
LTLIBOBJS=''
LT_SYS_LIBRARY_PATH=''
MAINT='#'
MAINTAINER_MODE_FALSE=''
MAINTAINER_MODE_TRUE='#'
MAKEINFO='${SHELL} '\''/home/michko/runepkg/runepkg/.forge_musl/build/curl-8.9.1/missing'\'' makeinfo'
MANIFEST_TOOL=':'
MKDIR_P='/usr/bin/mkdir -p'
NM='/home/michko/runepkg/runepkg/.forge_musl/toolchain/bin/x86_64-linux-musl-nm -B'
NMEDIT=''
OBJDUMP='x86_64-linux-musl-objdump'
OBJEXT='o'
OTOOL64=''
OTOOL=''
PACKAGE='curl'
PACKAGE_BUGREPORT='a suitable curl mailing list: https://curl.se/mail/'
PACKAGE_NAME='curl'
PACKAGE_STRING='curl -'
PACKAGE_TARNAME='curl'
PACKAGE_URL=''
PACKAGE_VERSION='-'
PATH_SEPARATOR=':'
PERL='/usr/bin/perl'
PKGADD_NAME='curl - a client that groks URLs'
PKGADD_PKG='HAXXcurl'
PKGADD_VENDOR='curl.se'
PKGCONFIG='/usr/bin/pkg-config'
RANDOM_FILE=''
RANLIB='x86_64-linux-musl-ranlib'
RC=''
REQUIRE_LIB_DEPS='yes'
SED='/usr/bin/sed'
SET_MAKE=''
SHELL='/bin/sh'
SSL_BACKENDS=''
SSL_ENABLED=''
SSL_LIBS=''
STRIP='x86_64-linux-musl-strip'
SUPPORT_FEATURES='alt-svc AsynchDNS IPv6 Largefile libz threadsafe UnixSockets'
SUPPORT_PROTOCOLS='DICT FILE FTP GOPHER HTTP IMAP IPFS IPNS MQTT POP3 RTSP SMTP TELNET TFTP'
TEST_NGHTTPX='nghttpx'
USE_ARES=''
USE_BEARSSL=''
USE_CPPFLAG_CURL_STATICLIB_FALSE='#'
USE_CPPFLAG_CURL_STATICLIB_TRUE=''
USE_EXPLICIT_LIB_DEPS_FALSE='#'
USE_EXPLICIT_LIB_DEPS_TRUE=''
USE_FISH_COMPLETION_FALSE=''
USE_FISH_COMPLETION_TRUE='#'
USE_GNUTLS=''
USE_GSASL_FALSE=''
USE_GSASL_TRUE='#'
USE_HYPER=''
USE_LIBPSL=''
USE_LIBPSL_FALSE=''
USE_LIBPSL_TRUE='#'
USE_LIBRTMP=''
USE_LIBSSH2=''
USE_LIBSSH=''
USE_MANUAL_FALSE='#'
USE_MANUAL_TRUE=''
USE_MBEDTLS=''
USE_MSH3=''
USE_NGHTTP2=''
USE_NGHTTP3=''
USE_NGTCP2=''
USE_NGTCP2_CRYPTO_BORINGSSL=''
USE_NGTCP2_CRYPTO_GNUTLS=''
USE_NGTCP2_CRYPTO_QUICTLS=''
USE_NGTCP2_CRYPTO_WOLFSSL=''
USE_NGTCP2_H3=''
USE_OPENLDAP=''
USE_OPENSSL_H3=''
USE_OPENSSL_QUIC=''
USE_QUICHE=''
USE_RUSTLS=''
USE_SCHANNEL=''
USE_SECTRANSP=''
USE_UNIX_SOCKETS='1'
USE_WIN32_CRYPTO=''
USE_WIN32_LARGE_FILES=''
USE_WIN32_SMALL_FILES=''
USE_WINDOWS_SSPI=''
USE_WOLFSSH=''
USE_WOLFSSL=''
USE_ZSH_COMPLETION_FALSE=''
USE_ZSH_COMPLETION_TRUE='#'
VERSION='-'
VERSIONNUM='080901'
VSFTPD='/usr/sbin/vsftpd'
ZLIB_LIBS='-lz'
ZSH_FUNCTIONS_DIR=''
ac_ct_AR=''
ac_ct_CC=''
ac_ct_DUMPBIN=''
am__EXEEXT_FALSE=''
am__EXEEXT_TRUE='#'
am__fastdepCC_FALSE='#'
am__fastdepCC_TRUE=''
am__include='include'
am__isrc=''
am__leading_dot='.'
am__nodep='_no'
am__quote=''
am__tar='$${TAR-tar} chof - "$$tardir"'
am__untar='$${TAR-tar} xf -'
bindir='${exec_prefix}/bin'
build='x86_64-pc-linux-musl'
build_alias=''
build_cpu='x86_64'
build_os='linux-musl'
build_vendor='pc'
datadir='${datarootdir}'
datarootdir='${prefix}/share'
docdir='${datarootdir}/doc/${PACKAGE_TARNAME}'
dvidir='${docdir}'
exec_prefix='${prefix}'
host='x86_64-pc-linux-musl'
host_alias='x86_64-linux-musl'
host_cpu='x86_64'
host_os='linux-musl'
host_vendor='pc'
htmldir='${docdir}'
includedir='${prefix}/include'
infodir='${datarootdir}/info'
install_sh='${SHELL} /home/michko/runepkg/runepkg/.forge_musl/build/curl-8.9.1/install-sh'
libdir='${exec_prefix}/lib'
libexecdir='${exec_prefix}/libexec'
libext='a'
localedir='${datarootdir}/locale'
localstatedir='${prefix}/var'
mandir='${datarootdir}/man'
mkdir_p='$(MKDIR_P)'
oldincludedir='/usr/include'
pdfdir='${docdir}'
prefix='/home/michko/runepkg/runepkg/.forge_musl/deps'
program_transform_name='s,x,x,'
psdir='${docdir}'
runstatedir='${localstatedir}/run'
sbindir='${exec_prefix}/sbin'
sharedstatedir='${prefix}/com'
sysconfdir='${prefix}/etc'
target_alias=''

## ----------- ##
## confdefs.h. ##
## ----------- ##

/* confdefs.h */
#define PACKAGE_NAME "curl"
#define PACKAGE_TARNAME "curl"
#define PACKAGE_VERSION "-"
#define PACKAGE_STRING "curl -"
#define PACKAGE_BUGREPORT "a suitable curl mailing list: https://curl.se/mail/"
#define PACKAGE_URL ""
#define HAVE_STDIO_H 1
#define HAVE_STDLIB_H 1
#define HAVE_STRING_H 1
#define HAVE_INTTYPES_H 1
#define HAVE_STDINT_H 1
#define HAVE_STRINGS_H 1
#define HAVE_SYS_STAT_H 1
#define HAVE_SYS_TYPES_H 1
#define HAVE_UNISTD_H 1
#define STDC_HEADERS 1
#define HAVE_STDATOMIC_H 1
#define HAVE_ATOMIC 1
#define PACKAGE "curl"
#define VERSION "-"
#define OS "x86_64-pc-linux-musl"
#define HAVE_DLFCN_H 1
#define LT_OBJDIR ".libs/"
#define CURL_DISABLE_LDAP 1
#define CURL_DISABLE_LDAPS 1
#define HAVE_SYS_TYPES_H 1
#define HAVE_SYS_TIME_H 1
#define HAVE_CLOCK_GETTIME_MONOTONIC 1
#define HAVE_SYS_TYPES_H 1
#define HAVE_SYS_TIME_H 1
#define HAVE_CLOCK_GETTIME_MONOTONIC_RAW 1
#define HAVE_LIBZ 1
#define USE_IPV6 1
#define HAVE_SOCKADDR_IN6_SIN6_SCOPE_ID 1
#define HAVE_WRITABLE_ARGV 1
#define HAVE_SYS_TYPES_H 1
#define HAVE_SYS_TIME_H 1
#define HAVE_SYS_SELECT_H 1
#define HAVE_SYS_SOCKET_H 1
#define HAVE_SYS_IOCTL_H 1
#define HAVE_UNISTD_H 1
#define HAVE_STDLIB_H 1
#define HAVE_ARPA_INET_H 1
#define HAVE_NET_IF_H 1
#define HAVE_NETINET_IN_H 1
#define HAVE_SYS_UN_H 1
#define HAVE_LINUX_TCP_H 1
#define HAVE_NETINET_TCP_H 1
#define HAVE_NETINET_UDP_H 1
#define HAVE_NETDB_H 1
#define HAVE_SYS_STAT_H 1
#define HAVE_SYS_PARAM_H 1
#define HAVE_TERMIOS_H 1
#define HAVE_FCNTL_H 1
#define HAVE_PWD_H 1
#define HAVE_UTIME_H 1
#define HAVE_SYS_POLL_H 1
#define HAVE_POLL_H 1
#define HAVE_SYS_RESOURCE_H 1
#define HAVE_LIBGEN_H 1
#define HAVE_LOCALE_H 1
#define HAVE_STDBOOL_H 1
#define HAVE_SYS_WAIT_H 1
#define HAVE_SYS_EVENTFD_H 1
#define HAVE_SETJMP_H 1
#define HAVE_SYS_TYPES_H 1
#define HAVE_SYS_TIME_H 1
#define HAVE_SYS_SOCKET_H 1
#define HAVE_STRUCT_TIMEVAL 1
#define SIZEOF_SIZE_T 8
#define SIZEOF_LONG 8
#define SIZEOF_INT 4
#define SIZEOF_TIME_T 8
#define SIZEOF_OFF_T 8
#define SIZEOF_CURL_OFF_T 8
#define SIZEOF_CURL_SOCKET_T 4
#define HAVE_LONGLONG 1
#define HAVE_BOOL_T 1
#define CURL_SA_FAMILY_T sa_family_t
#define HAVE_SUSECONDS_T 1
#define HAVE_STRUCT_SOCKADDR_STORAGE 1
#define HAVE_SYS_SELECT_H 1
#define HAVE_SYS_SOCKET_H 1
#define HAVE_SELECT 1
#define HAVE_SYS_TYPES_H 1
#define HAVE_SYS_SOCKET_H 1
#define HAVE_RECV 1
#define HAVE_SYS_TYPES_H 1
#define HAVE_SYS_SOCKET_H 1
#define HAVE_SEND 1
#define HAVE_SYS_TYPES_H 1
#define HAVE_SYS_SOCKET_H 1
#define HAVE_MSG_NOSIGNAL 1
#define HAVE_SYS_TYPES_H 1
#define HAVE_UNISTD_H 1
#define HAVE_ALARM 1
#define HAVE_SYS_TYPES_H 1
#define HAVE_STRINGS_H 1
#define HAVE_SYS_TYPES_H 1
#define HAVE_LIBGEN_H 1
#define HAVE_BASENAME 1
#define HAVE_SYS_TYPES_H 1
#define HAVE_SYS_TYPES_H 1
#define HAVE_SYS_SOCKET_H 1
#define HAVE_SYS_TYPES_H 1
#define HAVE_UNISTD_H 1
#define HAVE_FCNTL_H 1
#define HAVE_FCNTL 1
#define HAVE_FCNTL_O_NONBLOCK 1
#define HAVE_SYS_TYPES_H 1
#define HAVE_NETDB_H 1
#define HAVE_FREEADDRINFO 1
#define HAVE_SYS_TYPES_H 1
#define HAVE_SYS_XATTR_H 1
#define HAVE_FSETXATTR 1
#define HAVE_FSETXATTR_5 1
#define HAVE_FTRUNCATE 1
#define HAVE_SYS_TYPES_H 1
#define HAVE_GETADDRINFO 1
#define HAVE_GETADDRINFO_THREADSAFE 1
#define HAVE_GETHOSTBYNAME 1
#define HAVE_GETHOSTBYNAME_R 1
#define HAVE_GETHOSTBYNAME_R_6 1
#define GETHOSTNAME_TYPE_ARG2 size_t
#define HAVE_GETHOSTNAME 1
#define HAVE_GETPEERNAME 1
#define HAVE_GETSOCKNAME 1
#define HAVE_NET_IF_H 1
#define HAVE_IF_NAMETOINDEX 1
#define HAVE_SYS_TYPES_H 1
#define HAVE_SYS_SOCKET_H 1
#define HAVE_NETINET_IN_H 1
#define HAVE_IFADDRS_H 1
#define HAVE_GETIFADDRS 1
#define HAVE_SYS_TYPES_H 1
#define HAVE_SYS_TIME_H 1
#define HAVE_GMTIME_R 1
#define HAVE_SYS_TYPES_H 1
#define HAVE_SYS_SOCKET_H 1
#define HAVE_NETINET_IN_H 1
#define HAVE_ARPA_INET_H 1
#define HAVE_INET_NTOP 1
#define HAVE_INET_PTON 1
#define HAVE_SYS_TYPES_H 1
#define HAVE_UNISTD_H 1
#define HAVE_SYS_SOCKET_H 1
#define HAVE_SYS_IOCTL_H 1
#define HAVE_STROPTS_H 1
#define HAVE_IOCTL 1
#define HAVE_IOCTL_FIONBIO 1
#define HAVE_IOCTL_SIOCGIFADDR 1
#define HAVE_SYS_TYPES_H 1
#define HAVE_POLL_H 1
#define HAVE_SYS_POLL_H 1
#define HAVE_POLL_FINE 1
#define HAVE_SYS_TYPES_H 1
#define HAVE_SIGACTION 1
#define HAVE_SIGINTERRUPT 1
#define HAVE_SIGNAL 1
#define HAVE_SYS_TYPES_H 1
#define HAVE_SIGSETJMP 1
#define HAVE_SOCKET 1
#define HAVE_SOCKETPAIR 1
#define HAVE_STRCASECMP 1
#define HAVE_STRDUP 1
#define HAVE_STRERROR_R 1
#define HAVE_POSIX_STRERROR_R 1
#define HAVE_STRTOK_R 1
#define HAVE_STRTOLL 1
#define HAVE_DECL_GETPWUID_R 1
#define HAVE_EVENTFD 1
#define HAVE_FNMATCH 1
#define HAVE_FSEEKO 1
#define HAVE_GETEUID 1
#define HAVE_GETPPID 1
#define HAVE_GETPWUID 1
#define HAVE_GETPWUID_R 1
#define HAVE_GETRLIMIT 1
#define HAVE_GETTIMEOFDAY 1
#define HAVE_IF_NAMETOINDEX 1
#define HAVE_PIPE 1
#define HAVE_SCHED_YIELD 1
#define HAVE_SENDMSG 1
#define HAVE_SETLOCALE 1
#define HAVE_SETRLIMIT 1
#define HAVE_SNPRINTF 1
#define HAVE_UTIME 1
#define HAVE_UTIMES 1
#define HAVE_DECL_FSEEKO 1
#define USE_MANUAL 1
#define HAVE_PTHREAD_H 1
#define USE_THREADS_POSIX 1
#define HAVE_DIRENT_H 1
#define HAVE_OPENDIR 1
#define USE_UNIX_SOCKETS 1
#define CURL_DISABLE_HSTS 1
#define CURL_EXTERN_SYMBOL __attribute__ ((__visibility__ ("default")))

configure: exit 0
